KERNEL32.dll	AcquireSRWLockExclusive	no
KERNEL32.dll	AcquireSRWLockShared	no
KERNEL32.dll	AddVectoredContinueHandler	no
KERNEL32.dll	AddVectoredExceptionHandler	no
KERNEL32.dll	AllocConsole	no
KERNEL32.dll	AttachConsole	no
KERNEL32.dll	CallNamedPipeA	no
KERNEL32.dll	CancelIo	no
KERNEL32.dll	CancelSynchronousIo	no
KERNEL32.dll	ClearCommBreak	no
KERNEL32.dll	ClearCommError	no
KERNEL32.dll	CloseHandle	no
KERNEL32.dll	CompareStringEx	no
KERNEL32.dll	ConnectNamedPipe	no
KERNEL32.dll	CreateFileA	no
KERNEL32.dll	CreateFileW	no
KERNEL32.dll	CreateNamedPipeA	no
KERNEL32.dll	CreatePipe	no
KERNEL32.dll	CreateProcessW	no
KERNEL32.dll	CreateRemoteThread	no
KERNEL32.dll	CreateSymbolicLinkW	no
KERNEL32.dll	CreateTapePartition	no
KERNEL32.dll	CreateThread	no
KERNEL32.dll	DebugBreak	no
KERNEL32.dll	DeleteCriticalSection	no
KERNEL32.dll	DeleteProcThreadAttributeList	no
KERNEL32.dll	DeviceIoControl	no
KERNEL32.dll	DisconnectNamedPipe	no
KERNEL32.dll	DuplicateHandle	no
KERNEL32.dll	EnterCriticalSection	no
KERNEL32.dll	EnumSystemLocalesEx	no
KERNEL32.dll	EraseTape	no
KERNEL32.dll	EscapeCommFunction	no
KERNEL32.dll	ExitProcess	no
KERNEL32.dll	ExitThread	no
KERNEL32.dll	ExpandEnvironmentStringsW	no
KERNEL32.dll	FillConsoleOutputAttribute	no
KERNEL32.dll	FillConsoleOutputCharacterW	no
KERNEL32.dll	FindFirstVolumeW	no
KERNEL32.dll	FindNextVolumeW	no
KERNEL32.dll	FindVolumeClose	no
KERNEL32.dll	FlushConsoleInputBuffer	no
KERNEL32.dll	FlushFileBuffers	no
KERNEL32.dll	FlushViewOfFile	no
KERNEL32.dll	FoldStringW	no
KERNEL32.dll	FreeConsole	no
KERNEL32.dll	FreeEnvironmentStringsW	no
KERNEL32.dll	FreeLibrary	no
KERNEL32.dll	GenerateConsoleCtrlEvent	no
KERNEL32.dll	GetBinaryTypeW	no
KERNEL32.dll	GetCommModemStatus	no
KERNEL32.dll	GetCommState	no
KERNEL32.dll	GetCommandLineW	no
KERNEL32.dll	GetConsoleCP	no
KERNEL32.dll	GetConsoleCursorInfo	no
KERNEL32.dll	GetConsoleMode	no
KERNEL32.dll	GetConsoleOutputCP	no
KERNEL32.dll	GetConsoleProcessList	no
KERNEL32.dll	GetConsoleScreenBufferInfo	no
KERNEL32.dll	GetConsoleWindow	no
KERNEL32.dll	GetCurrentConsoleFontEx	no
KERNEL32.dll	GetCurrentProcess	no
KERNEL32.dll	GetCurrentProcessId	no
KERNEL32.dll	GetCurrentProcessorNumberEx	no
KERNEL32.dll	GetCurrentThread	no
KERNEL32.dll	GetCurrentThreadId	no
KERNEL32.dll	GetEnvironmentStringsW	no
KERNEL32.dll	GetEnvironmentVariableA	no
KERNEL32.dll	GetEnvironmentVariableW	no
KERNEL32.dll	GetExitCodeProcess	no
KERNEL32.dll	GetFileAttributesA	no
KERNEL32.dll	GetFileSize	no
KERNEL32.dll	GetFileSizeEx	no
KERNEL32.dll	GetFileType	no
KERNEL32.dll	GetFinalPathNameByHandleW	no
KERNEL32.dll	GetHandleInformation	no
KERNEL32.dll	GetLastError	no
KERNEL32.dll	GetLocaleInfoEx	no
KERNEL32.dll	GetLogicalDriveStringsA	no
KERNEL32.dll	GetLogicalDriveStringsW	no
KERNEL32.dll	GetLogicalProcessorInformationEx	no
KERNEL32.dll	GetModuleFileNameW	no
KERNEL32.dll	GetModuleHandleA	no
KERNEL32.dll	GetModuleHandleExA	no
KERNEL32.dll	GetModuleHandleExW	no
KERNEL32.dll	GetNamedPipeClientProcessId	no
KERNEL32.dll	GetNumberOfConsoleInputEvents	no
KERNEL32.dll	GetOverlappedResult	no
KERNEL32.dll	GetPriorityClass	no
KERNEL32.dll	GetProcAddress	no
KERNEL32.dll	GetProcessAffinityMask	no
KERNEL32.dll	GetProcessGroupAffinity	no
KERNEL32.dll	GetProcessHeap	no
KERNEL32.dll	GetProcessId	no
KERNEL32.dll	GetProcessWorkingSetSize	no
KERNEL32.dll	GetStartupInfoA	no
KERNEL32.dll	GetStdHandle	no
KERNEL32.dll	GetSystemDirectoryW	no
KERNEL32.dll	GetSystemInfo	no
KERNEL32.dll	GetSystemTimeAsFileTime	no
KERNEL32.dll	GetSystemTimePreciseAsFileTime	no
KERNEL32.dll	GetSystemWindowsDirectoryW	no
KERNEL32.dll	GetTapeParameters	no
KERNEL32.dll	GetTapePosition	no
KERNEL32.dll	GetTapeStatus	no
KERNEL32.dll	GetTempPathW	no
KERNEL32.dll	GetThreadContext	no
KERNEL32.dll	GetThreadGroupAffinity	no
KERNEL32.dll	GetThreadId	no
KERNEL32.dll	GetThreadPriority	no
KERNEL32.dll	GetTickCount	no
KERNEL32.dll	GetTickCount64	no
KERNEL32.dll	GetTimeZoneInformation	no
KERNEL32.dll	GetVolumeNameForVolumeMountPointW	no
KERNEL32.dll	GetVolumePathNamesForVolumeNameW	no
KERNEL32.dll	GlobalAlloc	no
KERNEL32.dll	GlobalLock	no
KERNEL32.dll	GlobalMemoryStatusEx	no
KERNEL32.dll	GlobalSize	no
KERNEL32.dll	GlobalUnlock	no
KERNEL32.dll	HeapAlloc	no
KERNEL32.dll	HeapCreate	no
KERNEL32.dll	HeapDestroy	no
KERNEL32.dll	HeapFree	no
KERNEL32.dll	IdnToAscii	no
KERNEL32.dll	IdnToUnicode	no
KERNEL32.dll	InitializeCriticalSection	no
KERNEL32.dll	InitializeProcThreadAttributeList	no
KERNEL32.dll	IsDebuggerPresent	no
KERNEL32.dll	IsProcessInJob	no
KERNEL32.dll	K32EnumProcessModules	no
KERNEL32.dll	K32GetModuleInformation	no
KERNEL32.dll	LCMapStringEx	no
KERNEL32.dll	LeaveCriticalSection	no
KERNEL32.dll	LoadLibraryExA	no
KERNEL32.dll	LoadLibraryExW	no
KERNEL32.dll	LoadLibraryW	no
KERNEL32.dll	LocalFree	no
KERNEL32.dll	MapViewOfFile	no
KERNEL32.dll	MapViewOfFileEx	no
KERNEL32.dll	MultiByteToWideChar	no
KERNEL32.dll	OpenProcess	no
KERNEL32.dll	OpenThread	no
KERNEL32.dll	OutputDebugStringA	no
KERNEL32.dll	PeekConsoleInputA	no
KERNEL32.dll	PeekConsoleInputW	no
KERNEL32.dll	PeekNamedPipe	no
KERNEL32.dll	PrefetchVirtualMemory	no
KERNEL32.dll	PrepareTape	no
KERNEL32.dll	PurgeComm	no
KERNEL32.dll	QueryDosDeviceW	no
KERNEL32.dll	QueryInformationJobObject	no
KERNEL32.dll	QueryPerformanceCounter	no
KERNEL32.dll	QueryPerformanceFrequency	no
KERNEL32.dll	QueryUnbiasedInterruptTime	no
KERNEL32.dll	QueueUserAPC	no
KERNEL32.dll	RaiseException	no
KERNEL32.dll	ReadConsoleInputA	no
KERNEL32.dll	ReadConsoleInputW	no
KERNEL32.dll	ReadConsoleOutputW	no
KERNEL32.dll	ReadFile	no
KERNEL32.dll	ReadProcessMemory	no
KERNEL32.dll	ReleaseMutex	no
KERNEL32.dll	ReleaseSRWLockExclusive	no
KERNEL32.dll	ReleaseSRWLockShared	no
KERNEL32.dll	ReleaseSemaphore	no
KERNEL32.dll	RemoveVectoredExceptionHandler	no
KERNEL32.dll	ResetEvent	no
KERNEL32.dll	ResolveLocaleName	no
KERNEL32.dll	ResumeThread	no
KERNEL32.dll	RtlCaptureContext	no
KERNEL32.dll	RtlLookupFunctionEntry	no
KERNEL32.dll	RtlRestoreContext	no
KERNEL32.dll	RtlUnwindEx	no
KERNEL32.dll	RtlVirtualUnwind	no
KERNEL32.dll	ScrollConsoleScreenBufferA	no
KERNEL32.dll	ScrollConsoleScreenBufferW	no
KERNEL32.dll	SetCommBreak	no
KERNEL32.dll	SetCommMask	no
KERNEL32.dll	SetCommState	no
KERNEL32.dll	SetCommTimeouts	no
KERNEL32.dll	SetComputerNameExW	no
KERNEL32.dll	SetConsoleCP	no
KERNEL32.dll	SetConsoleCtrlHandler	no
KERNEL32.dll	SetConsoleCursorInfo	no
KERNEL32.dll	SetConsoleCursorPosition	no
KERNEL32.dll	SetConsoleMode	no
KERNEL32.dll	SetConsoleOutputCP	no
KERNEL32.dll	SetConsoleTextAttribute	no
KERNEL32.dll	SetConsoleTitleW	no
KERNEL32.dll	SetConsoleWindowInfo	no
KERNEL32.dll	SetEnvironmentVariableW	no
KERNEL32.dll	SetErrorMode	no
KERNEL32.dll	SetEvent	no
KERNEL32.dll	SetFilePointerEx	no
KERNEL32.dll	SetHandleInformation	no
KERNEL32.dll	SetLastError	no
KERNEL32.dll	SetNamedPipeHandleState	no
KERNEL32.dll	SetPriorityClass	no
KERNEL32.dll	SetProcessAffinityMask	no
KERNEL32.dll	SetProcessWorkingSetSize	no
KERNEL32.dll	SetStdHandle	no
KERNEL32.dll	SetSystemTime	no
KERNEL32.dll	SetTapeParameters	no
KERNEL32.dll	SetTapePosition	no
KERNEL32.dll	SetThreadContext	no
KERNEL32.dll	SetThreadGroupAffinity	no
KERNEL32.dll	SetThreadPriority	no
KERNEL32.dll	SetThreadStackGuarantee	no
KERNEL32.dll	Sleep	no
KERNEL32.dll	SuspendThread	no
KERNEL32.dll	SwitchToThread	no
KERNEL32.dll	TerminateProcess	no
KERNEL32.dll	TerminateThread	no
KERNEL32.dll	TlsAlloc	no
KERNEL32.dll	TlsFree	no
KERNEL32.dll	TlsGetValue	no
KERNEL32.dll	TlsSetValue	no
KERNEL32.dll	TransmitCommChar	no
KERNEL32.dll	UnmapViewOfFile	no
KERNEL32.dll	UpdateProcThreadAttribute	no
KERNEL32.dll	VirtualAlloc	no
KERNEL32.dll	VirtualFree	no
KERNEL32.dll	VirtualProtect	no
KERNEL32.dll	VirtualProtectEx	no
KERNEL32.dll	VirtualQuery	no
KERNEL32.dll	VirtualQueryEx	no
KERNEL32.dll	WaitCommEvent	no
KERNEL32.dll	WaitForMultipleObjects	no
KERNEL32.dll	WaitForSingleObject	no
KERNEL32.dll	WaitNamedPipeW	no
KERNEL32.dll	WideCharToMultiByte	no
KERNEL32.dll	WriteConsoleInputW	no
KERNEL32.dll	WriteConsoleOutputW	no
KERNEL32.dll	WriteConsoleW	no
KERNEL32.dll	WriteFile	no
KERNEL32.dll	WriteProcessMemory	no
KERNEL32.dll	WriteTapemark	no
ntdll.dll	NtAccessCheck	no
ntdll.dll	NtAdjustPrivilegesToken	no
ntdll.dll	NtAllocateLocallyUniqueId	no
ntdll.dll	NtAssignProcessToJobObject	no
ntdll.dll	NtCancelTimer	no
ntdll.dll	NtClose	no
ntdll.dll	NtCommitTransaction	no
ntdll.dll	NtCreateDirectoryObject	no
ntdll.dll	NtCreateEvent	no
ntdll.dll	NtCreateFile	no
ntdll.dll	NtCreateJobObject	no
ntdll.dll	NtCreateKey	no
ntdll.dll	NtCreateMutant	no
ntdll.dll	NtCreateNamedPipeFile	no
ntdll.dll	NtCreateSection	no
ntdll.dll	NtCreateSemaphore	no
ntdll.dll	NtCreateSymbolicLinkObject	no
ntdll.dll	NtCreateTimer	no
ntdll.dll	NtCreateTransaction	no
ntdll.dll	NtDuplicateToken	no
ntdll.dll	NtFlushBuffersFile	no
ntdll.dll	NtFsControlFile	no
ntdll.dll	NtLockFile	no
ntdll.dll	NtLockVirtualMemory	no
ntdll.dll	NtMapViewOfSection	no
ntdll.dll	NtOpenDirectoryObject	no
ntdll.dll	NtOpenEvent	no
ntdll.dll	NtOpenFile	no
ntdll.dll	NtOpenJobObject	no
ntdll.dll	NtOpenKey	no
ntdll.dll	NtOpenMutant	no
ntdll.dll	NtOpenProcessToken	no
ntdll.dll	NtOpenSection	no
ntdll.dll	NtOpenSemaphore	no
ntdll.dll	NtOpenSymbolicLinkObject	no
ntdll.dll	NtOpenThreadToken	no
ntdll.dll	NtPrivilegeCheck	no
ntdll.dll	NtQueryAttributesFile	no
ntdll.dll	NtQueryDirectoryFile	no
ntdll.dll	NtQueryDirectoryObject	no
ntdll.dll	NtQueryEaFile	no
ntdll.dll	NtQueryEvent	no
ntdll.dll	NtQueryInformationFile	no
ntdll.dll	NtQueryInformationJobObject	no
ntdll.dll	NtQueryInformationProcess	no
ntdll.dll	NtQueryInformationThread	no
ntdll.dll	NtQueryInformationToken	no
ntdll.dll	NtQueryObject	no
ntdll.dll	NtQueryQuotaInformationFile	no
ntdll.dll	NtQuerySecurityObject	no
ntdll.dll	NtQuerySemaphore	no
ntdll.dll	NtQuerySymbolicLinkObject	no
ntdll.dll	NtQuerySystemInformation	no
ntdll.dll	NtQuerySystemTime	no
ntdll.dll	NtQueryTimer	no
ntdll.dll	NtQueryTimerResolution	no
ntdll.dll	NtQueryValueKey	no
ntdll.dll	NtQueryVirtualMemory	no
ntdll.dll	NtQueryVolumeInformationFile	no
ntdll.dll	NtReadFile	no
ntdll.dll	NtRollbackTransaction	no
ntdll.dll	NtSetEaFile	no
ntdll.dll	NtSetEvent	no
ntdll.dll	NtSetInformationFile	no
ntdll.dll	NtSetInformationJobObject	no
ntdll.dll	NtSetInformationThread	no
ntdll.dll	NtSetInformationToken	no
ntdll.dll	NtSetQuotaInformationFile	no
ntdll.dll	NtSetSecurityObject	no
ntdll.dll	NtSetTimer	no
ntdll.dll	NtSetValueKey	no
ntdll.dll	NtSetVolumeInformationFile	no
ntdll.dll	NtUnlockFile	no
ntdll.dll	NtUnlockVirtualMemory	no
ntdll.dll	NtUnmapViewOfSection	no
ntdll.dll	NtWaitForSingleObject	no
ntdll.dll	NtWriteFile	no
ntdll.dll	RtlAbsoluteToSelfRelativeSD	no
ntdll.dll	RtlAddAccessAllowedAce	no
ntdll.dll	RtlAddAccessAllowedAceEx	no
ntdll.dll	RtlAddAccessDeniedAceEx	no
ntdll.dll	RtlAllocateHeap	no
ntdll.dll	RtlAppendUnicodeStringToString	no
ntdll.dll	RtlAppendUnicodeToString	no
ntdll.dll	RtlCheckRegistryKey	no
ntdll.dll	RtlCompareUnicodeString	no
ntdll.dll	RtlConvertSidToUnicodeString	no
ntdll.dll	RtlCopySid	no
ntdll.dll	RtlCopyUnicodeString	no
ntdll.dll	RtlCreateAcl	no
ntdll.dll	RtlCreateQueryDebugBuffer	no
ntdll.dll	RtlCreateSecurityDescriptor	no
ntdll.dll	RtlDestroyQueryDebugBuffer	no
ntdll.dll	RtlDowncaseUnicodeString	no
ntdll.dll	RtlEnterCriticalSection	no
ntdll.dll	RtlEqualPrefixSid	no
ntdll.dll	RtlEqualSid	no
ntdll.dll	RtlEqualUnicodeString	no
ntdll.dll	RtlFirstFreeAce	no
ntdll.dll	RtlFreeHeap	no
ntdll.dll	RtlFreeUnicodeString	no
ntdll.dll	RtlGetAce	no
ntdll.dll	RtlGetControlSecurityDescriptor	no
ntdll.dll	RtlGetCurrentTransaction	no
ntdll.dll	RtlGetDaclSecurityDescriptor	no
ntdll.dll	RtlGetGroupSecurityDescriptor	no
ntdll.dll	RtlGetNtVersionNumbers	no
ntdll.dll	RtlGetOwnerSecurityDescriptor	no
ntdll.dll	RtlGetVersion	no
ntdll.dll	RtlIdentifierAuthoritySid	no
ntdll.dll	RtlInitAnsiString	no
ntdll.dll	RtlInitUnicodeString	no
ntdll.dll	RtlInitializeSid	no
ntdll.dll	RtlLeaveCriticalSection	no
ntdll.dll	RtlLengthSid	no
ntdll.dll	RtlNtStatusToDosError	no
ntdll.dll	RtlPrefixUnicodeString	no
ntdll.dll	RtlQueryProcessDebugInformation	no
ntdll.dll	RtlQueryRegistryValues	no
ntdll.dll	RtlSetControlSecurityDescriptor	no
ntdll.dll	RtlSetCurrentDirectory_U	no
ntdll.dll	RtlSetCurrentTransaction	no
ntdll.dll	RtlSetDaclSecurityDescriptor	no
ntdll.dll	RtlSetGroupSecurityDescriptor	no
ntdll.dll	RtlSetOwnerSecurityDescriptor	no
ntdll.dll	RtlSubAuthorityCountSid	no
ntdll.dll	RtlSubAuthoritySid	no
ntdll.dll	RtlUnicodeStringToAnsiString	no
ntdll.dll	RtlUpcaseUnicodeChar	no
ntdll.dll	RtlUpcaseUnicodeString	no
ntdll.dll	RtlWaitOnAddress	no
ntdll.dll	RtlWakeAddressSingle	no
