# The el8 packages this spike reads, pinned by checksum.
#
# glibc is the interesting one: it is where the loader, the ABI-tag note and
# the SONAME all live, and it is the only package in the set whose objects
# carry GNU extensions. rpm and rpm-build are here for two reasons at once --
# they supply a sample of ordinary vendor binaries that glibc's own objects
# are not representative of, and rpm-build is where the elfdeps question is
# settled.
#
# repo is under https://dl.rockylinux.org/pub/rocky/8.10
#
# repo	location	sha256
BaseOS/x86_64/os	Packages/g/glibc-2.28-251.el8_10.40.x86_64.rpm	f9ee0ed8611d1b4421ac5f9b377ac238377e47466aaaf075822b2d811f01bbdf
BaseOS/x86_64/os	Packages/r/rpm-4.14.3-32.el8_10.x86_64.rpm	3de59eb2a2850cf2c39d5940fb285cf7927941cb98e5e2cd623b425b367b1b98
AppStream/x86_64/os	Packages/r/rpm-build-4.14.3-32.el8_10.x86_64.rpm	f6c6d6bea47cd59f61a691d26d6e71cf8b6dd17eaccc5617ff227dedc6d7b048
