a.out.h	41ffe30ad4616b3ec65b39ec070eda13d1574b77ac8377778ed7bf6ec3cd115e
aio.h	ea24dba9a8f61d4bb7680b8255a09eb26c05572263f6c909abc1e95d5786f05f
aliases.h	c6d6a7e3f1b6677d8ba449d5e43894ac52eb4e0df8c9a252e6024de355b4ebaa
alloca.h	d0e96c832aa91c543cb52889c907e4bd0a4a37c94f504ffe7438af5643d69f65
ar.h	b1baf7c4f8efd4ea6a7823be02f2586f002308ac94675ff0c18220c6af145b45
argp.h	c7b957075a013a99eadd4ef3e48a45a235fd65ad64fee4db38996f62b6d91fc9
argz.h	8066f75f8654a3582f149d9bc61468afc5e92c9a4e797224e00add881027114a
arpa/ftp.h	e2b96194209f5c7c8daae16bc71f713bff36ba76759e676c711cd3cac664424e
arpa/inet.h	cd26edec90f957f2f3f2d0dbe968ce1ebe57bfcf4421321cdaefec507f5e5607
arpa/nameser.h	08b2c5fedfd94fb82cca224ce708fdb96647995d5b39249c1cc7a3dc49ba2112
arpa/nameser_compat.h	48d0c63b661387d75e25d86a2f642c998b2f211803ed6139e213d2824b90d146
arpa/telnet.h	cc79c73a94f4fcbabc71cda74c0fe8e159f6b2a5d1319378511e9036fde9eee0
arpa/tftp.h	61609794cfb342b22948ac530c65f3ac6057184e8b7f567bb4f3355b457c1e31
assert.h	9a173250544d9b3e75b09eb1c7d11526f866a9f00888515fc102a302e1dc7366
bits/a.out.h	ccf308c9f51c6d713d07b5c68b76cb0a690908d5dc96e9f9adbc139061ddb05c
bits/byteswap.h	60626f0a5ad299af1fca1a7d83a8577056de54f797c341f20bb18dcafec9aac0
bits/cmathcalls.h	93b2510df8d3f2571357f8981535f8abd2407db4ef4fb1ca8153ea1821e7e641
bits/confname.h	9125a31be826c2e9c86cc51b863ace9c8a3d2be853b4fa77f092ed1ea722f886
bits/cpu-set.h	b790d74a463f1e6c40ca7407a61db53694bf5a4a756d1889c0acdb1819d99bea
bits/dirent.h	384bf827f0134aa379efc22cd803774defb6d20ca315ae94d6507f47f6b9c1dc
bits/dlfcn.h	b2fe107dae40ca49f880edb029f8adb6b7ccd570bbca8b40932838d245cb55eb
bits/elfclass.h	4de87067abd0016835a83633b715abc06c1beb7c10199626592077ffb6c27746
bits/endian.h	2c028a08deba098b5d39340617ff93f15a00a5256a10bc8e6fc98291a2b4944a
bits/environments.h	7c4fe1650a9d4df27502b83cff428acfb7365e131db79a30674e0932ee165ac6
bits/epoll.h	07fd43b92e508cbcbbbb304ef183e5be59d16829bde41b616173c4f1a9b2867c
bits/errno.h	aec19d6ee4dca17ba1c419ffca294416dc0314b0f8be1160d9d541842039ea94
bits/error.h	7440a7b2139e8d24c5057587289f9f3c9f2733d987aabde2e8c771b519005205
bits/eventfd.h	9206405bb734a969ff2be71058d9939680e2854d762adb1ebaa575b30caab5fb
bits/fcntl.h	5a822087c384f99a05dc1089a326d9e0052892fdbd5f0fb7a3326b5f42eb56c7
bits/fcntl2.h	e77f4e903c96bf47629899a2d081d35b9cb63a469f15ec1f366ff41fbdc82185
bits/fcntl-linux.h	02524d583fbc798278905e161bdbc29cd7e921026da41bc160b7a22dc5451086
bits/fenv.h	f33fc63e8edd569b733f5b65fa716d86cde3817dd65f6eaec2b96055024289af
bits/fenvinline.h	318a56281ef38028300a3f0ad8a9a66234f23c9846abc0176beccf5ba137126b
bits/floatn.h	1a000795126109d6be44c7a0f3e126fe2ab2d53902690ee43d1eac70a3d9c494
bits/floatn-common.h	74413dfe9de86a915674f65dd429b9a40f5ff7d7831c9aeca9462ffe120182b7
bits/flt-eval-method.h	821885f2938e6d681ccc2a9f95fc9bb4c9f75cd416370258890cea183ac26fcb
bits/fp-fast.h	206a421697f659876f8ba68062532c67b2f29ed39635a1af32e97a1d77990ebc
bits/fp-logb.h	ff2d4157cf5e7ab2dabab00d6823fb4c2ee8bd9dde07de1b89594d8b6a5c7923
bits/getopt_core.h	50593209bf10ae239367623f3e417ae324f11c2f8d9df9554f8d5b9fdf72090b
bits/getopt_ext.h	8c68d58928c72051709ccda2dc4ff63e802fe9bcec81402222ef3fa66c0cdead
bits/getopt_posix.h	3fbf5f3df104abd9e6a86e048f9e386a5b661b524a818f148fcd409fd2f82ef5
bits/hwcap.h	790849da9de699f6b39705ba5cf8d1d114b816f7928bcdfda675eeab2d077f34
bits/in.h	c317248140cfb52b9bb391fc32c6ed335df7c6a7955ac8bf4524bde3b14e1447
bits/indirect-return.h	605a41817e4f0e62ed1ce844e0326bab7288c720a8e5fd96b80a94877813204d
bits/initspin.h	1ed49efcf7b4b2f2c26f2946ed5c664029d38d56b7b78924920efaf164e27b7a
bits/inotify.h	3026845d99dc04b27286e721fc3208d172856154f70c037b9541e199116af49d
bits/ioctls.h	b8b9a1aa3f008f148c66414f285ba8ed9fdd23ec547eade12aa14fd6ac276ffd
bits/ioctl-types.h	439a126ed0ac701aaeb3cd6f2da4988655693548f6ada019a54ee3af72f9fb8e
bits/ipc.h	0550069c9c53fb61d878a2047da392d34bd3a8a09ee83d2cacef48a8171f3751
bits/ipctypes.h	5db4849c2a24767da31a28b2abde272d74654dc2277d75c37a785dc246489821
bits/iscanonical.h	a1f5e0323120f94943f52647ba072d8e5fbdcacf0503b64e1af0fb8e9eaaf401
bits/libc-header-start.h	0b0b2349cd49fa96a4ec1571797c0367df6d4002179144daee7e20f2b4b833c3
bits/libm-simd-decl-stubs.h	97c192d9f88189da89cf6623f55e1fc6398514f47c20a6ca333af97e2ae4909b
bits/link.h	41499a5aeb2dea9492fc2e06c2ff347e3aa2c15f3519cf2c02162c22359dfe46
bits/link_lavcurrent.h	d026c29f705246a79f9b5ee604668669e261e8832491d842062be406bfbaaa4e
bits/local_lim.h	2f10fa74fb32f7d49fab1d2fd5a3dd68a07cd1db0553686e69abc96b7d1278a5
bits/locale.h	d1e56521ff12c2630be643484b71b5a52b6a71703407d12a259bcb4669f1041a
bits/long-double.h	3945f7fb83453692053981cc2995bf21bea6f29be7431cd53804984354584153
bits/mathcalls.h	a754cd95a65ed6068f6b051a57ed18c42809f8faec0a36c8435d4df01ad1cc78
bits/mathcalls-helper-functions.h	3855e6945ebebffbd3d2159ac87c35b07df3ff22bc9e288ba50bb9ab92db8cd5
bits/mathcalls-narrow.h	1b1b795f82488c6d2f90b222c584ad3a4b85534e75994af5697d253064215c48
bits/mathdef.h	a8c2d201d2839a54bb244349028a364b60651ff886dfaf1e54184aed8786e49e
bits/math-finite.h	58df26cb98f88e8b92fa1110076447a6e3d2a3870ef37112890dbf50e43e10b3
bits/mathinline.h	a7c4e021db6fd2e8595470804c5ed221391a47848cf12521a261d20888a7230b
bits/math-vector.h	15957a128e97c9f9ddca10fcf047a0d6f4dc10bdcb8fe6e6f63b260db83769ac
bits/mman.h	882717e9f896ba0bd3704198effee5b821bcbd4860bf706a46340a7bf4a332ed
bits/mman-linux.h	3f3e3d48aa9736e2f008f26bd4ed53872151b619b9f9f699a8c1195bc59c2c6a
bits/mman-shared.h	51a063df8feb5b96e23b0dedb65b2e02992f8b494dcb3df7b0bbae8a5897a969
bits/monetary-ldbl.h	9a21fd8cebeb3eef3560940f968f971aeacb38f6c6f67482485ae41393770d58
bits/mqueue.h	c08fa17f6eb4193050e17b311176612b2a2ab2412b09b14b523535cecc5b4b0a
bits/mqueue2.h	25cf09aac5628b0e811d1fbab19386c30247bb9304763998715c5cdfec560bd9
bits/msq.h	319b84f29a85e7c55d6f8dc5a8f37bb13d1c569af9f90df65035252afe15d320
bits/netdb.h	4efad7d479a702ccd78dbe38345f95479cd0e364c8fb7e1fa0539cb3c4738773
bits/param.h	e36081cafa8ccc81603ee55f5eba377c4d29f27c36ac56f8620a6657ad218dee
bits/poll.h	aa16767ae78a4749dbe340975ea00ac2598f3bbfa7390b9d6b153d89a423cd0c
bits/poll2.h	4e797d5656a5c0f669a1a60f5e53d60dbe5a7aeb78227b164e6b44eafddf7219
bits/posix_opt.h	78841ffb88b7aa1bda6b7f6492d8cb29fcd95f622cf63e647c40a9459d85dbe7
bits/posix1_lim.h	c625290a70dcb73022202ac5229a157aae7ee30bcb3f900be850e8506672b5c9
bits/posix2_lim.h	6ae9252872387495b2bef821f9b4dc92526c4f9b2f36f09ece8026fe04ffb3e3
bits/printf-ldbl.h	bd16e0957b0ba29ca253523a27f1a1969b9892bb1176f2a39ba73d76a1d9abcf
bits/pthreadtypes.h	74f9fd55a75a3a3890e8a74549c705d3001543ea7d98e13bcb7fcff0f34e0147
bits/pthreadtypes-arch.h	cad6e9e1823a94535d54e5c0a8eb7900d9d680b5134d0ac9b4999fb4e8fc55eb
bits/ptrace-shared.h	d37a8e812e09e8e037519017fcda78321d4ac061bb92673d2aad0793ab7759ac
bits/resource.h	49c2f52366596e11ae690d5dbd8d7a24be27be85ee44a5511baa1f5ae4092a7e
bits/sched.h	4780709554852a2cc7e303122ef7cdccd8fea96cae1f90e0ca5b672ab8e308a0
bits/select.h	5fe57dbbe652d05c29c8f2af99ed82ba1996ae71566197b51191fb6abaed47cc
bits/select2.h	f3349c0eb76759f51f36bb5f0f29be2e6ddd96200de33c61087e78eabd3f6f02
bits/sem.h	f1d7e59b27624ed56b35875ae8a00497534034e38c5f5c880132571217133c08
bits/semaphore.h	129d57d0e101d9ffe270ded4cfee9ca43d339ac15e1e38275103cc7e64ff9482
bits/setjmp.h	55fe495b56fb4714ac100eb0a1a5a0cf2af26b187581495b00b5957108c4db42
bits/setjmp2.h	98818d61712a3e68c94b2ad084d31df6266c908b573536c2212d971f736f555a
bits/shm.h	dd79975626414c92a08fcad8a672625a439b228bb348b601842bb2a76d216fbb
bits/sigaction.h	9186526f95adb462c1c2e777b14824d73b6489b7348c8c9bd40beb90af191785
bits/sigcontext.h	d539638d71cb46f0020c30e84c464ddfb870d5becd7395afe0b0a76bbfa16c96
bits/sigevent-consts.h	3dc3185ff14d426b8d376e257af1a7e3d9949a29036c9153228d3314d82a502e
bits/siginfo-arch.h	0839bdc7af291182ff9822a7b6419659fb26a49af5e4264857a71af4ccb12213
bits/siginfo-consts.h	0d63c52c0f1b8ddf37966f1fc5e199792a828e79d6a30f584e26ee4f6bf62b3b
bits/siginfo-consts-arch.h	56e019330b859cc4e28af30854df4d29be120ec4bff74849301bb3c40c9f19ca
bits/signalfd.h	b660ff91d13243d53dc4c73c7a0eee6a759993086166ac1e54e45ec49022d3a9
bits/signum.h	a8da59102109cc5bfdb6e199e1eae91a9a8a8e9b57087b35fa9caa8ce4ea35d2
bits/signum-generic.h	30efc29ebae8b23381ad287db2d15fab0297067d93868ec287892009f15d1935
bits/sigstack.h	16d6a97e15eb3f65ab22031ef852f5ec82f2eeff5528eaf45180af95205d9f41
bits/sigthread.h	3897e673809af1c1931518f3cef99bbbb29b25fabf411f436dc4ed36e289e332
bits/sockaddr.h	4c5853295df4c5cc34f379245afc365a39cbe3cced01cec07d90d02d6cc5dcc4
bits/socket.h	b7f1c3d12ab0f952f275d38ed988242ceed270c2548ead42af9ccd055d8d4b42
bits/socket_type.h	5cd71951786447f4b11b4a23bed3581ad910235ec0330b4b202f77d38736fd8f
bits/socket2.h	a800a7ba18e99f24ce91ee563a2141ec74a11f88320f45df3e330426d1b7664d
bits/ss_flags.h	4adf33cbe94d574e6956d2f0a848f6e3bfa1f0fde0b9712ef8de1bdd4e7b172c
bits/stab.def	77014697aed78510afe850e564bd25d6f23f71f0973540f46af70a0a4bc239fc
bits/stat.h	dedba5d0fe6364f026b9baaa00f9adc63082ceb2e639f02b6b091c21e47c9de2
bits/statfs.h	241ca2bc2930aa0239b26519a36cccd0ce2e029af2d7bd12c80eb9be660188bb
bits/statvfs.h	14775eeb656dd83d1116971e5715a1ceaf9a56f93865d26c91af8dc570b4701a
bits/statx.h	13fcf33e59375809b635e0cdee2f826346bbed73643170c717cdf3a813fac8d6
bits/statx-generic.h	35a2eaec2ee45f81b1dc6a655920b41990194cdb4600c84a5eb7043be1d983d6
bits/stdint-intn.h	74a08e99e86b79ff7686b8d603448a1eeb02baf2158ee7f121dd848c83241eba
bits/stdint-uintn.h	d5f3a29405b59e79d8bf1af6924f27ac1833c4f8f0e30d24729da1a5fd2d21fc
bits/stdio.h	20f90f83c5c78e284d8423e50a7f9c325032a57cbac12cbcdcb5fa6168bc63db
bits/stdio_lim.h	216446253e28105dccd98ba76e445ca76f639c28ab7b29eed27b07e5f45642c1
bits/stdio2.h	6aea66209772841c979c6331a5380a9662cd6bddbd94619d96f429ed52f1b643
bits/stdio-ldbl.h	d03450cfa757be4091d359af62f9a93840a746d9eb08172fa0417370d49ec1e9
bits/stdlib.h	59727e16f495ae418eb97caf9799c581b639803106ccead85a430d792c503b98
bits/stdlib-bsearch.h	e0067bde9778f7dee2cc937d159bdfcdd67cdee4eafb84a1532c5f09651bda0a
bits/stdlib-float.h	031f09d1641cb1070da6322c2f0bfcdd547c1667189611ec8085c9c1804e5923
bits/stdlib-ldbl.h	87a660b321f5c9690629bee90dca3329068e6a7f78305ad67aaca9586247bd74
bits/string_fortified.h	978d115a7fea5928cc84251346f16b2de33398fd22a1b5aad11c100134f268d5
bits/strings_fortified.h	1aaaa7fd32c4c14ac01fe18f4e89ed521121a148afe033068cffa86c8098a239
bits/sys_errlist.h	4cb173fcb8e38465f2fb48d5f7d5b6e2faaedf4a72e925af1aedae5ef5ba5106
bits/syscall.h	656d1262dd5fbccd12ffef9b03fca33ea8298e132835471322d95abfe3247775
bits/sysctl.h	459b1404af75d964d00058f107d24f9ab626c8192cb8ed57df93b55b92765163
bits/syslog.h	273ee41ba9a5d90fa52b331257d18e1e35aee7dfd42628b847676b7cd58587b0
bits/syslog-ldbl.h	5812bcc42d3c289c26325dc38fb6b4c1bfa2949c1f881757595515bc4f192977
bits/syslog-path.h	f9386913db9a2165e981f2995b4bf5093383b6a1e728083a79f2b45382e41bd0
bits/sysmacros.h	7ddc313e76281816fa6432f63b1051a27867f963861868930a6799b235782efa
bits/termios.h	445d93fc141d95154cd5ae459b1a00c0b991574950f220c873b34c203dac6649
bits/thread-shared-types.h	463aebe8cdc8ab76543f81867b575d797d679dfae4a570d0054ff24d4a96bfa9
bits/time.h	ca471831f6424bdbbdade3669dd29fd020dc81454bbc92f036a0902507a759bd
bits/timerfd.h	0fbb643e7d6be75a75196dd923153d9713f0095948787064fae94057ef7c51d4
bits/timex.h	e4534ea39213485d120f6c7d80a23c68d5686cb9a6004c553b7c14a0db87648c
bits/types.h	e8c815f30e2a1e92a099baeabb83d9d81e69ea3acb2731b56825392c34bc9c99
bits/types/__FILE.h	26c909942e8a6bc82725e9c402f393aed9e32d94190257ddf71e1b5f819b4e5e
bits/types/__fpos_t.h	603e58ab31ed75b7e0ab09a2ca94e99955f7fbc63310466321ce27c906227eb4
bits/types/__fpos64_t.h	8afae3abf006beb39fd9d4d4bae38745cdf08a91e6217ddf25833c8d4b04751b
bits/types/__locale_t.h	e5fb27ce00678527937c13adced6c3854a1f0b367bdcd4d6e40bc1ec3482dfa2
bits/types/__mbstate_t.h	c561df72d5b987ccbd022059fdb1bcb6899c3e94b403997a0576ef3e1afb0f94
bits/types/__sigset_t.h	05291a7d38bb1d0da1ed01c09fe85fa2b1f4d5bc708e06bb930efec672db08d5
bits/types/__sigval_t.h	09a584495fe7ab531727890332993b426667218a1b1c0345df2af0b55572bc13
bits/types/clock_t.h	81e60e8a8d99b28bc723c14b156d7f7fc8ff663d98a857a3f5aea90431f577e3
bits/types/clockid_t.h	dcd64d184855b245e5c7acf21910a0aaca590f1faf094e400da5d30551d11eb0
bits/types/cookie_io_functions_t.h	9c487a607198358ea0c6895dbc7d6d2f10cac78e4341a80be1e44f9dfdffaabf
bits/types/error_t.h	542742a4736b2055c40186ef35d6fa2b11205667edf78edb7935c61eb5ff8a00
bits/types/FILE.h	37515f78be386f2edad4746f2947c928f480728c56d9a94e25302ebbdaef3c96
bits/types/locale_t.h	f0dd2c5850968b76bad25ddaa09ec4314e4fbc9e7e82ec631acbdf46df92c338
bits/types/mbstate_t.h	c0608830973c4e1a71219e477b470b7ed77b211dc870410776ec13a1b7bb759a
bits/types/res_state.h	3b3365afc4f4a2bbc711c2eaacce05f99ae3cc34db1a391c5249213d905a159d
bits/types/sig_atomic_t.h	8c44b91c2eb6e509905e1becec6b98f8ac006709bfa5d85d86e34a46eb9013cc
bits/types/sigevent_t.h	7125083b8096dd146e6498a61f38bf3bc7215c1c9237e92469550bb355545bab
bits/types/siginfo_t.h	8155ea909015a2be47270ed1a1c0389ac4adbd0857420065086c05923f53764b
bits/types/sigset_t.h	3db5ded9d98a694e8c7196a06690b2e816ec6bb82689940d281f6504533f37e1
bits/types/sigval_t.h	7d94a894bed0b9490967e8dbcd53725c0f2af9559e58d4b19bd14d3707974ee3
bits/types/stack_t.h	d20a8fe1fadfc389db0a6dbcfa72009d5362a69a0a954dce3ccde78399efe773
bits/types/struct_FILE.h	2dd69e3bb41c334b106319352a640bdb098c40160c45ecfefaf219436c5261e2
bits/types/struct_iovec.h	6cc0b123a6a96108fc1c13535d0b74d9540437d0c51e0cbcaf000273f1f85566
bits/types/struct_itimerspec.h	d6299fbc46fc57e7d14635cd5cf69125710ed021ab7305586c84644a03a39f8e
bits/types/struct_osockaddr.h	63619500aa6095b881f62d7a255bd31eeeab9a829cf34ec40e20a62729323efc
bits/types/struct_rusage.h	18c79aff476a848d714bdf6d6680f120b16f957663b57dc90fc0ab076eda93a8
bits/types/struct_sched_param.h	988882d92abbed436bc19c276ea6650d8087a55fa6f656f0c3196104239e464c
bits/types/struct_sigstack.h	0e25bb6feea22eaf5cc2a7100b21ade79b8be003abc0b61f6f200c60e38adbfa
bits/types/struct_statx.h	821f1d77c5358779d41c06b4dcb0ba204503ad85a80ee43e465cbc4f298d6b2a
bits/types/struct_statx_timestamp.h	e724615727de0765f96c05dc1a1187aaf4c2c1c0eddcce127806c373c96e1c87
bits/types/struct_timespec.h	e9a310a50b8a14aeea4bde3e8b623506631de37a7a37dc422757f3275fc93755
bits/types/struct_timeval.h	0909a593d7f6dfae1ca5cef6cf1e62b6a67aaa586e50f6215f3622a47be854d4
bits/types/struct_tm.h	e7bdda3f42eb0633850ed150fef0a0cf6193cbba8fa740e7505925424a595566
bits/types/time_t.h	08a01b91752dc9dda93eb0f8c571e2c57fbb67b9768f5c23ad180fd0894e97a3
bits/types/timer_t.h	d96a2452da0d933941273d11d1048ea525f033306892835b0a7a0999b13853aa
bits/types/wint_t.h	7321a39e4baa04e5d730bfe4e52d00ce82f2ae62dbd8292a4a6a3073b6ae3593
bits/typesizes.h	8d903d5048221c66a2d9e43e0677bf33d34b1e393143a0e46ebe00674663e262
bits/uintn-identity.h	07ff100385f6c91d9d9de7ad235fde9c41522f928ca1b861b0c12017a887353b
bits/uio_lim.h	61a1396b112b06e77aeca29e66bff44502dc4c1ce475ca0132d597599b917c45
bits/uio-ext.h	faa85379e8a47f0b5635d7fa2802f0c351224b88735dc9217e87b51a34afbf7f
bits/unistd.h	bde71fc31de5351d5d8a60208aed9d9b8c3c6a21a7d4f519be6bf99cb78138f6
bits/utmp.h	7b5da304b7feb60f7f3de1958da0d776ac877139984e2409fd0e5a35a6d10df1
bits/utmpx.h	125eee5e2fe7803510a8298e56f7d1aaac209a69a8bfff9620505d86fc3ef5bd
bits/utsname.h	77ed15dcb81c6f5a6680864917ca2d00225d2d1e1e228f05350a0e94572f5799
bits/waitflags.h	e9ba2b87a976a4d0401a4b48a70a6c1fa0b67537eae026963fa25f8fc881878f
bits/waitstatus.h	e1e04f5511e386c7bf0c8bf99779653338818bbe4b28c8fa27b366a62d4cf65e
bits/wchar.h	341ce6a98a66f0a4e80eedf2bc7e0ab781a965fbb15d1d41511ac43e51c7d644
bits/wchar2.h	a032a706b165a0e188c01eb88f41e231162b3db2efb94030e82a9c4573d06d71
bits/wchar-ldbl.h	e6af7fca0769f4555a8658f28bffa8311e0ee613fe41a57c3142ca0df11a4ab0
bits/wctype-wchar.h	696a7affeff1760c70247545a1ac963ae8d1b874a31e707f96dd606f76220512
bits/wordsize.h	716d8459074e2a082d65a28192b32eddbfd7587348372395b1c283a723ae4c18
bits/xopen_lim.h	762bed801022105fadcf6402f07b5b7669245cf8da4e6fe3b7bdc4fe9e3d609f
byteswap.h	4006a96f6669481cb2439885450452aae5560c7c07b173b6b1b709cf3a59d2e4
complex.h	e7218cc8cc969af256ea307920bcf936860aede75734c83319a2f05c18ea2a54
cpio.h	0b04a3a8802b697326aa3848677135f21c360092bba8d1e75c39c0710f38bb84
ctype.h	88b5f045a108435977c146fa1ec49dca5f2724b2a65e4d76dee0a312c5c421ad
dirent.h	510d11a13f1d59c5d79fcb694f433b34629d71180b5a78297b3ad224a66c1e1a
dlfcn.h	8ee8360c2595abf101e5dcec1ce82995ad1eb7afd2c7269dc9883823e87be12c
elf.h	ea07d8bdb631602f49feb304ad69344a71f32acab4265a17af7ce9045243ce19
endian.h	4a3ea57a73e97d999f9bedb59472af4f04ce62db06be3c2df2afe31426770103
envz.h	ed9a5942030346cc1624bc18b3db3bc51274674a3c2688b9681d31b65622df3f
err.h	c81cd9546b7939001fccec2acd9157c0a70f527dec240d118ccf241bc8e4071a
errno.h	54de98a48f2548c8e90d69b4fea5e69ab48fe7465b29b296507433a1fd20552e
error.h	6f0af9d62ed2efba92e453b06f4a19f387d6c413ec91746655b409bce11e59ad
execinfo.h	0780bbed8dbad9412972e6c14c66c925988bca869dd0a8942ae0b62d8451a6a2
fcntl.h	eb59c9f908fc438eba0a3e8f18a5ec787b2f20e0c83aa96447140b8030c305e5
features.h	7929e49415bca262a6bdf905a589b350943ab482378bcd7e4804a0ce6cd52baf
fenv.h	182e2b9c3a1c96e34d00070e7e0f5d46832221a1bbf427532c6d7a424401cf20
finclude/math-vector-fortran.h	30e76e2906d0c190ac1b24d447dc349f737af466cfdf9d552120ecc84b6ae31b
fmtmsg.h	a1933e8098cfc88eaff0c334bbc4ff6a5bee8f7f28043185c0db54748e235274
fnmatch.h	bb2e554d7f17067ac12ee3bdf993646641173304f0a17ab79b1bc42c20089e4c
fpu_control.h	c931dd790cb37629e4ccfcf3d04e48b3f6d4d0a252275ec509e3c1c90ab7b9fd
fstab.h	dc390543bf2d14d67b7fab4fe55a9edc66bf9d38fd6edd414b5bd9d62d19838b
fts.h	d5d31de34b9c77776036e760e89e1d83bbe0bfc76ab845433313568a8c5b8369
ftw.h	10937da1631d91e789ce508be7b21cd3e959bf02c967370a1ff31dbd184b6dd6
gconv.h	cae378839bcd69eb7ed5738d2cedd59912399ed6f2919ece057d5161ae00a1eb
getopt.h	a549c90f4c543fe85bb5dee91ef9033c8d0fd6e19630589614fbcbeb1b7979af
glob.h	6bdbb60be3160edbee3c967318c9c3b669aaa823534e443463f2d284c0fc5417
gnu/libc-version.h	5bf573c33724372f3da51fcb1b88b082fdc07b2b2aa4b06f7a4f2bc9ce5bb206
gnu/lib-names.h	8dac643de94fca728867862466c959272fd5cf4ff8c74abd6e17e9068a4ca115
gnu-versions.h	337413a8035c43c2a176581e8c09e04ce5f0c5ec71a41593683b8891af9c286c
grp.h	95f3c6cc8792164489aa1f59f3d25002992cffb0bd4b40275ee0eb209872ca0c
gshadow.h	d3f28011712b3641bc699ca94001a151e435a0d47aa95827bdf39a762cb61286
iconv.h	03ef45cea4118cfb82cb4e891cd07e88ca1cda50b48b47b1509119e2a51140f7
ieee754.h	ed2e70720c6995dcb0080cb61d7438b13eb26881d891a801958ecaf23236afb2
ifaddrs.h	caa1c3a3b60b5463111efff87815ed870de0fe368599f8d8dfbbedd24b26e8c0
inttypes.h	06261ad45b1784c5030e3edac115996416f2744507aa5f3c5a9b435fd76b640e
langinfo.h	71f3ae8f778df868710046f4ea80b9b8098324bffdcea8c600845ef2a3f008f1
lastlog.h	32414599b4ba77aa505899369e60bffc549fd09cee10b0dbcb5d576e4e2d7049
libgen.h	a8b5afa32ecab66d91ee05ed95557d307d9241392a0e21eb856b5c2a725b34c9
libintl.h	966b061ace8f34b2375e9b34e44b2e88ca442df68ec751aa7424b76069290a49
limits.h	b540303ca6dec289e932a1d13fba4d47c665cf6435ae7153d6680f5fea335aca
link.h	5dfc06df9daed9be785e47dac1d89478f9e0f6c039bd125de55c2a8cb23eec5e
locale.h	4b42dd2c70a6cd00ce83d125a9497e169bb7bfe95604f6551038e436662070b3
malloc.h	95aa6fd22b81a23d74979f1f1069decd2eae01c79fb1e6a3a5ead7c9335fe9cb
math.h	06b27fe3c6ff7e5dafd8e37719a110ace68440572ecb4e8a8d68794e0dad3530
mcheck.h	5f007edad23cb80a8afbaf62cf592e51b36da7cbe4b25c059c02710a8fae94b2
memory.h	4148561aac95a3cc4736b72029d7395c724ef671dd57307e1995ed68a6b3a912
mntent.h	44cecd58e90244eaddbe24f5397efca081b0d1cb25f03fffb336fe07f8633690
monetary.h	36da61fba357e195b634d340042e4fc4617404bca76a61718bc41f818ea8b92d
mqueue.h	56ff027fe9045a3c3698512c3cfa8a72ce54287a0ad54ccdc9f7f3d8f8e527be
net/ethernet.h	e771c725a6b4dee6df0545e2d89c92f787f0eaa000dcef3acce6d739337d3b24
net/if.h	e1c790652e70d00c086048304b5b1e2b2d66f18702d7dc7b45be8ce46d5e94f7
net/if_arp.h	66f50c34515d04577faf624e3177dd67e83784b570f7f939f80de8fb1e801a74
net/if_packet.h	2e044f961fc93467d0ef28395d8667c61d3ab6e73aca3789591716874b0a554a
net/if_ppp.h	c4231d99b1653ae1444f146cb81d0b8db6211da2deb550fc064418936930da01
net/if_shaper.h	5724089a8ff22b0a4737d2f88cad6d9947381db4541d3a0924711eaee7677532
net/if_slip.h	a0fb1b055f949606f2e16c773d66e7963f1a1929f0ebcfb41644268e58b80199
net/ppp_defs.h	47765f960cad3e90dc2977928c8f43c5a0d3b15825f531317a8aabfb33373201
net/ppp-comp.h	594173509961d017b9bee2e03a73ba395754440e9c99e1c01cb149732601dca1
net/route.h	a8fcc8860591aaa2f349ff7ff812ddeb21ad47f7a5a8eea004b5cca8e7109192
netash/ash.h	0c7d6f6e01b892c8641452ed6a555d90497819e176fed7a5b4bd7e42ccc002a1
netatalk/at.h	e64669f2a3b0e7e9952b0a53c08af058741145377e58c2a4304e83b7cbb67b3d
netax25/ax25.h	4baefe7196a9c72026deb3e28c31a5ed93f70cde79b4999cd2b6fffcfbd93cf5
netdb.h	17d0a37f2262764d56606588f4e44794ae2f60ddc9ba658370aaf20ed265979a
neteconet/ec.h	8acb97c1879a7925aa05932d0f3c78628b7178da3fee229453fa9ad8e6226e91
netinet/ether.h	2ff3fe2086c60c6b60eea6394806a636c44d8442ab2be2ca736effd2a2566ec0
netinet/icmp6.h	1defc61b3ab4ea23d60b016ed53223d4f488c58280abea048c57b33c5b761070
netinet/if_ether.h	ee666f7d6f0a807c320f83fc6fbba6d3c74bed388ca9ad49c7a82076ca507f0c
netinet/if_fddi.h	46397c738f49cbdf983d06a6e555fb1eaf2b9894e78fffa43168497b5f12d3c2
netinet/if_tr.h	5a9b731c64d282d85be41244bc5baa579567d438bf82eb249920760854d54471
netinet/igmp.h	661de9e52aae488aab7952d58514e5857367cfd66b9d86cceb9da0d1671fc03d
netinet/in.h	5570c7ecf7ddbe629515b1d20df7bd2287bf3f832393f9d3317300491c08af92
netinet/in_systm.h	213e24af6d35bb21e38d24584fa46445bb172504abfbdb858044931287d10e38
netinet/ip.h	9da3c8acbafbfb7cd39f51171631429955472627d9a92f62feee32aea709daed
netinet/ip_icmp.h	6e2cc0cad7e80808478311148b38f42ba2f17eeb635a085e93657b6738991b50
netinet/ip6.h	7df144cea6d0b63feb9e45e26aa9531705099be74efe4d878c9f05c7ea71352b
netinet/tcp.h	cefef446fab07b76b1d7373d006287eea41c34f38dd3919926e3e2b68a3f8da5
netinet/udp.h	3fd6dabb8976dd106ee63e1cec195472017b59972ba7437f095af63075ddc9e8
netipx/ipx.h	ab9daee34154ef7dae1107da32a4dc501ed2d6a11db5ec2ff819d8144a8f261e
netiucv/iucv.h	199e8cd8d2a94867cd3fad4468939e1c39c07d964a3fec1ee2f6d9be0c40f0ca
netpacket/packet.h	07b44a344da64a8f435d8f9de37b3f4224ea3f23e54feb8d26a6c341c14ce95c
netrom/netrom.h	7862cdaf472cd8bad0bc3a79f05df161dfb95b32d1777de871428fc7bf093302
netrose/rose.h	853e7d601299e2045912e3fee55abdff3c4976500f8d0fb7a6d70d3ec8972ec6
nfs/nfs.h	d396bee9015086ebbc2013f044ba8e1f84cbff2d6dc6d2cfbae87d8610855366
nl_types.h	1107d691b96e027bb9bffaed97a6d333294aaf562a6bd30a4d0d965de58744e2
nss.h	99df8722db6252724fd55e525b17c8da90b80fb5b7cb9a25c0baaf01e4230620
obstack.h	08d55f7c6bd07a7b31ca549bb6ac970f66bb44243fa14d82d671bb871cd5d23e
paths.h	24fd9beb531c7f6a6f0bb548dd4626fd4236b722eee6ecdd7d90838d20c8deda
poll.h	04bd7e134e86aabf9499d9ef2f5b13546a7d0e113e141e8f935076d87ba185fd
printf.h	5b6302669602c57710b021a80439a912aa8e5dd75d3ed5997efafaa6dde68ff1
proc_service.h	4bb0e276979d011902d74a051f783107be5a16896cf0642708f307f5768e854f
protocols/routed.h	22880cca356f39a87556b95535465e3de6412c1b48f9ad73f4382e6204f0eb8d
protocols/rwhod.h	5a80353f3d96e85b91fa65f977540f7ae68ac2eebd8ade1405fcec187918511b
protocols/talkd.h	d820ecf039d562d6c29325bf0c4839e2ce6d9f9ad8773bd243e656b5c8c48a38
protocols/timed.h	9cf7b7832e25bbb000c7edd18a55fc221b83c6ffd064fdde27e8be1a4505f947
pthread.h	f45d1e2d7ecbafe7416ae5c68649f61c1d83a0b536645b92bc8777e881be7ef6
pty.h	baeec236398a486c2e762b40e42ad151453fca16d7b471bcd5b3e15cd4fe70d7
pwd.h	053f99e88443504869014b5354c5148377acd145e4102a75a06c10e6e9e172e2
re_comp.h	bfcdb2032bda5ab62fa8c79020101069f31a9d275a7e93a014b045c2a722a7c8
regex.h	98a0b428b79c15af3f84c11d7c481ef24727ab2ab20535c46d3127ddfee5c577
regexp.h	074a0f7e4a7c6fd53ecfbdfbaa053c09a2d67cdd41b42443ad1d4c2b24126e54
resolv.h	224934460d151c8fc629fff600050765c9e7015437088f5c1018781811a29f5a
rpc/netdb.h	b0473919bb466a7376b3ebd778c0b9c10f7e1855804630809bcfa7640eb7f864
sched.h	4d15e5dc79c7340efc2a97febce855050fa35b117062d0db402dae5be5fccb7b
scsi/scsi.h	2f8c92a97230018c2003386741a637b684640ea500b025f0d5e2b48767948d60
scsi/scsi_ioctl.h	26e6012ad1ee3482f41170dba8b249e2ea96cc035d59ddbc0ed9436c86a817bb
scsi/sg.h	100eeb989b265da5e69d31a579c09238161c37864bcc47b749dc602cf28170e2
search.h	e85dd6e70ee36e6e69a42ab16692276485e55b082f8f96bbb212fed088f708b9
semaphore.h	b100cf4d84bb692724a1a6ced7421020cdc8b2d47a7adf2fa7b2b7905114a0e3
setjmp.h	81e8291d03a849fe087cce33b34ba72b0143528a4a37501782f370c3aa3b05d8
sgtty.h	011e16734cb970287b058b0449831e70fd686776ec38afae79377ecbda52861c
shadow.h	7e62a4bc9762dd62c24edcfd7ebf3fb874aadb149ec7322120d323473fd5e61d
signal.h	6e13cb0b20e0c2b16244dad366a5c58a23ad6f8d03c043894322a8086e234178
spawn.h	7c814a9429dc2dd338707eaf6a3874e68aa2fc4f67346c965cba022543bf8b7f
stab.h	3f4c1aa76470b5a7a97424c8d67b64fbb2891b6c1ba972ab544b1d9235b47a3e
stdc-predef.h	7afa7fcfd2a1ac2d5fe86672db5828460a736519680da0b9fac4d91e5f227817
stdint.h	4cb39fd12ba0f34118289f7c5d6fc7b8c036af1666357c8798a77e4a640b3f3a
stdio.h	8cbe7b106d8894a9d4337c4b9f778b7dad8582892d840c34e17cec60d4864ab5
stdio_ext.h	9b42651e657ab0bcf8368462a6ea8ca62d41953302b4239497dda0f0c333f5bd
stdlib.h	568c579ba40e6532a3be40519b8d236acad90b64a9e852de6fc1cbe9e9cf2b1c
string.h	f1b5a46412d1f4287e35ad746c164e9d56ebf1fe6d2e08572016ee370e34965d
strings.h	84b1acbff22ecbaa6fa95d11a4be2ab09de65a912a673736672340eb1edb1751
sys/acct.h	01d5fe35a34ae390336f24902a8c72e4ac457ef546e5c709380e0b06a4da4f11
sys/auxv.h	5f86d2f9c172638e618240397c15526b257147d6d483379ff36e2bd9aa9cdb76
sys/bitypes.h	175f3c41f9db1d6df859fcc13aeb2569a47198c52f219d889ab2679b693d7acc
sys/cdefs.h	5434a26400044512b49fbdb56bb123c638a5b37cac45103a54eeb880cf042cd4
sys/debugreg.h	c8dd44e7814f6e92c29d37d12d0217830604e8a4750b289542bb384001efc42c
sys/dir.h	7a82880cff6b16f8a1b96a0ee41b4e44194d98aeccf1a6c8f698a71eff32806a
sys/elf.h	4081c3ddcd1da84425046fe44b20666c0f5a2aaa41ca18a8d4163a003f1979a8
sys/epoll.h	fda6467b5e0f29bc5b012e2daaecc2189885d956916d8c120510828890c988e3
sys/errno.h	6e7de80b970121f1c7092f504ec8b3595924a9b9d6880801950caa7170b6d678
sys/eventfd.h	adcd39d2b36256772be65dc568d7574e977e6b20adb2d9f2fab8e37097a0bb54
sys/fanotify.h	38e663c86ea662e70ec61adcbecd9c1fbc01c5a915540ae8022d241d3b4d52f0
sys/fcntl.h	642b8fa9ff6daf81d8a0cb22f764feed134b74dc8b84ea036ff4c220815d9832
sys/file.h	69c53618bdd83aa19c0f31c98a73ae73cdfe76743818ae5d80212f4dd9758377
sys/fsuid.h	170f29cad35d3706aa63aaf7e40ae89a11417e671195edea9125694c9700e7d2
sys/gmon.h	62668641007b7a6e7a902a9479b189c77fa035e1858e642ecde50140388b74b2
sys/gmon_out.h	a91f7d22de71abee76f897ca8d61ae1ceafefad133d794a5f63512da9aac6fc1
sys/inotify.h	fb8449c92eef53563dcc8fdd84a39d672efbdd4009c1df180e0a9f8f09c9217d
sys/io.h	7ad036b27a0e831cb3f9bdbf0a6af02b3cdc96636167d912eabe249a199e8c6f
sys/ioctl.h	1bae6c69d709a104ad36725ddf6a714c9a94fe3de0978444c63df84cca098260
sys/ipc.h	a85870aa838c6af3f56a1aeb6f45fc000dde3b6c051b211a067a16a840b35b6a
sys/kd.h	588a1962bc686c5fd20bc70a6f8db7f15c7309ed97cf79cc398cb9630e344a71
sys/klog.h	d507e9c426fd621db10c868792fe8c61d979f6ae53c2a3bbc8c650698af0f24d
sys/mman.h	3df15b18651770ea191e85c87a51a25c8b0f45fcfa9b7135397bbddfcc426a79
sys/mount.h	4a1b8938bd0402f219405a369d3ca25a2e1d93e35c1b4f145857f5ba9ea9728c
sys/msg.h	6cf2494183c4f45d93460aaacf58a5abb1b2050cd39f2ed6bce08107533179f6
sys/mtio.h	734e529521a5c7e30a242b0912e1f562d58796e0d07aae138e885dcc78984337
sys/param.h	5e444e88b59f231e71135791e14711c3dc413a8542a3493d2697b65b57981db2
sys/pci.h	d78417a2331ce0a302ec02758ddad2be2927722800cc07c3ffe8092813678f83
sys/perm.h	b9b184c1dbb6585548d01d12a2a63632734c8e26d313c3a1001af32a492c6191
sys/personality.h	2c40f2d20643303fd13db7ce8955fae34a629f1bca897ce9ed432fb87b482e25
sys/poll.h	75c7cfab051b10f75c0550775f6da1d85c9e4accf61c8de4dd336abe73f678d6
sys/prctl.h	8a833d255bc2490d3510ed47057ad889f5b12a81bed20abdb2992ccd654234ca
sys/procfs.h	563c3b776b9a1f1ed5f3868ce4243a8c5bff29f836d1eb4580fbde56cba0081b
sys/profil.h	45c9c2ac9a0cc578c9ac663757e182546816ef40882f016fb670ff0430a2d627
sys/ptrace.h	22bdc72c75347f2c5007f3f9ec0e682ff632102ce4402d52da39b04a5062267d
sys/queue.h	8b284031772b1ba2035d9b05b24f2cb9b23e7bd324bcccb5e3fcc57d34aafa48
sys/quota.h	8add6f0b6cde14c0436e566c2bc1be385e5594d2a96441aea3d497ee663629fb
sys/random.h	943b6bd50a4592a38b017bd7b084f1bd67c695b4da554caa6f3bb937e421a212
sys/raw.h	10f4ced6400a7ba9687819ee2c3efe230f83e5c460b612c7650cbc79f0c2308b
sys/reboot.h	f752bf36d50086d4e9837767a5f0511ffeca2086d78f8b9ff2de8636d67d0f55
sys/reg.h	e4a2743db6fdeabef2691ab0447c24d1cd3eaedff63f9c7cd3ced3c751d98b57
sys/resource.h	14c4f0fd8402f2968109660b0bd855041cdaef89983059282a7f4f3866f9adb7
sys/select.h	38a79fb8e9c1fae78a8ed289017ef726a9e898cded096f1c69f6589d84e98cef
sys/sem.h	c3d093c3c51abb997a60d866e1eb07d2d8648049298b1ff564b4cb7f9bc38484
sys/sendfile.h	a8235a074b7e0c54385362a3d9a64b18d1061d4da282df81f700e1c17c8e6355
sys/shm.h	b720f0e78f9fa8e2497c8974fd1175587609849798d2e0857b4865cc04de848b
sys/signal.h	31dc64ab5a19df2d250c68d97a3b60c78385ae9ee25f2000cb8cf051ad372eac
sys/signalfd.h	95326df3fe367d16788150e197fd4f888af06e79603fddd2865f79e8930a16fb
sys/socket.h	1b8ba4850801defccab25203e401ef583388a6e5f214c6eeeab21a9f409fd79b
sys/socketvar.h	d662846f457f7ff0c9efa4da20fa965563326fc64a157ae83c5f85623d5a6a63
sys/soundcard.h	e52f4a87168f60c2860afe01fa7cc3f235bd6f3c9be2e997597672332fb0e56e
sys/stat.h	677ef7bfca563c44f10553eaedf60bc442836b369ed70f0845c9ae079d911723
sys/statfs.h	f5d978e0d6a43caeed324c1bbf814f5de862a7e798e3f798d33ceae1e5dde3f8
sys/statvfs.h	54eb5716987d4c9b11bb2f925de7fbaa0c31694f047a154c69da62aac1e748c9
sys/swap.h	c49eb7191c70ab3ecf3f21640e9fa20b7719183a11a629d33fea4d2804d7b900
sys/syscall.h	999467a4772140c201ef46970e6028e2b6f082a6585e76560876ab857cfa8a98
sys/sysctl.h	15e962e0091d1e1b1c01a372eca11de91625406b4fea17d660ed1a06eac4cdc3
sys/sysinfo.h	144b9ed8eb8e558e530b4e4c7648c05c1f00240dda97c483e339f0111a75126a
sys/syslog.h	c4c1008846108de02654ce82e03453cf3273e2d9ba58e6d8c3d678c4d8de843f
sys/sysmacros.h	54b1162fa7e6ffe60eea023b6bc5ce529e34b121dfd7957b9a2536c58dd3749a
sys/termios.h	b504b9961485d933e946a1dcc62dc2048df2f99891814691a5605c109696c661
sys/time.h	6b74846a3b0c0aab6b7f5261813efa3c83c5fa5cc96a9e59f4f3c323f51c70da
sys/timeb.h	828595eeffbb1923ace8ae7331e02d5787833e135a45b717012e56cf17f8306f
sys/timerfd.h	a513ca7fe2710ef5adee45800d1029c809d3a55c923844189bbbe65fcbdb31b0
sys/times.h	e1c47da96f8c03cd39e969a931c5e84c39e237826bec2b92bbf6a345f8150f3c
sys/timex.h	29d5893cb529a759aaa82bf6981a6a67e7dc9360da5d275102c7b911aba0fec8
sys/ttychars.h	67b7ccb5ac6ba994ee740fd42f237b907fe64b0ec9007b7debad92260b3ac997
sys/ttydefaults.h	23dbc1caef6d19508707ffb8aef4498beba70340c87440dfafcf4f3c9dd6589f
sys/types.h	5cc68bd9f95fb9b6c8f2df18fdc12436eaeb7901aa03d83d751f87948ae6ab7a
sys/ucontext.h	0ae99ad39b0161e15ced93dc1ca6ce7f62701dc78f8d736dde5c72042cec920b
sys/uio.h	ac41ce2ab12d45e5c1d52b8d4934443bce716b59afa5df621d29aa160843474d
sys/un.h	84eeebee4e016d45a942fd6a75b10c458d59dc613b754c5beccb3d80e5dcebd1
sys/unistd.h	b5239a9340ef9440234ebf0a16ae276a58cabb6923df05f7fc49b66cd70ace20
sys/user.h	757bace7f64b9bfd33d12aaa149042bb18d61971458525d7d27747611ab3ad57
sys/utsname.h	5a6aadb42392a07f854f884b21f271526d34a1c9ed099b3d461fddb66dc7caed
sys/vfs.h	36e49a8e51dbc4e1d40c655454984a3fd6d401c482dfdcc74a93b0853918ac38
sys/vlimit.h	d6146db3a7a9758111aaf17179168459cc2d0f5fe652528744108bc1e0acdbc4
sys/vm86.h	7ea622d94f31093a4a40886c75db6d3da03aa924f6f1041b8962ac0ca3f7a4ad
sys/vt.h	59da9715f2ef97be98dc151d0c990b5b29885d72b21fce3b0e8182ac06f17c6a
sys/vtimes.h	dbdc5f664738fd903330111c343de176ca489dd71cdcf6c2d658e784e0ecfb55
sys/wait.h	3575b09af2a32295c6827c7433c1411a196e9a246e0ad4c6745e0c8bafadccf0
sys/xattr.h	6ca35d107582a96fa23a8b157c1cd4152e0fe57b1e240159a21a8bfd189c2002
syscall.h	b7bd8aa55ec85e943bb746706a569f5a455594c4e493bbbe8cf32149545de9e4
sysexits.h	724a3537daa14684344cf8fb771f841643701325a9517c4058c073b17e4281f2
syslog.h	85ccba76d1c50e6abefd04b99c7f90a63299ebd1f52a18726c63ac1e7662d98e
tar.h	90b5f88c8bac149b41e1bcc79dd3bf87480830d3d054c633486ab3cb6cd6c301
termio.h	9387efa5596a0d0cf94978f4cca01f5c914d9e9997c3e9edca8ff1f0392f2ecf
termios.h	5a75aedef3a28e206546b95dd859c41887f036185d3f5a7e3dbb2b31bfc4508c
tgmath.h	82bbf2745bfeb9863397ef49ebc3a359cb5dda28056f377524366f270c55ac80
thread_db.h	e169b68849555662789d93cc23fbec3e644f3d942d8aafca58faba385b5dd1f3
threads.h	ab55c09f50fa69972f9c478e214591d5a2229663d3c0c0393d541905e9d61296
time.h	1db34b2c36f4b12b759f41baf8cba041e1e085be34fb6ae08ccc139543e53026
ttyent.h	abdfe537275a43106230b59f82686c355977912d4927faa2f8f3c8579d760504
uchar.h	3e1ee16b03184c30090c29ba83ac5be2afb473ecc30660f40eb73584abba1bde
ucontext.h	b6ca5d23eb960c4ba1cbde72067b84802d47bf82fe96c2b5c5ff7a48c404c8ae
ulimit.h	9f1df599fba1be04e6d156b0c4d22bae10a874366338d79b544ad3c8d6785aa9
unistd.h	53e1cc9df0c3ee10dd810404fc9e965e9ec98f8de13ab73f84e97ff296d7870f
utime.h	c8c989798c234510dcaec74be763d5bad944883c378ca068e57e45174d50c5b1
utmp.h	0bd6b9973593b304ac40b471cc8d83741da3f28c324ab4bb20a671915a4bd6ee
utmpx.h	48f7f61c5658082df3ca05d236aaad5cfbdbcdd810363e0998ba1e96dbc91cc5
values.h	8d538c587058c005f81748edecb7c91d23c26bb645a5a61ce85d07f7e5400f03
wait.h	c953eb0aab25d400ef690ac094d02854eeeb9b5935a2a9141c041949133db5bc
wchar.h	35fa0facec41e43fd10f7e41e331113e896b87b990f4394a9e45eb2df409f3b6
wctype.h	35c20c121ba64d34c4bcce775e21b08dd91193c4adf30099bdc4e4811ff83763
wordexp.h	3a5dc9bc3f2317e2c4368f62409fdfb3c19d09378522bacc7c2a47a9c42a5d35
