__argc	data	-	-
__argv	data	-	-
__check_rhosts_file	data	-	-
__ctype_ptr__	data	-	-
__cygwin_user_data	data	-	-
__mb_cur_max	data	-	-
__progname	data	-	-
__rcmd_errstr	data	-	-
__stack_chk_guard	data	-	-
_check_for_executable	data	-	-
_ctype_	data	-	-
_daylight	data	-	-
_fe_dfl_env	data	-	-
_fe_nomask_env	data	-	-
_impure_ptr	data	-	-
_sys_errlist	data	-	-
_sys_nerr	data	-	-
_timezone	data	-	-
_tzname	data	-	-
environ	data	-	-
error_message_count	data	-	-
error_one_per_line	data	-	-
error_print_progname	data	-	-
h_errno	data	-	-
in6addr_any	data	-	-
in6addr_loopback	data	-	-
optarg	data	-	-
opterr	data	-	-
optind	data	-	-
optopt	data	-	-
optreset	data	-	-
program_invocation_name	data	-	-
program_invocation_short_name	data	-	-
reent_data	data	-	-
sys_errlist	data	-	_sys_errlist
sys_nerr	data	-	_sys_nerr
sys_sigabbrev	data	-	-
sys_siglist	data	-	-
__assert	func	NOSIGFE	-
__assert_func	func	NOSIGFE	-
__assertfail	func	NOSIGFE	-
__b64_ntop	func	NOSIGFE	-
__b64_pton	func	NOSIGFE	-
__bsd_qsort_r	func	NOSIGFE	-
__chk_fail	func	SIGFE	-
__cpuset_alloc	func	SIGFE	-
__cpuset_free	func	SIGFE	-
__cxa_atexit	func	SIGFE	cygwin__cxa_atexit
__cxa_finalize	func	SIGFE	-
__dn_comp	func	SIGFE	-
__dn_expand	func	SIGFE	-
__dn_skipname	func	SIGFE	-
__eprintf	func	SIGFE	-
__errno	func	NOSIGFE	-
__fbufsize	func	NOSIGFE	-
__flbf	func	NOSIGFE	-
__fpclassifyd	func	NOSIGFE	-
__fpclassifyf	func	NOSIGFE	-
__fpending	func	NOSIGFE	-
__fpurge	func	SIGFE	-
__freadable	func	NOSIGFE	-
__freading	func	NOSIGFE	-
__fsetlocking	func	SIGFE	-
__fwritable	func	NOSIGFE	-
__fwriting	func	NOSIGFE	-
__getpagesize	func	SIGFE	getpagesize
__getreent	func	NOSIGFE	-
__gets_chk	func	SIGFE	-
__gnu_basename	func	NOSIGFE	-
__infinity	func	NOSIGFE	-
__isinfd	func	NOSIGFE	isinf
__isinff	func	NOSIGFE	isinff
__isnand	func	NOSIGFE	isnan
__isnanf	func	NOSIGFE	isnanf
__locale_ctype_ptr	func	NOSIGFE	-
__locale_ctype_ptr_l	func	NOSIGFE	-
__locale_mb_cur_max	func	NOSIGFE	-
__main	func	NOSIGFE	-
__memcpy_chk	func	NOSIGFE	-
__memmove_chk	func	NOSIGFE	-
__mempcpy	func	NOSIGFE	mempcpy
__mempcpy_chk	func	NOSIGFE	-
__memset_chk	func	NOSIGFE	-
__opendir_with_d_ino	func	SIGFE	-
__res_close	func	SIGFE	-
__res_init	func	SIGFE	-
__res_mkquery	func	SIGFE	-
__res_nclose	func	SIGFE	-
__res_ninit	func	SIGFE	-
__res_nmkquery	func	SIGFE	-
__res_nquery	func	SIGFE	-
__res_nquerydomain	func	SIGFE	-
__res_nsearch	func	SIGFE	-
__res_nsend	func	SIGFE	-
__res_query	func	SIGFE	-
__res_querydomain	func	SIGFE	-
__res_search	func	SIGFE	-
__res_send	func	SIGFE	-
__res_state	func	SIGFE	-
__sched_getaffinity_sys	func	SIGFE	-
__signbitd	func	NOSIGFE	-
__signbitf	func	NOSIGFE	-
__signgam	func	NOSIGFE	-
__snprintf_chk	func	SIGFE	-
__sprintf_chk	func	SIGFE	-
__srget	func	SIGFE	-
__srget_r	func	SIGFE	-
__stack_chk_fail	func	SIGFE	-
__stack_chk_fail_local	func	SIGFE	__stack_chk_fail
__stpcpy_chk	func	NOSIGFE	-
__stpncpy_chk	func	NOSIGFE	-
__strcat_chk	func	NOSIGFE	-
__strcpy_chk	func	NOSIGFE	-
__strncat_chk	func	NOSIGFE	-
__strncpy_chk	func	NOSIGFE	-
__swbuf	func	SIGFE	-
__swbuf_r	func	SIGFE	-
__vsnprintf_chk	func	SIGFE	-
__vsprintf_chk	func	SIGFE	-
__wrap__ZdaPv	func	NOSIGFE	-
__wrap__ZdaPvRKSt9nothrow_t	func	NOSIGFE	-
__wrap__ZdlPv	func	NOSIGFE	-
__wrap__ZdlPvRKSt9nothrow_t	func	NOSIGFE	-
__wrap__Znam	func	NOSIGFE	-
__wrap__ZnamRKSt9nothrow_t	func	NOSIGFE	-
__wrap__Znwm	func	NOSIGFE	-
__wrap__ZnwmRKSt9nothrow_t	func	NOSIGFE	-
__xdrrec_getrec	func	SIGFE	-
__xdrrec_setnonblock	func	SIGFE	-
__xpg_sigpause	func	SIGFE	-
__xpg_strerror_r	func	SIGFE	-
_alloca	func	NOSIGFE	__alloca
_dll_crt0	func	NOSIGFE	-
_Exit	func	SIGFE	-
_exit	func	SIGFE	-
_feinitialise	func	NOSIGFE	-
_fscanf_r	func	SIGFE	-
_get_osfhandle	func	SIGFE	-
_longjmp	func	NOSIGFE	longjmp
_pipe	func	SIGFE	-
_pthread_cleanup_pop	func	SIGFE	-
_pthread_cleanup_push	func	SIGFE	-
_setjmp	func	NOSIGFE	setjmp
_setmode	func	SIGFE	cygwin_setmode
a64l	func	NOSIGFE	-
abort	func	NOSIGFE	-
abs	func	NOSIGFE	-
accept	func	SIGFE	cygwin_accept
accept4	func	SIGFE	-
access	func	SIGFE	-
acl	func	SIGFE	-
acl_add_perm	func	NOSIGFE	-
acl_calc_mask	func	SIGFE	-
acl_check	func	NOSIGFE	-
acl_clear_perms	func	NOSIGFE	-
acl_cmp	func	SIGFE	-
acl_copy_entry	func	NOSIGFE	-
acl_copy_ext	func	NOSIGFE	-
acl_copy_int	func	NOSIGFE	-
acl_create_entry	func	SIGFE	-
acl_delete_def_file	func	SIGFE	-
acl_delete_entry	func	NOSIGFE	-
acl_delete_perm	func	NOSIGFE	-
acl_dup	func	SIGFE	-
acl_entries	func	NOSIGFE	-
acl_equiv_mode	func	SIGFE	-
acl_error	func	NOSIGFE	-
acl_extended_fd	func	SIGFE	-
acl_extended_file	func	SIGFE	-
acl_extended_file_nofollow	func	SIGFE	-
acl_free	func	SIGFE	-
acl_from_mode	func	NOSIGFE	-
acl_from_text	func	SIGFE	-
acl_get_entry	func	NOSIGFE	-
acl_get_fd	func	SIGFE	-
acl_get_file	func	SIGFE	-
acl_get_perm	func	NOSIGFE	-
acl_get_permset	func	NOSIGFE	-
acl_get_qualifier	func	SIGFE	-
acl_get_tag_type	func	NOSIGFE	-
acl_init	func	SIGFE	-
acl_set_fd	func	SIGFE	-
acl_set_file	func	SIGFE	-
acl_set_permset	func	NOSIGFE	-
acl_set_qualifier	func	NOSIGFE	-
acl_set_tag_type	func	NOSIGFE	-
acl_size	func	NOSIGFE	-
acl_to_any_text	func	SIGFE	-
acl_to_text	func	SIGFE	-
acl_valid	func	NOSIGFE	-
aclcheck	func	NOSIGFE	-
aclfrommode	func	SIGFE	-
aclfrompbits	func	SIGFE	-
aclfromtext	func	SIGFE	-
aclsort	func	SIGFE	-
acltomode	func	SIGFE	-
acltopbits	func	SIGFE	-
acltotext	func	SIGFE	-
acos	func	NOSIGFE	-
acosf	func	NOSIGFE	-
acosh	func	NOSIGFE	-
acoshf	func	NOSIGFE	-
acoshl	func	NOSIGFE	-
acosl	func	NOSIGFE	-
aio_cancel	func	SIGFE	-
aio_error	func	NOSIGFE	-
aio_fsync	func	SIGFE	-
aio_read	func	SIGFE	-
aio_return	func	NOSIGFE	-
aio_suspend	func	SIGFE	-
aio_write	func	SIGFE	-
alarm	func	SIGFE	-
aligned_alloc	func	SIGFE	-
alphasort	func	NOSIGFE	-
arc4random	func	NOSIGFE	-
arc4random_addrandom	func	NOSIGFE	-
arc4random_buf	func	NOSIGFE	-
arc4random_stir	func	NOSIGFE	-
arc4random_uniform	func	NOSIGFE	-
argz_add	func	SIGFE	-
argz_add_sep	func	SIGFE	-
argz_append	func	SIGFE	-
argz_count	func	NOSIGFE	-
argz_create	func	SIGFE	-
argz_create_sep	func	SIGFE	-
argz_delete	func	SIGFE	-
argz_extract	func	NOSIGFE	-
argz_insert	func	SIGFE	-
argz_next	func	NOSIGFE	-
argz_replace	func	SIGFE	-
argz_stringify	func	NOSIGFE	-
asctime	func	SIGFE	-
asctime_r	func	SIGFE	-
asin	func	NOSIGFE	-
asinf	func	NOSIGFE	-
asinh	func	NOSIGFE	-
asinhf	func	NOSIGFE	-
asinhl	func	NOSIGFE	-
asinl	func	NOSIGFE	-
asnprintf	func	SIGFE	-
asprintf	func	SIGFE	-
at_quick_exit	func	SIGFE	-
atan	func	NOSIGFE	-
atan2	func	NOSIGFE	-
atan2f	func	NOSIGFE	-
atan2l	func	NOSIGFE	-
atanf	func	NOSIGFE	-
atanh	func	NOSIGFE	-
atanhf	func	NOSIGFE	-
atanhl	func	NOSIGFE	-
atanl	func	NOSIGFE	-
atexit	func	SIGFE	cygwin_atexit
atof	func	SIGFE	-
atoff	func	SIGFE	-
atoi	func	NOSIGFE	-
atol	func	NOSIGFE	-
atoll	func	NOSIGFE	-
basename	func	NOSIGFE	-
bcmp	func	NOSIGFE	-
bcopy	func	NOSIGFE	-
bind	func	SIGFE	cygwin_bind
bindresvport	func	SIGFE	cygwin_bindresvport
bindresvport_sa	func	SIGFE	cygwin_bindresvport_sa
bsearch	func	NOSIGFE	-
btowc	func	NOSIGFE	-
bzero	func	NOSIGFE	-
c16rtomb	func	NOSIGFE	-
c32rtomb	func	NOSIGFE	-
cabs	func	NOSIGFE	-
cabsf	func	NOSIGFE	-
cabsl	func	NOSIGFE	-
cacos	func	NOSIGFE	-
cacosf	func	NOSIGFE	-
cacosh	func	NOSIGFE	-
cacoshf	func	NOSIGFE	-
cacoshl	func	NOSIGFE	-
cacosl	func	NOSIGFE	-
call_once	func	SIGFE	-
calloc	func	SIGFE	-
canonicalize_file_name	func	SIGFE	-
carg	func	NOSIGFE	-
cargf	func	NOSIGFE	-
cargl	func	NOSIGFE	-
casin	func	NOSIGFE	-
casinf	func	NOSIGFE	-
casinh	func	NOSIGFE	-
casinhf	func	NOSIGFE	-
casinhl	func	NOSIGFE	-
casinl	func	NOSIGFE	-
catan	func	NOSIGFE	-
catanf	func	NOSIGFE	-
catanh	func	NOSIGFE	-
catanhf	func	NOSIGFE	-
catanhl	func	NOSIGFE	-
catanl	func	NOSIGFE	-
catclose	func	SIGFE	-
catgets	func	SIGFE	-
catopen	func	SIGFE	-
cbrt	func	NOSIGFE	-
cbrtf	func	NOSIGFE	-
cbrtl	func	NOSIGFE	-
ccos	func	NOSIGFE	-
ccosf	func	NOSIGFE	-
ccosh	func	NOSIGFE	-
ccoshf	func	NOSIGFE	-
ccoshl	func	NOSIGFE	-
ccosl	func	NOSIGFE	-
ceil	func	NOSIGFE	-
ceilf	func	NOSIGFE	-
ceill	func	NOSIGFE	-
cexp	func	NOSIGFE	-
cexpf	func	NOSIGFE	-
cexpl	func	NOSIGFE	-
cfgetispeed	func	NOSIGFE	-
cfgetospeed	func	NOSIGFE	-
cfmakeraw	func	NOSIGFE	-
cfsetispeed	func	SIGFE	-
cfsetospeed	func	SIGFE	-
cfsetspeed	func	SIGFE	-
chdir	func	SIGFE	-
chmod	func	SIGFE	-
chown	func	SIGFE	-
chroot	func	SIGFE	-
cimag	func	NOSIGFE	-
cimagf	func	NOSIGFE	-
cimagl	func	NOSIGFE	-
clearenv	func	SIGFE	-
clearerr	func	SIGFE	-
clearerr_unlocked	func	SIGFE	-
clock	func	SIGFE	-
clock_getcpuclockid	func	SIGFE	-
clock_getres	func	SIGFE	-
clock_gettime	func	SIGFE	-
clock_nanosleep	func	SIGFE	-
clock_setres	func	SIGFE	-
clock_settime	func	SIGFE	-
clog	func	NOSIGFE	-
clog10	func	NOSIGFE	-
clog10f	func	NOSIGFE	-
clog10l	func	NOSIGFE	-
clogf	func	NOSIGFE	-
clogl	func	NOSIGFE	-
close	func	SIGFE	-
close_range	func	SIGFE	-
closedir	func	SIGFE	-
closelog	func	SIGFE	-
cnd_broadcast	func	SIGFE	-
cnd_destroy	func	SIGFE	-
cnd_init	func	SIGFE	-
cnd_signal	func	SIGFE	-
cnd_timedwait	func	SIGFE	-
cnd_wait	func	SIGFE	-
confstr	func	NOSIGFE	-
conj	func	NOSIGFE	-
conjf	func	NOSIGFE	-
conjl	func	NOSIGFE	-
connect	func	SIGFE	cygwin_connect
copysign	func	NOSIGFE	-
copysignf	func	NOSIGFE	-
copysignl	func	NOSIGFE	-
cos	func	NOSIGFE	-
cosf	func	NOSIGFE	-
cosh	func	NOSIGFE	-
coshf	func	NOSIGFE	-
coshl	func	NOSIGFE	-
cosl	func	NOSIGFE	-
cpow	func	NOSIGFE	-
cpowf	func	NOSIGFE	-
cpowl	func	NOSIGFE	-
cproj	func	NOSIGFE	-
cprojf	func	NOSIGFE	-
cprojl	func	NOSIGFE	-
creal	func	NOSIGFE	-
crealf	func	NOSIGFE	-
creall	func	NOSIGFE	-
creat	func	SIGFE	-
csin	func	NOSIGFE	-
csinf	func	NOSIGFE	-
csinh	func	NOSIGFE	-
csinhf	func	NOSIGFE	-
csinhl	func	NOSIGFE	-
csinl	func	NOSIGFE	-
csqrt	func	NOSIGFE	-
csqrtf	func	NOSIGFE	-
csqrtl	func	NOSIGFE	-
ctan	func	NOSIGFE	-
ctanf	func	NOSIGFE	-
ctanh	func	NOSIGFE	-
ctanhf	func	NOSIGFE	-
ctanhl	func	NOSIGFE	-
ctanl	func	NOSIGFE	-
ctermid	func	SIGFE	-
ctime	func	SIGFE	-
ctime_r	func	SIGFE	-
cuserid	func	NOSIGFE	-
cwait	func	SIGFE	-
cygwin_attach_handle_to_fd	func	SIGFE	-
cygwin_conv_path	func	SIGFE	-
cygwin_conv_path_list	func	SIGFE	-
cygwin_create_path	func	SIGFE	-
cygwin_detach_dll	func	SIGFE_MAYBE	-
cygwin_dll_init	func	NOSIGFE	-
cygwin_internal	func	NOSIGFE	-
cygwin_logon_user	func	SIGFE	-
cygwin_posix_path_list_p	func	NOSIGFE	-
cygwin_set_impersonation_token	func	SIGFE	-
cygwin_split_path	func	NOSIGFE	-
cygwin_stackdump	func	SIGFE	-
cygwin_umount	func	SIGFE	-
cygwin_winpid_to_pid	func	SIGFE	-
daemon	func	SIGFE	-
dbm_clearerr	func	SIGFE	-
dbm_close	func	SIGFE	-
dbm_delete	func	SIGFE	-
dbm_dirfno	func	SIGFE	-
dbm_error	func	SIGFE	-
dbm_fetch	func	SIGFE	-
dbm_firstkey	func	SIGFE	-
dbm_nextkey	func	SIGFE	-
dbm_open	func	SIGFE	-
dbm_store	func	SIGFE	-
difftime	func	NOSIGFE	-
dirfd	func	SIGFE	-
dirname	func	NOSIGFE	-
div	func	NOSIGFE	-
dladdr	func	SIGFE	-
dlclose	func	SIGFE	-
dlerror	func	NOSIGFE	-
dlfork	func	NOSIGFE	-
dll_crt0__FP11per_process	func	NOSIGFE	-
dll_dllcrt0	func	NOSIGFE	-
dll_entry	func	NOSIGFE	-
dlopen	func	SIGFE	-
dlsym	func	SIGFE	-
dn_comp	func	SIGFE	__dn_comp
dn_expand	func	SIGFE	__dn_expand
dn_skipname	func	SIGFE	__dn_skipname
dprintf	func	SIGFE	-
drand48	func	NOSIGFE	-
drem	func	NOSIGFE	remainder
dremf	func	NOSIGFE	remainderf
dreml	func	NOSIGFE	remainderl
dup	func	SIGFE	-
dup2	func	SIGFE	-
dup3	func	SIGFE	-
duplocale	func	SIGFE	-
eaccess	func	SIGFE	euidaccess
ecvt	func	SIGFE	-
ecvtbuf	func	SIGFE	-
ecvtf	func	SIGFE	-
endgrent	func	NOSIGFE	-
endhostent	func	NOSIGFE	-
endmntent	func	NOSIGFE	-
endprotoent	func	SIGFE	cygwin_endprotoent
endpwent	func	NOSIGFE	-
endservent	func	SIGFE	cygwin_endservent
endusershell	func	SIGFE	-
endutent	func	SIGFE	-
endutxent	func	SIGFE	-
envz_add	func	SIGFE	-
envz_entry	func	NOSIGFE	-
envz_get	func	NOSIGFE	-
envz_merge	func	SIGFE	-
envz_remove	func	SIGFE	-
envz_strip	func	SIGFE	-
erand48	func	NOSIGFE	-
erf	func	NOSIGFE	-
erfc	func	NOSIGFE	-
erfcf	func	NOSIGFE	-
erfcl	func	NOSIGFE	-
erff	func	NOSIGFE	-
erfl	func	NOSIGFE	-
err	func	SIGFE	-
error	func	SIGFE	-
error_at_line	func	SIGFE	-
errx	func	SIGFE	-
euidaccess	func	SIGFE	-
execl	func	SIGFE	-
execle	func	SIGFE	-
execlp	func	SIGFE	-
execv	func	SIGFE	-
execve	func	SIGFE	-
execvp	func	SIGFE	-
execvpe	func	SIGFE	-
exit	func	SIGFE	cygwin_exit
exp	func	NOSIGFE	-
exp10	func	NOSIGFE	-
exp10f	func	NOSIGFE	-
exp10l	func	NOSIGFE	-
exp2	func	NOSIGFE	-
exp2f	func	NOSIGFE	-
exp2l	func	NOSIGFE	-
expf	func	NOSIGFE	-
expl	func	NOSIGFE	-
explicit_bzero	func	NOSIGFE	-
expm1	func	NOSIGFE	-
expm1f	func	NOSIGFE	-
expm1l	func	NOSIGFE	-
fabs	func	NOSIGFE	-
fabsf	func	NOSIGFE	-
fabsl	func	NOSIGFE	-
faccessat	func	SIGFE	-
facl	func	SIGFE	-
fallocate	func	SIGFE	-
fchdir	func	SIGFE	-
fchmod	func	SIGFE	-
fchmodat	func	SIGFE	-
fchown	func	SIGFE	-
fchownat	func	SIGFE	-
fclose	func	SIGFE	-
fcloseall	func	SIGFE	-
fcntl	func	SIGFE	-
fcvt	func	SIGFE	-
fcvtbuf	func	SIGFE	-
fcvtf	func	SIGFE	-
fdatasync	func	SIGFE	-
fdclosedir	func	SIGFE	-
fdim	func	NOSIGFE	-
fdimf	func	NOSIGFE	-
fdiml	func	NOSIGFE	-
fdopen	func	SIGFE	-
fdopendir	func	SIGFE	-
feclearexcept	func	NOSIGFE	-
fedisableexcept	func	NOSIGFE	-
feenableexcept	func	SIGFE	-
fegetenv	func	NOSIGFE	-
fegetexcept	func	NOSIGFE	-
fegetexceptflag	func	NOSIGFE	-
fegetprec	func	NOSIGFE	-
fegetround	func	NOSIGFE	-
feholdexcept	func	SIGFE	-
feof	func	SIGFE	-
feof_unlocked	func	SIGFE	-
feraiseexcept	func	NOSIGFE	-
ferror	func	SIGFE	-
ferror_unlocked	func	SIGFE	-
fesetenv	func	SIGFE	-
fesetexceptflag	func	SIGFE	-
fesetprec	func	NOSIGFE	-
fesetround	func	NOSIGFE	-
fetestexcept	func	NOSIGFE	-
feupdateenv	func	SIGFE	-
fexecve	func	SIGFE	-
fflush	func	SIGFE	-
fflush_unlocked	func	SIGFE	-
ffs	func	NOSIGFE	-
ffsl	func	NOSIGFE	-
ffsll	func	NOSIGFE	-
fgetc	func	SIGFE	-
fgetc_unlocked	func	SIGFE	-
fgetpos	func	SIGFE	-
fgets	func	SIGFE	-
fgets_unlocked	func	SIGFE	-
fgetwc	func	SIGFE	-
fgetwc_unlocked	func	SIGFE	-
fgetws	func	SIGFE	-
fgetws_unlocked	func	SIGFE	-
fgetxattr	func	SIGFE	-
fileno	func	SIGFE	-
fileno_unlocked	func	SIGFE	-
finite	func	NOSIGFE	-
finitef	func	NOSIGFE	-
finitel	func	NOSIGFE	-
fiprintf	func	SIGFE	-
flistxattr	func	SIGFE	-
flock	func	SIGFE	-
flockfile	func	SIGFE	-
floor	func	NOSIGFE	-
floorf	func	NOSIGFE	-
floorl	func	NOSIGFE	-
fls	func	NOSIGFE	-
flsl	func	NOSIGFE	-
flsll	func	NOSIGFE	-
fma	func	NOSIGFE	-
fmaf	func	NOSIGFE	-
fmal	func	NOSIGFE	-
fmax	func	NOSIGFE	-
fmaxf	func	NOSIGFE	-
fmaxl	func	NOSIGFE	-
fmemopen	func	SIGFE	-
fmin	func	NOSIGFE	-
fminf	func	NOSIGFE	-
fminl	func	NOSIGFE	-
fmod	func	NOSIGFE	-
fmodf	func	NOSIGFE	-
fmodl	func	NOSIGFE	-
fnmatch	func	NOSIGFE	-
fopen	func	SIGFE	-
fopencookie	func	SIGFE	-
fork	func	SIGFE	-
forkpty	func	SIGFE	-
fpathconf	func	SIGFE	-
fprintf	func	SIGFE	-
fpurge	func	SIGFE	-
fputc	func	SIGFE	-
fputc_unlocked	func	SIGFE	-
fputs	func	SIGFE	-
fputs_unlocked	func	SIGFE	-
fputwc	func	SIGFE	-
fputwc_unlocked	func	SIGFE	-
fputws	func	SIGFE	-
fputws_unlocked	func	SIGFE	-
fread	func	SIGFE	-
fread_unlocked	func	SIGFE	-
free	func	SIGFE	-
freeaddrinfo	func	SIGFE	cygwin_freeaddrinfo
freeifaddrs	func	SIGFE	-
freelocale	func	SIGFE	-
fremovexattr	func	SIGFE	-
freopen	func	SIGFE	-
frexp	func	NOSIGFE	-
frexpf	func	NOSIGFE	-
frexpl	func	NOSIGFE	-
fscanf	func	SIGFE	-
fseek	func	SIGFE	-
fseeko	func	SIGFE	-
fsetpos	func	SIGFE	-
fsetxattr	func	SIGFE	-
fstat	func	SIGFE	-
fstatat	func	SIGFE	-
fstatfs	func	SIGFE	-
fstatvfs	func	SIGFE	-
fsync	func	SIGFE	-
ftell	func	SIGFE	-
ftello	func	SIGFE	-
ftime	func	SIGFE	-
ftok	func	SIGFE	-
ftruncate	func	SIGFE	-
ftrylockfile	func	SIGFE	-
fts_children	func	SIGFE	-
fts_close	func	SIGFE	-
fts_get_clientptr	func	NOSIGFE	-
fts_get_stream	func	NOSIGFE	-
fts_open	func	SIGFE	-
fts_read	func	SIGFE	-
fts_set	func	NOSIGFE	-
fts_set_clientptr	func	NOSIGFE	-
ftw	func	SIGFE	-
funlockfile	func	SIGFE	-
funopen	func	SIGFE	-
futimens	func	SIGFE	-
futimes	func	SIGFE	-
futimesat	func	SIGFE	-
fwide	func	SIGFE	-
fwprintf	func	SIGFE	-
fwrite	func	SIGFE	-
fwrite_unlocked	func	SIGFE	-
fwscanf	func	SIGFE	-
gai_strerror	func	NOSIGFE	cygwin_gai_strerror
gamma	func	NOSIGFE	-
gamma_r	func	NOSIGFE	-
gammaf	func	NOSIGFE	-
gammaf_r	func	NOSIGFE	-
gcvt	func	SIGFE	-
gcvtf	func	SIGFE	-
get_avphys_pages	func	SIGFE	-
get_current_dir_name	func	SIGFE	-
get_nprocs	func	SIGFE	-
get_nprocs_conf	func	SIGFE	-
get_phys_pages	func	SIGFE	-
getaddrinfo	func	SIGFE	cygwin_getaddrinfo
getc	func	SIGFE	-
getc_unlocked	func	SIGFE	-
getchar	func	SIGFE	-
getchar_unlocked	func	SIGFE	-
GetCommandLineA@0	func	NOSIGFE	cygwin_GetCommandLineA@0
GetCommandLineW@0	func	NOSIGFE	cygwin_GetCommandLineW@0
getcontext	func	NOSIGFE	-
getcwd	func	SIGFE	-
getdelim	func	SIGFE	__getdelim
getdomainname	func	SIGFE	-
getdtablesize	func	NOSIGFE	-
getegid	func	NOSIGFE	-
getentropy	func	SIGFE	-
getenv	func	NOSIGFE	-
geteuid	func	NOSIGFE	-
getgid	func	NOSIGFE	-
getgrent	func	SIGFE	-
getgrgid	func	SIGFE	-
getgrgid_r	func	SIGFE	-
getgrnam	func	SIGFE	-
getgrnam_r	func	SIGFE	-
getgrouplist	func	SIGFE	-
getgroups	func	SIGFE	-
gethostbyaddr	func	SIGFE	cygwin_gethostbyaddr
gethostbyname	func	SIGFE	cygwin_gethostbyname
gethostbyname2	func	SIGFE	-
gethostid	func	SIGFE	-
gethostname	func	SIGFE	cygwin_gethostname
getifaddrs	func	SIGFE	-
getitimer	func	SIGFE	-
getline	func	SIGFE	__getline
getloadavg	func	SIGFE	-
getlocalename_l	func	SIGFE	-
getlogin	func	NOSIGFE	-
getlogin_r	func	NOSIGFE	-
getmntent	func	SIGFE	-
getmntent_r	func	SIGFE	-
getmode	func	SIGFE	-
getnameinfo	func	SIGFE	cygwin_getnameinfo
getopt	func	SIGFE	-
getopt_long	func	SIGFE	-
getopt_long_only	func	SIGFE	-
getpagesize	func	SIGFE	-
getpass	func	SIGFE	-
getpeereid	func	SIGFE	-
getpeername	func	SIGFE	cygwin_getpeername
getpgid	func	SIGFE	-
getpgrp	func	SIGFE	-
getpid	func	NOSIGFE	-
getppid	func	NOSIGFE	-
getpriority	func	SIGFE	-
getprogname	func	NOSIGFE	-
getprotobyname	func	SIGFE	cygwin_getprotobyname
getprotobynumber	func	SIGFE	cygwin_getprotobynumber
getprotoent	func	SIGFE	cygwin_getprotoent
getpt	func	SIGFE	-
getpwent	func	SIGFE	-
getpwnam	func	SIGFE	-
getpwnam_r	func	SIGFE	-
getpwuid	func	SIGFE	-
getpwuid_r	func	SIGFE	-
getrandom	func	SIGFE	-
getrlimit	func	SIGFE	-
getrusage	func	SIGFE	-
gets	func	SIGFE	-
getservbyname	func	SIGFE	cygwin_getservbyname
getservbyport	func	SIGFE	cygwin_getservbyport
getservent	func	SIGFE	cygwin_getservent
getsid	func	SIGFE	-
getsockname	func	SIGFE	cygwin_getsockname
getsockopt	func	SIGFE	cygwin_getsockopt
getsubopt	func	NOSIGFE	-
gettimeofday	func	SIGFE	-
getuid	func	NOSIGFE	-
getusershell	func	SIGFE	-
getutent	func	SIGFE	-
getutid	func	SIGFE	-
getutline	func	SIGFE	-
getutxent	func	SIGFE	-
getutxid	func	SIGFE	-
getutxline	func	SIGFE	-
getw	func	SIGFE	-
getwc	func	SIGFE	-
getwc_unlocked	func	SIGFE	-
getwchar	func	SIGFE	-
getwchar_unlocked	func	SIGFE	-
getwd	func	SIGFE	-
getxattr	func	SIGFE	-
glob	func	SIGFE	-
glob_pattern_p	func	none	-
globfree	func	SIGFE	-
gmtime	func	SIGFE	-
gmtime_r	func	SIGFE	-
grantpt	func	NOSIGFE	-
hcreate	func	SIGFE	-
hcreate_r	func	SIGFE	-
hdestroy	func	SIGFE	-
hdestroy_r	func	SIGFE	-
herror	func	SIGFE	cygwin_herror
hsearch	func	SIGFE	-
hsearch_r	func	SIGFE	-
hstrerror	func	NOSIGFE	cygwin_hstrerror
htonl	func	NOSIGFE	-
htons	func	NOSIGFE	-
hypot	func	NOSIGFE	-
hypotf	func	NOSIGFE	-
hypotl	func	NOSIGFE	-
if_freenameindex	func	SIGFE	-
if_indextoname	func	SIGFE	cygwin_if_indextoname
if_nameindex	func	SIGFE	-
if_nametoindex	func	SIGFE	cygwin_if_nametoindex
ilogb	func	NOSIGFE	-
ilogbf	func	NOSIGFE	-
ilogbl	func	NOSIGFE	-
imaxabs	func	NOSIGFE	llabs
imaxdiv	func	NOSIGFE	lldiv
index	func	NOSIGFE	-
inet_addr	func	SIGFE	cygwin_inet_addr
inet_aton	func	SIGFE	cygwin_inet_aton
inet_makeaddr	func	NOSIGFE	-
inet_netof	func	NOSIGFE	-
inet_network	func	SIGFE	cygwin_inet_network
inet_ntoa	func	SIGFE	cygwin_inet_ntoa
inet_ntop	func	SIGFE	cygwin_inet_ntop
inet_pton	func	SIGFE	cygwin_inet_pton
infinity	func	NOSIGFE	-
infinityf	func	NOSIGFE	-
initgroups	func	SIGFE	-
initstate	func	NOSIGFE	-
insque	func	NOSIGFE	-
ioctl	func	SIGFE	-
iprintf	func	SIGFE	-
iruserok	func	SIGFE	-
iruserok_sa	func	SIGFE	-
isalnum	func	NOSIGFE	-
isalnum_l	func	NOSIGFE	-
isalpha	func	NOSIGFE	-
isalpha_l	func	NOSIGFE	-
isascii	func	NOSIGFE	-
isascii_l	func	NOSIGFE	-
isatty	func	SIGFE	-
isblank	func	NOSIGFE	-
isblank_l	func	NOSIGFE	-
iscntrl	func	NOSIGFE	-
iscntrl_l	func	NOSIGFE	-
isdigit	func	NOSIGFE	-
isdigit_l	func	NOSIGFE	-
isgraph	func	NOSIGFE	-
isgraph_l	func	NOSIGFE	-
isinf	func	NOSIGFE	-
isinff	func	NOSIGFE	-
isinfl	func	NOSIGFE	-
islower	func	NOSIGFE	-
islower_l	func	NOSIGFE	-
isnan	func	NOSIGFE	-
isnanf	func	NOSIGFE	-
isnanl	func	NOSIGFE	-
isprint	func	NOSIGFE	-
isprint_l	func	NOSIGFE	-
ispunct	func	NOSIGFE	-
ispunct_l	func	NOSIGFE	-
issetugid	func	NOSIGFE	-
isspace	func	NOSIGFE	-
isspace_l	func	NOSIGFE	-
isupper	func	NOSIGFE	-
isupper_l	func	NOSIGFE	-
iswalnum	func	NOSIGFE	-
iswalnum_l	func	NOSIGFE	-
iswalpha	func	NOSIGFE	-
iswalpha_l	func	NOSIGFE	-
iswblank	func	NOSIGFE	-
iswblank_l	func	NOSIGFE	-
iswcntrl	func	NOSIGFE	-
iswcntrl_l	func	NOSIGFE	-
iswctype	func	NOSIGFE	-
iswctype_l	func	NOSIGFE	-
iswdigit	func	NOSIGFE	-
iswdigit_l	func	NOSIGFE	-
iswgraph	func	NOSIGFE	-
iswgraph_l	func	NOSIGFE	-
iswlower	func	NOSIGFE	-
iswlower_l	func	NOSIGFE	-
iswprint	func	NOSIGFE	-
iswprint_l	func	NOSIGFE	-
iswpunct	func	NOSIGFE	-
iswpunct_l	func	NOSIGFE	-
iswspace	func	NOSIGFE	-
iswspace_l	func	NOSIGFE	-
iswupper	func	NOSIGFE	-
iswupper_l	func	NOSIGFE	-
iswxdigit	func	NOSIGFE	-
iswxdigit_l	func	NOSIGFE	-
isxdigit	func	NOSIGFE	-
isxdigit_l	func	NOSIGFE	-
j0	func	NOSIGFE	-
j0f	func	NOSIGFE	-
j1	func	NOSIGFE	-
j1f	func	NOSIGFE	-
jn	func	NOSIGFE	-
jnf	func	NOSIGFE	-
jrand48	func	NOSIGFE	-
kill	func	SIGFE	-
killpg	func	SIGFE	-
l64a	func	NOSIGFE	-
labs	func	NOSIGFE	-
lchown	func	SIGFE	-
lcong48	func	NOSIGFE	-
ldexp	func	NOSIGFE	-
ldexpf	func	NOSIGFE	-
ldexpl	func	NOSIGFE	-
ldiv	func	NOSIGFE	-
lfind	func	NOSIGFE	-
lgamma	func	NOSIGFE	-
lgamma_r	func	NOSIGFE	-
lgammaf	func	NOSIGFE	-
lgammaf_r	func	NOSIGFE	-
lgammal	func	NOSIGFE	-
lgammal_r	func	NOSIGFE	-
lgetxattr	func	SIGFE	-
link	func	SIGFE	-
linkat	func	SIGFE	-
lio_listio	func	SIGFE	-
listen	func	SIGFE	cygwin_listen
listxattr	func	SIGFE	-
llabs	func	NOSIGFE	-
lldiv	func	NOSIGFE	-
llistxattr	func	SIGFE	-
llrint	func	NOSIGFE	-
llrintf	func	NOSIGFE	-
llrintl	func	NOSIGFE	-
llround	func	NOSIGFE	-
llroundf	func	NOSIGFE	-
llroundl	func	NOSIGFE	-
localeconv	func	NOSIGFE	-
localtime	func	SIGFE	-
localtime_r	func	SIGFE	-
lockf	func	SIGFE	-
log	func	NOSIGFE	-
log10	func	NOSIGFE	-
log10f	func	NOSIGFE	-
log10l	func	NOSIGFE	-
log1p	func	NOSIGFE	-
log1pf	func	NOSIGFE	-
log1pl	func	NOSIGFE	-
log2	func	NOSIGFE	-
log2f	func	NOSIGFE	-
log2l	func	NOSIGFE	-
logb	func	NOSIGFE	-
logbf	func	NOSIGFE	-
logbl	func	NOSIGFE	-
logf	func	NOSIGFE	-
login	func	SIGFE	-
login_tty	func	SIGFE	-
logl	func	NOSIGFE	-
logout	func	SIGFE	-
logwtmp	func	SIGFE	-
longjmp	func	NOSIGFE	-
lrand48	func	NOSIGFE	-
lremovexattr	func	SIGFE	-
lrint	func	NOSIGFE	-
lrintf	func	NOSIGFE	-
lrintl	func	NOSIGFE	-
lround	func	NOSIGFE	-
lroundf	func	NOSIGFE	-
lroundl	func	NOSIGFE	-
lsearch	func	NOSIGFE	-
lseek	func	SIGFE	-
lsetxattr	func	SIGFE	-
lstat	func	SIGFE	-
lutimes	func	SIGFE	-
madvise	func	SIGFE	posix_madvise
makecontext	func	NOSIGFE	-
mallinfo	func	SIGFE	-
malloc	func	SIGFE	-
malloc_stats	func	SIGFE	-
malloc_trim	func	SIGFE	-
malloc_usable_size	func	SIGFE	-
mallopt	func	SIGFE	-
mblen	func	NOSIGFE	-
mbrtoc16	func	NOSIGFE	-
mbrtoc32	func	NOSIGFE	-
mbrlen	func	NOSIGFE	-
mbrtowc	func	NOSIGFE	-
mbsinit	func	NOSIGFE	-
mbsnrtowcs	func	NOSIGFE	-
mbsrtowcs	func	NOSIGFE	-
mbstowcs	func	NOSIGFE	-
mbtowc	func	NOSIGFE	-
memalign	func	SIGFE	-
memccpy	func	NOSIGFE	-
memchr	func	NOSIGFE	-
memcmp	func	NOSIGFE	-
memcpy	func	NOSIGFE	-
memmem	func	NOSIGFE	-
memmove	func	NOSIGFE	-
mempcpy	func	NOSIGFE	-
memrchr	func	NOSIGFE	-
memset	func	NOSIGFE	-
mkdir	func	SIGFE	-
mkdirat	func	SIGFE	-
mkdtemp	func	SIGFE	-
mkfifo	func	SIGFE	-
mkfifoat	func	SIGFE	-
mknod	func	SIGFE	-
mknodat	func	SIGFE	-
mkostemp	func	SIGFE	-
mkostemps	func	SIGFE	-
mkstemp	func	SIGFE	-
mkstemps	func	SIGFE	-
mktemp	func	SIGFE	-
mktime	func	SIGFE	-
mlock	func	SIGFE	-
mmap	func	SIGFE	-
modf	func	NOSIGFE	-
modff	func	NOSIGFE	-
modfl	func	NOSIGFE	-
mount	func	SIGFE	-
mprotect	func	SIGFE	-
mq_close	func	SIGFE	-
mq_getattr	func	SIGFE	-
mq_notify	func	SIGFE	-
mq_open	func	SIGFE	-
mq_receive	func	SIGFE	-
mq_send	func	SIGFE	-
mq_setattr	func	SIGFE	-
mq_timedreceive	func	SIGFE	-
mq_timedsend	func	SIGFE	-
mq_unlink	func	SIGFE	-
mrand48	func	NOSIGFE	-
msgctl	func	SIGFE	-
msgget	func	SIGFE	-
msgrcv	func	SIGFE	-
msgsnd	func	SIGFE	-
msync	func	SIGFE	-
mtx_destroy	func	SIGFE	-
mtx_init	func	SIGFE	-
mtx_lock	func	SIGFE	-
mtx_timedlock	func	SIGFE	-
mtx_trylock	func	SIGFE	-
mtx_unlock	func	SIGFE	-
munlock	func	SIGFE	-
munmap	func	SIGFE	-
nan	func	NOSIGFE	-
nanf	func	NOSIGFE	-
nanl	func	NOSIGFE	-
nanosleep	func	SIGFE	-
nearbyint	func	NOSIGFE	-
nearbyintf	func	NOSIGFE	-
nearbyintl	func	NOSIGFE	-
newlocale	func	SIGFE	-
nextafter	func	NOSIGFE	-
nextafterf	func	NOSIGFE	-
nextafterl	func	NOSIGFE	-
nexttoward	func	NOSIGFE	-
nexttowardf	func	NOSIGFE	-
nexttowardl	func	NOSIGFE	-
nftw	func	SIGFE	-
nice	func	SIGFE	-
nl_langinfo	func	SIGFE	-
nl_langinfo_l	func	SIGFE	-
nrand48	func	NOSIGFE	-
ntohl	func	NOSIGFE	-
ntohs	func	NOSIGFE	-
on_exit	func	SIGFE	-
open	func	SIGFE	-
open_memstream	func	SIGFE	-
open_wmemstream	func	SIGFE	-
openat	func	SIGFE	-
opendir	func	SIGFE	-
openlog	func	SIGFE	-
openpty	func	SIGFE	-
pathconf	func	SIGFE	-
pause	func	SIGFE	-
pclose	func	SIGFE	-
perror	func	SIGFE	-
pipe	func	SIGFE	-
pipe2	func	SIGFE	-
poll	func	SIGFE	-
popen	func	SIGFE	-
posix_close	func	SIGFE	-
posix_fadvise	func	SIGFE	-
posix_fallocate	func	SIGFE	-
posix_getdents	func	SIGFE	-
posix_madvise	func	SIGFE	-
posix_memalign	func	SIGFE	-
posix_openpt	func	SIGFE	-
posix_spawn	func	SIGFE	-
posix_spawn_file_actions_addchdir	func	SIGFE	posix_spawn_file_actions_addchdir_np
posix_spawn_file_actions_addchdir_np	func	SIGFE	-
posix_spawn_file_actions_addclose	func	SIGFE	-
posix_spawn_file_actions_adddup2	func	SIGFE	-
posix_spawn_file_actions_addfchdir	func	SIGFE	posix_spawn_file_actions_addfchdir_np
posix_spawn_file_actions_addfchdir_np	func	SIGFE	-
posix_spawn_file_actions_addopen	func	SIGFE	-
posix_spawn_file_actions_destroy	func	SIGFE	-
posix_spawn_file_actions_init	func	SIGFE	-
posix_spawnattr_destroy	func	SIGFE	-
posix_spawnattr_getflags	func	NOSIGFE	-
posix_spawnattr_getpgroup	func	NOSIGFE	-
posix_spawnattr_getschedparam	func	NOSIGFE	-
posix_spawnattr_getschedpolicy	func	NOSIGFE	-
posix_spawnattr_getsigdefault	func	NOSIGFE	-
posix_spawnattr_getsigmask	func	NOSIGFE	-
posix_spawnattr_init	func	SIGFE	-
posix_spawnattr_setflags	func	NOSIGFE	-
posix_spawnattr_setpgroup	func	NOSIGFE	-
posix_spawnattr_setschedparam	func	NOSIGFE	-
posix_spawnattr_setschedpolicy	func	NOSIGFE	-
posix_spawnattr_setsigdefault	func	NOSIGFE	-
posix_spawnattr_setsigmask	func	NOSIGFE	-
posix_spawnp	func	SIGFE	-
pow	func	NOSIGFE	-
pow10	func	NOSIGFE	-
pow10f	func	NOSIGFE	-
pow10l	func	NOSIGFE	-
powf	func	NOSIGFE	-
powl	func	NOSIGFE	-
ppoll	func	SIGFE	-
pread	func	SIGFE	-
printf	func	SIGFE	-
pselect	func	SIGFE	-
psiginfo	func	SIGFE	-
psignal	func	SIGFE	-
pthread_atfork	func	SIGFE	-
pthread_attr_destroy	func	SIGFE	-
pthread_attr_getdetachstate	func	SIGFE	-
pthread_attr_getguardsize	func	SIGFE	-
pthread_attr_getinheritsched	func	SIGFE	-
pthread_attr_getschedparam	func	SIGFE	-
pthread_attr_getschedpolicy	func	SIGFE	-
pthread_attr_getscope	func	SIGFE	-
pthread_attr_getstack	func	SIGFE	-
pthread_attr_getstackaddr	func	SIGFE	-
pthread_attr_getstacksize	func	SIGFE	-
pthread_attr_init	func	SIGFE	-
pthread_attr_setdetachstate	func	SIGFE	-
pthread_attr_setguardsize	func	SIGFE	-
pthread_attr_setinheritsched	func	SIGFE	-
pthread_attr_setschedparam	func	SIGFE	-
pthread_attr_setschedpolicy	func	SIGFE	-
pthread_attr_setscope	func	SIGFE	-
pthread_attr_setstack	func	SIGFE	-
pthread_attr_setstackaddr	func	SIGFE	-
pthread_attr_setstacksize	func	SIGFE	-
pthread_barrier_destroy	func	SIGFE	-
pthread_barrier_init	func	SIGFE	-
pthread_barrier_wait	func	SIGFE	-
pthread_barrierattr_destroy	func	SIGFE	-
pthread_barrierattr_getpshared	func	SIGFE	-
pthread_barrierattr_init	func	SIGFE	-
pthread_barrierattr_setpshared	func	SIGFE	-
pthread_cancel	func	SIGFE	-
pthread_cond_broadcast	func	SIGFE	-
pthread_cond_clockwait	func	SIGFE	-
pthread_cond_destroy	func	SIGFE	-
pthread_cond_init	func	SIGFE	-
pthread_cond_signal	func	SIGFE	-
pthread_cond_timedwait	func	SIGFE	-
pthread_cond_wait	func	SIGFE	-
pthread_condattr_destroy	func	SIGFE	-
pthread_condattr_getclock	func	SIGFE	-
pthread_condattr_getpshared	func	SIGFE	-
pthread_condattr_init	func	SIGFE	-
pthread_condattr_setclock	func	SIGFE	-
pthread_condattr_setpshared	func	SIGFE	-
pthread_continue	func	SIGFE	-
pthread_create	func	SIGFE	-
pthread_detach	func	SIGFE	-
pthread_equal	func	SIGFE	-
pthread_exit	func	SIGFE	-
pthread_getaffinity_np	func	SIGFE	-
pthread_getattr_np	func	SIGFE	-
pthread_getconcurrency	func	SIGFE	-
pthread_getcpuclockid	func	SIGFE	-
pthread_getname_np	func	SIGFE	-
pthread_getschedparam	func	SIGFE	-
pthread_getsequence_np	func	SIGFE	-
pthread_getspecific	func	SIGFE	-
pthread_join	func	SIGFE	-
pthread_key_create	func	SIGFE	-
pthread_key_delete	func	SIGFE	-
pthread_kill	func	SIGFE	-
pthread_mutex_clocklock	func	SIGFE	-
pthread_mutex_destroy	func	SIGFE	-
pthread_mutex_getprioceiling	func	SIGFE	-
pthread_mutex_init	func	SIGFE	-
pthread_mutex_lock	func	SIGFE	-
pthread_mutex_setprioceiling	func	SIGFE	-
pthread_mutex_timedlock	func	SIGFE	-
pthread_mutex_trylock	func	SIGFE	-
pthread_mutex_unlock	func	SIGFE	-
pthread_mutexattr_destroy	func	SIGFE	-
pthread_mutexattr_getprioceiling	func	SIGFE	-
pthread_mutexattr_getprotocol	func	SIGFE	-
pthread_mutexattr_getpshared	func	SIGFE	-
pthread_mutexattr_gettype	func	SIGFE	-
pthread_mutexattr_init	func	SIGFE	-
pthread_mutexattr_setprioceiling	func	SIGFE	-
pthread_mutexattr_setprotocol	func	SIGFE	-
pthread_mutexattr_setpshared	func	SIGFE	-
pthread_mutexattr_settype	func	SIGFE	-
pthread_once	func	SIGFE	-
pthread_rwlock_clockrdlock	func	SIGFE	-
pthread_rwlock_clockwrlock	func	SIGFE	-
pthread_rwlock_destroy	func	SIGFE	-
pthread_rwlock_init	func	SIGFE	-
pthread_rwlock_rdlock	func	SIGFE	-
pthread_rwlock_timedrdlock	func	SIGFE	-
pthread_rwlock_timedwrlock	func	SIGFE	-
pthread_rwlock_tryrdlock	func	SIGFE	-
pthread_rwlock_trywrlock	func	SIGFE	-
pthread_rwlock_unlock	func	SIGFE	-
pthread_rwlock_wrlock	func	SIGFE	-
pthread_rwlockattr_destroy	func	SIGFE	-
pthread_rwlockattr_getpshared	func	SIGFE	-
pthread_rwlockattr_init	func	SIGFE	-
pthread_rwlockattr_setpshared	func	SIGFE	-
pthread_self	func	SIGFE	-
pthread_setaffinity_np	func	SIGFE	-
pthread_setcancelstate	func	SIGFE	-
pthread_setcanceltype	func	SIGFE	-
pthread_setconcurrency	func	SIGFE	-
pthread_setname_np	func	SIGFE	-
pthread_setschedparam	func	SIGFE	-
pthread_setschedprio	func	SIGFE	-
pthread_setspecific	func	SIGFE	-
pthread_sigmask	func	SIGFE	-
pthread_sigqueue	func	SIGFE	-
pthread_spin_destroy	func	SIGFE	-
pthread_spin_init	func	SIGFE	-
pthread_spin_lock	func	SIGFE	-
pthread_spin_trylock	func	SIGFE	-
pthread_spin_unlock	func	SIGFE	-
pthread_suspend	func	SIGFE	-
pthread_testcancel	func	SIGFE	-
pthread_timedjoin_np	func	SIGFE	-
pthread_tryjoin_np	func	SIGFE	-
pthread_yield	func	SIGFE	-
ptsname	func	SIGFE	-
ptsname_r	func	SIGFE	-
putc	func	SIGFE	-
putc_unlocked	func	SIGFE	-
putchar	func	SIGFE	-
putchar_unlocked	func	SIGFE	-
putenv	func	SIGFE	-
puts	func	SIGFE	-
pututline	func	SIGFE	-
pututxline	func	SIGFE	-
putw	func	SIGFE	-
putwc	func	SIGFE	-
putwc_unlocked	func	SIGFE	-
putwchar	func	SIGFE	-
putwchar_unlocked	func	SIGFE	-
pwrite	func	SIGFE	-
qsort	func	NOSIGFE	-
qsort_r	func	NOSIGFE	-
quick_exit	func	SIGFE	-
quotactl	func	SIGFE	-
raise	func	SIGFE	-
rand	func	NOSIGFE	-
rand_r	func	NOSIGFE	-
random	func	NOSIGFE	-
rawmemchr	func	NOSIGFE	-
rcmd	func	SIGFE	cygwin_rcmd
rcmd_af	func	SIGFE	cygwin_rcmd_af
read	func	SIGFE	-
readdir	func	SIGFE	-
readdir_r	func	SIGFE	-
readlink	func	SIGFE	-
readlinkat	func	SIGFE	-
readv	func	SIGFE	-
realloc	func	SIGFE	-
reallocarray	func	SIGFE	-
reallocf	func	SIGFE	-
realpath	func	SIGFE	-
recv	func	SIGFE	cygwin_recv
recvfrom	func	SIGFE	cygwin_recvfrom
recvmsg	func	SIGFE	cygwin_recvmsg
regcomp	func	SIGFE	-
regerror	func	SIGFE	-
regexec	func	SIGFE	-
regfree	func	SIGFE	-
remainder	func	NOSIGFE	-
remainderf	func	NOSIGFE	-
remainderl	func	NOSIGFE	-
remove	func	SIGFE	-
removexattr	func	SIGFE	-
remque	func	NOSIGFE	-
remquo	func	NOSIGFE	-
remquof	func	NOSIGFE	-
remquol	func	NOSIGFE	-
rename	func	SIGFE	-
renameat	func	SIGFE	-
renameat2	func	SIGFE	-
res_close	func	SIGFE	__res_close
res_init	func	SIGFE	__res_init
res_mkquery	func	SIGFE	__res_mkquery
res_nclose	func	SIGFE	__res_nclose
res_ninit	func	SIGFE	__res_ninit
res_nmkquery	func	SIGFE	__res_nmkquery
res_nquery	func	SIGFE	__res_nquery
res_nquerydomain	func	SIGFE	__res_nquerydomain
res_nsearch	func	SIGFE	__res_nsearch
res_nsend	func	SIGFE	__res_nsend
res_query	func	SIGFE	__res_query
res_querydomain	func	SIGFE	__res_querydomain
res_search	func	SIGFE	__res_search
res_send	func	SIGFE	__res_send
revoke	func	SIGFE	-
rewind	func	SIGFE	-
rewinddir	func	SIGFE	-
rexec	func	SIGFE	cygwin_rexec
rindex	func	NOSIGFE	-
rint	func	NOSIGFE	-
rintf	func	NOSIGFE	-
rintl	func	NOSIGFE	-
rmdir	func	SIGFE	-
round	func	NOSIGFE	-
roundf	func	NOSIGFE	-
roundl	func	NOSIGFE	-
rpmatch	func	SIGFE	-
rresvport	func	SIGFE	cygwin_rresvport
rresvport_af	func	SIGFE	cygwin_rresvport_af
ruserok	func	SIGFE	-
sbrk	func	SIGFE	-
scalb	func	NOSIGFE	-
scalbf	func	NOSIGFE	-
scalbl	func	NOSIGFE	-
scalbln	func	NOSIGFE	-
scalblnf	func	NOSIGFE	-
scalblnl	func	NOSIGFE	-
scalbn	func	NOSIGFE	-
scalbnf	func	NOSIGFE	-
scalbnl	func	NOSIGFE	-
scandir	func	SIGFE	-
scandirat	func	SIGFE	-
scanf	func	SIGFE	-
sched_get_priority_max	func	SIGFE	-
sched_get_priority_min	func	SIGFE	-
sched_getaffinity	func	SIGFE	-
sched_getcpu	func	SIGFE	-
sched_getparam	func	SIGFE	-
sched_getscheduler	func	NOSIGFE	-
sched_rr_get_interval	func	SIGFE	-
sched_setaffinity	func	SIGFE	-
sched_setparam	func	SIGFE	-
sched_setscheduler	func	SIGFE	-
sched_yield	func	SIGFE	-
secure_getenv	func	NOSIGFE	-
seed48	func	NOSIGFE	-
seekdir	func	SIGFE	-
select	func	SIGFE	cygwin_select
sem_clockwait	func	SIGFE	-
sem_close	func	SIGFE	-
sem_destroy	func	SIGFE	-
sem_getvalue	func	SIGFE	-
sem_init	func	SIGFE	-
sem_open	func	SIGFE	-
sem_post	func	SIGFE	-
sem_timedwait	func	SIGFE	-
sem_trywait	func	SIGFE	-
sem_unlink	func	SIGFE	-
sem_wait	func	SIGFE	-
semctl	func	SIGFE	-
semget	func	SIGFE	-
semop	func	SIGFE	-
send	func	SIGFE	cygwin_send
sendmsg	func	SIGFE	cygwin_sendmsg
sendto	func	SIGFE	cygwin_sendto
setbuf	func	SIGFE	-
setbuffer	func	SIGFE	-
setcontext	func	NOSIGFE	-
setdtablesize	func	SIGFE	-
setegid	func	SIGFE	-
setenv	func	SIGFE	-
seteuid	func	SIGFE	-
setgid	func	SIGFE	-
setgrent	func	NOSIGFE	-
setgroups	func	SIGFE	-
sethostent	func	NOSIGFE	-
sethostname	func	SIGFE	-
setitimer	func	SIGFE	-
setjmp	func	NOSIGFE	-
setlinebuf	func	SIGFE	-
setlocale	func	NOSIGFE	-
setlogmask	func	NOSIGFE	-
setmntent	func	SIGFE	-
setpassent	func	NOSIGFE	-
setpgid	func	SIGFE	-
setpgrp	func	SIGFE	-
setpriority	func	SIGFE	-
setproctitle	func	SIGFE	-
setprogname	func	NOSIGFE	-
setprotoent	func	SIGFE	cygwin_setprotoent
setpwent	func	NOSIGFE	-
setregid	func	SIGFE	-
setreuid	func	SIGFE	-
setrlimit	func	SIGFE	-
setservent	func	SIGFE	cygwin_setservent
setsid	func	SIGFE	-
setsockopt	func	SIGFE	cygwin_setsockopt
setstate	func	NOSIGFE	-
settimeofday	func	SIGFE	-
setuid	func	SIGFE	-
setusershell	func	SIGFE	-
setutent	func	SIGFE	-
setutxent	func	SIGFE	-
setvbuf	func	SIGFE	-
setxattr	func	SIGFE	-
shm_open	func	SIGFE	-
shm_unlink	func	SIGFE	-
shmat	func	SIGFE	-
shmctl	func	SIGFE	-
shmdt	func	SIGFE	-
shmget	func	SIGFE	-
shutdown	func	SIGFE	cygwin_shutdown
sig2str	func	SIGFE	-
sigaction	func	SIGFE	-
sigaddset	func	SIGFE	-
sigaltstack	func	SIGFE	-
sigdelset	func	SIGFE	-
sigemptyset	func	NOSIGFE	-
sigfillset	func	NOSIGFE	-
sighold	func	SIGFE	-
sigignore	func	SIGFE	-
siginterrupt	func	SIGFE	-
sigismember	func	SIGFE	-
siglongjmp	func	NOSIGFE	-
signal	func	SIGFE	-
signalfd	func	SIGFE	-
significand	func	NOSIGFE	-
significandf	func	NOSIGFE	-
sigpause	func	SIGFE	-
sigpending	func	SIGFE	-
sigprocmask	func	SIGFE	-
sigqueue	func	SIGFE	-
sigrelse	func	SIGFE	-
sigset	func	SIGFE	-
sigsetjmp	func	NOSIGFE	-
sigsuspend	func	SIGFE	-
sigtimedwait	func	SIGFE	-
sigwait	func	SIGFE	-
sigwaitinfo	func	SIGFE	-
sin	func	NOSIGFE	-
sincos	func	NOSIGFE	-
sincosf	func	NOSIGFE	-
sincosl	func	NOSIGFE	-
sinf	func	NOSIGFE	-
sinh	func	NOSIGFE	-
sinhf	func	NOSIGFE	-
sinhl	func	NOSIGFE	-
sinl	func	NOSIGFE	-
siprintf	func	SIGFE	-
sleep	func	SIGFE	-
snprintf	func	SIGFE	-
sockatmark	func	SIGFE	-
socket	func	SIGFE	cygwin_socket
socketpair	func	SIGFE	-
spawnl	func	SIGFE	-
spawnle	func	SIGFE	-
spawnlp	func	SIGFE	-
spawnlpe	func	SIGFE	-
spawnv	func	SIGFE	-
spawnve	func	SIGFE	-
spawnvp	func	SIGFE	-
spawnvpe	func	SIGFE	-
sprintf	func	SIGFE	-
sqrt	func	NOSIGFE	-
sqrtf	func	NOSIGFE	-
sqrtl	func	NOSIGFE	-
srand	func	NOSIGFE	-
srand48	func	NOSIGFE	-
srandom	func	NOSIGFE	-
sscanf	func	SIGFE	-
stat	func	SIGFE	-
statfs	func	SIGFE	-
statvfs	func	SIGFE	-
stime	func	SIGFE	-
stpcpy	func	NOSIGFE	-
stpncpy	func	NOSIGFE	-
str2sig	func	SIGFE	-
strcasecmp	func	NOSIGFE	-
strcasecmp_l	func	NOSIGFE	-
strcasestr	func	NOSIGFE	-
strcat	func	NOSIGFE	-
strchr	func	NOSIGFE	-
strchrnul	func	NOSIGFE	-
strcmp	func	NOSIGFE	-
strcoll	func	NOSIGFE	-
strcoll_l	func	NOSIGFE	-
strcpy	func	NOSIGFE	-
strcspn	func	NOSIGFE	-
strdup	func	SIGFE	-
strerror	func	SIGFE	-
strerror_l	func	SIGFE	-
strerror_r	func	SIGFE	-
strfmon	func	SIGFE	-
strfmon_l	func	SIGFE	-
strftime	func	SIGFE	-
strftime_l	func	SIGFE	-
strlcat	func	NOSIGFE	-
strlcpy	func	NOSIGFE	-
strlen	func	NOSIGFE	-
strlwr	func	NOSIGFE	-
strncasecmp	func	NOSIGFE	-
strncasecmp_l	func	NOSIGFE	-
strncat	func	NOSIGFE	-
strncmp	func	NOSIGFE	-
strncpy	func	NOSIGFE	-
strndup	func	SIGFE	-
strnlen	func	NOSIGFE	-
strnstr	func	NOSIGFE	-
strpbrk	func	NOSIGFE	-
strptime	func	SIGFE	-
strptime_l	func	SIGFE	-
strrchr	func	NOSIGFE	-
strsep	func	NOSIGFE	-
strsignal	func	SIGFE	-
strspn	func	NOSIGFE	-
strstr	func	NOSIGFE	-
strtod	func	SIGFE	-
strtod_l	func	SIGFE	-
strtof	func	SIGFE	-
strtof_l	func	SIGFE	-
strtoimax	func	NOSIGFE	strtoll
strtok	func	NOSIGFE	-
strtok_r	func	NOSIGFE	-
strtol	func	NOSIGFE	-
strtol_l	func	NOSIGFE	-
strtold	func	SIGFE	-
strtold_l	func	SIGFE	-
strtoll	func	NOSIGFE	-
strtoll_l	func	NOSIGFE	-
strtosigno	func	NOSIGFE	-
strtoul	func	NOSIGFE	-
strtoul_l	func	NOSIGFE	-
strtoull	func	NOSIGFE	-
strtoull_l	func	NOSIGFE	-
strtoumax	func	NOSIGFE	strtoull
strupr	func	NOSIGFE	-
strverscmp	func	NOSIGFE	-
strxfrm	func	NOSIGFE	-
strxfrm_l	func	NOSIGFE	-
swab	func	NOSIGFE	-
swapcontext	func	NOSIGFE	-
swprintf	func	SIGFE	-
swscanf	func	SIGFE	-
symlink	func	SIGFE	-
symlinkat	func	SIGFE	-
sync	func	SIGFE	-
sysconf	func	SIGFE	-
sysinfo	func	SIGFE	-
syslog	func	SIGFE	-
system	func	SIGFE	-
tan	func	NOSIGFE	-
tanf	func	NOSIGFE	-
tanh	func	NOSIGFE	-
tanhf	func	NOSIGFE	-
tanhl	func	NOSIGFE	-
tanl	func	NOSIGFE	-
tcdrain	func	SIGFE	-
tcflow	func	SIGFE	-
tcflush	func	SIGFE	-
tcgetattr	func	SIGFE	-
tcgetpgrp	func	SIGFE	-
tcgetsid	func	SIGFE	-
tcgetwinsize	func	SIGFE	-
tcsendbreak	func	SIGFE	-
tcsetattr	func	SIGFE	-
tcsetpgrp	func	SIGFE	-
tcsetwinsize	func	SIGFE	-
tdelete	func	SIGFE	-
tdestroy	func	NOSIGFE	-
telldir	func	SIGFE	-
tempnam	func	SIGFE	-
tfind	func	NOSIGFE	-
tgamma	func	NOSIGFE	-
tgammaf	func	NOSIGFE	-
tgammal	func	NOSIGFE	-
thrd_create	func	SIGFE	-
thrd_current	func	SIGFE	-
thrd_detach	func	SIGFE	-
thrd_equal	func	SIGFE	-
thrd_exit	func	SIGFE	-
thrd_join	func	SIGFE	-
thrd_sleep	func	SIGFE	-
thrd_yield	func	SIGFE	-
time	func	SIGFE	-
timegm	func	NOSIGFE	-
timelocal	func	SIGFE	-
timer_create	func	SIGFE	-
timer_delete	func	SIGFE	-
timer_getoverrun	func	SIGFE	-
timer_gettime	func	SIGFE	-
timer_settime	func	SIGFE	-
timerfd_create	func	SIGFE	-
timerfd_gettime	func	SIGFE	-
timerfd_settime	func	SIGFE	-
times	func	SIGFE	-
timespec_get	func	SIGFE	-
timezone	func	SIGFE	-
timingsafe_bcmp	func	NOSIGFE	-
timingsafe_memcmp	func	NOSIGFE	-
tmpfile	func	SIGFE	-
tmpnam	func	SIGFE	-
toascii	func	NOSIGFE	-
toascii_l	func	NOSIGFE	-
tolower	func	NOSIGFE	-
tolower_l	func	NOSIGFE	-
toupper	func	NOSIGFE	-
toupper_l	func	NOSIGFE	-
towctrans	func	NOSIGFE	-
towctrans_l	func	NOSIGFE	-
towlower	func	NOSIGFE	-
towlower_l	func	NOSIGFE	-
towupper	func	NOSIGFE	-
towupper_l	func	NOSIGFE	-
trunc	func	NOSIGFE	-
truncate	func	SIGFE	-
truncf	func	NOSIGFE	-
truncl	func	NOSIGFE	-
tsearch	func	SIGFE	-
tss_create	func	SIGFE	-
tss_delete	func	SIGFE	-
tss_get	func	SIGFE	-
tss_set	func	SIGFE	-
ttyname	func	SIGFE	-
ttyname_r	func	SIGFE	-
ttyslot	func	NOSIGFE	-
twalk	func	NOSIGFE	-
tzset	func	SIGFE	-
ualarm	func	SIGFE	-
umask	func	NOSIGFE	-
umount	func	SIGFE	-
uname	func	SIGFE	-
uname_x	func	SIGFE	-
ungetc	func	SIGFE	-
ungetwc	func	SIGFE	-
unlink	func	SIGFE	-
unlinkat	func	SIGFE	-
unlockpt	func	NOSIGFE	-
unsetenv	func	SIGFE	-
updwtmp	func	SIGFE	-
updwtmpx	func	SIGFE	-
uselocale	func	SIGFE	-
usleep	func	SIGFE	-
utime	func	SIGFE	-
utimensat	func	SIGFE	-
utimes	func	SIGFE	-
utmpname	func	SIGFE	-
utmpxname	func	SIGFE	-
valloc	func	SIGFE	-
vasnprintf	func	SIGFE	-
vasprintf	func	SIGFE	-
vdprintf	func	SIGFE	-
verr	func	SIGFE	-
verrx	func	SIGFE	-
versionsort	func	NOSIGFE	-
vfiprintf	func	SIGFE	-
vfork	func	SIGFE	-
vfprintf	func	SIGFE	-
vfscanf	func	SIGFE	-
vfwprintf	func	SIGFE	-
vfwscanf	func	SIGFE	-
vhangup	func	SIGFE	-
vprintf	func	SIGFE	-
vscanf	func	SIGFE	-
vsnprintf	func	SIGFE	-
vsprintf	func	SIGFE	-
vsscanf	func	SIGFE	-
vswprintf	func	SIGFE	-
vswscanf	func	SIGFE	-
vsyslog	func	SIGFE	-
vwarn	func	SIGFE	-
vwarnx	func	SIGFE	-
vwprintf	func	SIGFE	-
vwscanf	func	SIGFE	-
wait	func	SIGFE	-
wait3	func	SIGFE	-
wait4	func	SIGFE	-
waitpid	func	SIGFE	-
warn	func	SIGFE	-
warnx	func	SIGFE	-
wcpcpy	func	NOSIGFE	-
wcpncpy	func	NOSIGFE	-
wcrtomb	func	NOSIGFE	-
wcscasecmp	func	NOSIGFE	-
wcscasecmp_l	func	NOSIGFE	-
wcscat	func	NOSIGFE	-
wcschr	func	NOSIGFE	-
wcscmp	func	NOSIGFE	-
wcscoll	func	NOSIGFE	-
wcscoll_l	func	NOSIGFE	-
wcscpy	func	NOSIGFE	-
wcscspn	func	NOSIGFE	-
wcsdup	func	NOSIGFE	-
wcsftime	func	SIGFE	-
wcsftime_l	func	SIGFE	-
wcslcat	func	NOSIGFE	-
wcslcpy	func	NOSIGFE	-
wcslen	func	NOSIGFE	-
wcsncasecmp	func	NOSIGFE	-
wcsncasecmp_l	func	NOSIGFE	-
wcsncat	func	NOSIGFE	-
wcsncmp	func	NOSIGFE	-
wcsncpy	func	NOSIGFE	-
wcsnlen	func	NOSIGFE	-
wcsnrtombs	func	NOSIGFE	-
wcspbrk	func	NOSIGFE	-
wcsrchr	func	NOSIGFE	-
wcsrtombs	func	NOSIGFE	-
wcsspn	func	NOSIGFE	-
wcsstr	func	NOSIGFE	-
wcstod	func	NOSIGFE	-
wcstod_l	func	NOSIGFE	-
wcstof	func	NOSIGFE	-
wcstof_l	func	NOSIGFE	-
wcstoimax	func	NOSIGFE	wcstoll
wcstok	func	NOSIGFE	-
wcstol	func	NOSIGFE	-
wcstol_l	func	NOSIGFE	-
wcstold	func	NOSIGFE	-
wcstold_l	func	NOSIGFE	-
wcstoll	func	NOSIGFE	-
wcstoll_l	func	NOSIGFE	-
wcstombs	func	NOSIGFE	-
wcstoul	func	NOSIGFE	-
wcstoul_l	func	NOSIGFE	-
wcstoull	func	NOSIGFE	-
wcstoull_l	func	NOSIGFE	-
wcstoumax	func	NOSIGFE	wcstoull
wcswidth	func	NOSIGFE	-
wcsxfrm	func	NOSIGFE	-
wcsxfrm_l	func	NOSIGFE	-
wctob	func	NOSIGFE	-
wctomb	func	NOSIGFE	-
wctrans	func	NOSIGFE	-
wctrans_l	func	NOSIGFE	-
wctype	func	NOSIGFE	-
wctype_l	func	NOSIGFE	-
wcwidth	func	NOSIGFE	-
wmemchr	func	NOSIGFE	-
wmemcmp	func	NOSIGFE	-
wmemcpy	func	NOSIGFE	-
wmemmove	func	NOSIGFE	-
wmempcpy	func	NOSIGFE	-
wmemset	func	NOSIGFE	-
wordexp	func	NOSIGFE	-
wordfree	func	NOSIGFE	-
wprintf	func	SIGFE	-
write	func	SIGFE	-
writev	func	SIGFE	-
wscanf	func	SIGFE	-
xdr_array	func	SIGFE	-
xdr_bool	func	SIGFE	-
xdr_bytes	func	SIGFE	-
xdr_char	func	SIGFE	-
xdr_double	func	SIGFE	-
xdr_enum	func	SIGFE	-
xdr_float	func	SIGFE	-
xdr_free	func	SIGFE	-
xdr_hyper	func	SIGFE	-
xdr_int	func	SIGFE	-
xdr_int16_t	func	SIGFE	-
xdr_int32_t	func	SIGFE	-
xdr_int64_t	func	SIGFE	-
xdr_int8_t	func	SIGFE	-
xdr_long	func	SIGFE	-
xdr_longlong_t	func	SIGFE	-
xdr_netobj	func	SIGFE	-
xdr_opaque	func	SIGFE	-
xdr_pointer	func	SIGFE	-
xdr_reference	func	SIGFE	-
xdr_short	func	SIGFE	-
xdr_sizeof	func	SIGFE	-
xdr_string	func	SIGFE	-
xdr_u_char	func	SIGFE	-
xdr_u_hyper	func	SIGFE	-
xdr_u_int	func	SIGFE	-
xdr_u_int16_t	func	SIGFE	-
xdr_u_int32_t	func	SIGFE	-
xdr_u_int64_t	func	SIGFE	-
xdr_u_int8_t	func	SIGFE	-
xdr_u_long	func	SIGFE	-
xdr_u_longlong_t	func	SIGFE	-
xdr_u_short	func	SIGFE	-
xdr_uint16_t	func	SIGFE	-
xdr_uint32_t	func	SIGFE	-
xdr_uint64_t	func	SIGFE	-
xdr_uint8_t	func	SIGFE	-
xdr_union	func	SIGFE	-
xdr_vector	func	SIGFE	-
xdr_void	func	SIGFE	-
xdr_wrapstring	func	SIGFE	-
xdrmem_create	func	SIGFE	-
xdrrec_create	func	SIGFE	-
xdrrec_endofrecord	func	SIGFE	-
xdrrec_eof	func	SIGFE	-
xdrrec_skiprecord	func	SIGFE	-
xdrstdio_create	func	SIGFE	-
y0	func	NOSIGFE	-
y0f	func	NOSIGFE	-
y1	func	NOSIGFE	-
y1f	func	NOSIGFE	-
yn	func	NOSIGFE	-
ynf	func	NOSIGFE	-
