libc.so.6	__cxa_finalize	GLIBC_2.2.5	2986	2
libc.so.6	__stack_chk_fail	GLIBC_2.4	2920	2
libc.so.6	strlen	GLIBC_2.2.5	2425	2
libc.so.6	free	GLIBC_2.2.5	2259	2
libc.so.6	memcpy	GLIBC_2.14	2187	2
libc.so.6	strcmp	GLIBC_2.2.5	2087	2
libc.so.6	malloc	GLIBC_2.2.5	1955	2
libc.so.6	strchr	GLIBC_2.2.5	1726	2
libc.so.6	__fprintf_chk	GLIBC_2.3.4	1686	3
libc.so.6	memset	GLIBC_2.2.5	1642	2
libc.so.6	strtol	GLIBC_2.2.5	1631	2
libc.so.6	fclose	GLIBC_2.2.5	1582	2
libc.so.6	fwrite	GLIBC_2.2.5	1580	2
libc.so.6	exit	GLIBC_2.2.5	1546	2
libc.so.6	__libc_start_main	GLIBC_2.2.5	1502	4
libc.so.6	calloc	GLIBC_2.2.5	1491	2
libc.so.6	realloc	GLIBC_2.2.5	1414	2
libc.so.6	memmove	GLIBC_2.2.5	1404	2
libc.so.6	strncmp	GLIBC_2.2.5	1401	2
libc.so.6	memcmp	GLIBC_2.2.5	1381	2
libc.so.6	__snprintf_chk	GLIBC_2.3.4	1359	2
libc.so.6	getenv	GLIBC_2.2.5	1343	2
libc.so.6	strerror	GLIBC_2.2.5	1335	2
libc.so.6	strdup	GLIBC_2.2.5	1331	2
libc.so.6	__ctype_b_loc	GLIBC_2.3	1227	4
libc.so.6	fopen	GLIBC_2.2.5	1222	2
libc.so.6	strncpy	GLIBC_2.2.5	1221	2
libc.so.6	__printf_chk	GLIBC_2.3.4	1210	3
libc.so.6	strrchr	GLIBC_2.2.5	1206	2
libc.so.6	__errno_location	GLIBC_2.2.5	1204	3
libc.so.6	strstr	GLIBC_2.2.5	1199	2
libc.so.6	__sprintf_chk	GLIBC_2.3.4	1148	2
libc.so.6	abort	GLIBC_2.2.5	1124	2
libc.so.6	fputc	GLIBC_2.2.5	1118	2
libc.so.6	stderr	GLIBC_2.2.5	1115	4
libc.so.6	strcpy	GLIBC_2.2.5	1104	2
libc.so.6	fflush	GLIBC_2.2.5	1091	2
libc.so.6	time	GLIBC_2.2.5	1070	2
libpthread.so.0	__errno_location	GLIBC_2.2.5	1061	3
libc.so.6	getpid	GLIBC_2.2.5	1024	2
libc.so.6	fgets	GLIBC_2.2.5	994	2
libc.so.6	puts	GLIBC_2.2.5	987	2
libc.so.6	unlink	GLIBC_2.2.5	952	2
libc.so.6	fputs	GLIBC_2.2.5	939	2
libc.so.6	strtoul	GLIBC_2.2.5	930	2
libc.so.6	close	GLIBC_2.2.5	929	2
libc.so.6	__memcpy_chk	GLIBC_2.3.4	921	2
libc.so.6	strcasecmp	GLIBC_2.2.5	903	2
libc.so.6	__xstat	GLIBC_2.2.5	892	3
libc.so.6	__assert_fail	GLIBC_2.2.5	890	4
libc.so.6	fread	GLIBC_2.2.5	889	2
libpthread.so.0	close	GLIBC_2.2.5	852	2
libc.so.6	sscanf	GLIBC_2.2.5	832	2
libc.so.6	closedir	GLIBC_2.2.5	822	2
libc.so.6	opendir	GLIBC_2.2.5	801	2
libc.so.6	memchr	GLIBC_2.2.5	796	2
libc.so.6	qsort	GLIBC_2.2.5	790	2
libc.so.6	__vfprintf_chk	GLIBC_2.3.4	777	3
libc.so.6	access	GLIBC_2.2.5	762	2
libc.so.6	gettimeofday	GLIBC_2.2.5	761	2
libc.so.6	perror	GLIBC_2.2.5	734	2
libc.so.6	fileno	GLIBC_2.2.5	724	2
libc.so.6	fcntl	GLIBC_2.2.5	721	3
libc.so.6	fork	GLIBC_2.2.5	709	2
libc.so.6	sysconf	GLIBC_2.2.5	704	2
libc.so.6	stdout	GLIBC_2.2.5	703	4
libc.so.6	setlocale	GLIBC_2.2.5	701	2
libc.so.6	__cxa_atexit	GLIBC_2.2.5	693	2
libc.so.6	read	GLIBC_2.2.5	690	2
libc.so.6	socket	GLIBC_2.2.5	687	2
libc.so.6	ioctl	GLIBC_2.2.5	686	3
libc.so.6	__vsnprintf_chk	GLIBC_2.3.4	677	2
libc.so.6	snprintf	GLIBC_2.2.5	675	2
libpthread.so.0	read	GLIBC_2.2.5	675	2
libpthread.so.0	write	GLIBC_2.2.5	655	2
libc.so.6	__fxstat	GLIBC_2.2.5	653	3
libc.so.6	munmap	GLIBC_2.2.5	651	2
libc.so.6	ferror	GLIBC_2.2.5	647	2
libc.so.6	getuid	GLIBC_2.2.5	642	2
libc.so.6	putchar	GLIBC_2.2.5	642	2
libc.so.6	feof	GLIBC_2.2.5	641	2
libc.so.6	open	GLIBC_2.2.5	641	3
libc.so.6	fdopen	GLIBC_2.2.5	638	2
libpthread.so.0	pthread_mutex_unlock	GLIBC_2.2.5	634	2
libpthread.so.0	pthread_mutex_lock	GLIBC_2.2.5	624	2
libc.so.6	kill	GLIBC_2.2.5	621	2
libc.so.6	signal	GLIBC_2.2.5	621	3
libc.so.6	strncasecmp	GLIBC_2.2.5	620	2
libc.so.6	mkdir	GLIBC_2.2.5	618	2
libc.so.6	isatty	GLIBC_2.2.5	616	2
libc.so.6	write	GLIBC_2.2.5	616	2
libc.so.6	sigemptyset	GLIBC_2.2.5	600	3
libc.so.6	readdir	GLIBC_2.2.5	596	3
libc.so.6	pipe	GLIBC_2.2.5	588	2
libc.so.6	__ctype_tolower_loc	GLIBC_2.3	587	4
libc.so.6	strtod	GLIBC_2.2.5	581	2
libc.so.6	_exit	GLIBC_2.2.5	563	2
libc.so.6	rename	GLIBC_2.2.5	553	2
libc.so.6	sleep	GLIBC_2.2.5	553	2
libc.so.6	dup2	GLIBC_2.2.5	538	2
libc.so.6	localtime	GLIBC_2.2.5	538	2
libc.so.6	strftime	GLIBC_2.2.5	535	2
libpthread.so.0	pthread_create	GLIBC_2.2.5	532	2
libdl.so.2	dlsym	GLIBC_2.2.5	530	2
libc.so.6	__strcpy_chk	GLIBC_2.3.4	521	2
libc.so.6	readlink	GLIBC_2.2.5	519	2
libc.so.6	stpcpy	GLIBC_2.2.5	518	2
libpthread.so.0	open	GLIBC_2.2.5	517	3
libc.so.6	geteuid	GLIBC_2.2.5	516	2
libc.so.6	mmap	GLIBC_2.2.5	509	2
libc.so.6	fseek	GLIBC_2.2.5	504	2
libc.so.6	getcwd	GLIBC_2.2.5	501	2
libdl.so.2	dlopen	GLIBC_2.2.5	499	2
libc.so.6	strcspn	GLIBC_2.2.5	496	2
libc.so.6	chdir	GLIBC_2.2.5	494	2
libc.so.6	bind	GLIBC_2.2.5	492	2
libpthread.so.0	pthread_mutex_init	GLIBC_2.2.5	488	2
libc.so.6	strcat	GLIBC_2.2.5	486	2
libc.so.6	putc	GLIBC_2.2.5	484	2
libc.so.6	clock_gettime	GLIBC_2.17	482	2
libc.so.6	dcgettext	GLIBC_2.2.5	482	4
libc.so.6	setsockopt	GLIBC_2.2.5	479	2
libc.so.6	getc	GLIBC_2.2.5	474	2
libc.so.6	select	GLIBC_2.2.5	472	2
libc.so.6	getaddrinfo	GLIBC_2.2.5	453	2
libc.so.6	strtoull	GLIBC_2.2.5	453	2
libdl.so.2	dlclose	GLIBC_2.2.5	452	2
libc.so.6	strtok	GLIBC_2.2.5	448	2
libc.so.6	getopt_long	GLIBC_2.2.5	447	2
libdl.so.2	dlerror	GLIBC_2.2.5	447	2
libc.so.6	freeaddrinfo	GLIBC_2.2.5	445	2
libc.so.6	bindtextdomain	GLIBC_2.2.5	444	4
libc.so.6	poll	GLIBC_2.2.5	442	2
libc.so.6	sigaddset	GLIBC_2.2.5	439	3
libc.so.6	umask	GLIBC_2.2.5	439	2
libc.so.6	strspn	GLIBC_2.2.5	437	2
libc.so.6	printf	GLIBC_2.2.5	423	2
libc.so.6	chmod	GLIBC_2.2.5	416	2
libc.so.6	ftell	GLIBC_2.2.5	412	2
libpthread.so.0	pthread_mutex_destroy	GLIBC_2.2.5	409	2
libc.so.6	fgetc	GLIBC_2.2.5	408	2
libc.so.6	strtoll	GLIBC_2.2.5	405	2
libc.so.6	syscall	GLIBC_2.2.5	405	4
libc.so.6	__strcat_chk	GLIBC_2.3.4	402	2
libc.so.6	strpbrk	GLIBC_2.2.5	400	2
libc.so.6	__fdelt_chk	GLIBC_2.15	399	4
libc.so.6	__ctype_toupper_loc	GLIBC_2.3	398	4
libc.so.6	listen	GLIBC_2.2.5	396	2
libc.so.6	setenv	GLIBC_2.2.5	393	2
libc.so.6	getpwuid	GLIBC_2.2.5	388	2
libm.so.6	pow	GLIBC_2.2.5	388	2
libc.so.6	dup	GLIBC_2.2.5	387	2
libpthread.so.0	sigaction	GLIBC_2.2.5	383	3
libc.so.6	textdomain	GLIBC_2.2.5	379	4
libc.so.6	fopen64	GLIBC_2.2.5	374	1
libc.so.6	__isoc99_sscanf	GLIBC_2.7	373	4
libc.so.6	pthread_self	GLIBC_2.2.5	373	2
libc.so.6	execvp	GLIBC_2.2.5	372	2
libc.so.6	uname	GLIBC_2.2.5	371	2
libc.so.6	gethostname	GLIBC_2.2.5	370	2
libc.so.6	stdin	GLIBC_2.2.5	368	4
libc.so.6	realpath	GLIBC_2.3	367	2
libc.so.6	waitpid	GLIBC_2.2.5	367	2
libpthread.so.0	pthread_join	GLIBC_2.2.5	367	2
libc.so.6	__lxstat	GLIBC_2.2.5	366	3
libc.so.6	strnlen	GLIBC_2.2.5	362	2
libc.so.6	getsockopt	GLIBC_2.2.5	359	2
libc.so.6	sigprocmask	GLIBC_2.2.5	357	3
libc.so.6	__xstat64	GLIBC_2.2.5	352	3
libm.so.6	sqrt	GLIBC_2.2.5	350	2
libc.so.6	__asprintf_chk	GLIBC_2.8	349	3
libc.so.6	__strncpy_chk	GLIBC_2.3.4	343	2
libc.so.6	__fxstat64	GLIBC_2.2.5	342	3
libc.so.6	inet_ntop	GLIBC_2.2.5	338	2
libc.so.6	__syslog_chk	GLIBC_2.4	336	3
libc.so.6	gai_strerror	GLIBC_2.2.5	336	2
libc.so.6	rmdir	GLIBC_2.2.5	333	2
libpthread.so.0	waitpid	GLIBC_2.2.5	331	2
libc.so.6	rand	GLIBC_2.2.5	329	2
libc.so.6	localtime_r	GLIBC_2.2.5	327	2
libc.so.6	strtok_r	GLIBC_2.2.5	326	2
libc.so.6	usleep	GLIBC_2.2.5	325	2
libc.so.6	fchmod	GLIBC_2.2.5	322	2
libc.so.6	fscanf	GLIBC_2.2.5	322	2
libpthread.so.0	connect	GLIBC_2.2.5	322	2
libc.so.6	remove	GLIBC_2.2.5	319	2
ld-linux-x86-64.so.2	__tls_get_addr	GLIBC_2.3	318	unmapped
libpthread.so.0	pthread_cond_wait	GLIBC_2.3.2	314	2
libc.so.6	getpwnam	GLIBC_2.2.5	313	2
libc.so.6	getsockname	GLIBC_2.2.5	307	2
libc.so.6	gmtime	GLIBC_2.2.5	304	2
libc.so.6	sigaction	GLIBC_2.2.5	303	3
libc.so.6	getgid	GLIBC_2.2.5	301	2
libc.so.6	getnameinfo	GLIBC_2.2.5	299	2
libc.so.6	tcsetattr	GLIBC_2.2.5	298	2
libc.so.6	tcgetattr	GLIBC_2.2.5	297	2
libc.so.6	mktime	GLIBC_2.2.5	294	2
libc.so.6	execv	GLIBC_2.2.5	293	2
libc.so.6	strndup	GLIBC_2.2.5	293	2
libc.so.6	rewind	GLIBC_2.2.5	292	2
libpthread.so.0	pthread_cond_init	GLIBC_2.3.2	291	2
libc.so.6	getpagesize	GLIBC_2.2.5	289	2
libpthread.so.0	pthread_getspecific	GLIBC_2.2.5	289	2
libc.so.6	__longjmp_chk	GLIBC_2.11	288	3
libpthread.so.0	pthread_cond_signal	GLIBC_2.3.2	287	2
libc.so.6	setsid	GLIBC_2.2.5	285	2
libc.so.6	ungetc	GLIBC_2.2.5	285	2
libc.so.6	openlog	GLIBC_2.2.5	284	2
libc.so.6	sigfillset	GLIBC_2.2.5	284	3
libc.so.6	inet_pton	GLIBC_2.2.5	283	2
libc.so.6	nl_langinfo	GLIBC_2.2.5	283	2
libpthread.so.0	pthread_attr_init	GLIBC_2.2.5	280	2
libc.so.6	unsetenv	GLIBC_2.2.5	278	2
libm.so.6	log	GLIBC_2.2.5	269	2
libc.so.6	ftruncate	GLIBC_2.2.5	266	2
libc.so.6	setuid	GLIBC_2.2.5	262	2
libc.so.6	__memset_chk	GLIBC_2.3.4	260	2
libc.so.6	connect	GLIBC_2.2.5	260	2
libc.so.6	pclose	GLIBC_2.2.5	260	2
libc.so.6	ctime	GLIBC_2.2.5	259	2
libc.so.6	lseek	GLIBC_2.2.5	258	2
libc.so.6	system	GLIBC_2.2.5	258	2
libc.so.6	mkstemp	GLIBC_2.2.5	255	2
libc.so.6	fnmatch	GLIBC_2.2.5	254	2
libc.so.6	getegid	GLIBC_2.2.5	254	2
libc.so.6	popen	GLIBC_2.2.5	254	2
libpthread.so.0	pthread_setspecific	GLIBC_2.2.5	254	2
libpthread.so.0	open64	GLIBC_2.2.5	251	3
libc.so.6	_setjmp	GLIBC_2.2.5	249	3
libpthread.so.0	pthread_key_create	GLIBC_2.2.5	249	2
libc.so.6	strncat	GLIBC_2.2.5	247	2
libm.so.6	sin	GLIBC_2.2.5	247	2
libc.so.6	getrlimit	GLIBC_2.2.5	245	3
libc.so.6	setvbuf	GLIBC_2.2.5	244	2
libc.so.6	__getdelim	GLIBC_2.2.5	243	1
libc.so.6	__vasprintf_chk	GLIBC_2.8	240	3
libc.so.6	setgid	GLIBC_2.2.5	240	2
libc.so.6	shutdown	GLIBC_2.2.5	240	2
libc.so.6	fcntl64	GLIBC_2.28	239	3
libc.so.6	readdir64	GLIBC_2.2.5	239	3
libc.so.6	regexec	GLIBC_2.3.4	238	2
libm.so.6	cos	GLIBC_2.2.5	238	2
libpthread.so.0	pthread_cond_destroy	GLIBC_2.3.2	238	2
libpthread.so.0	pthread_sigmask	GLIBC_2.2.5	238	3
libc.so.6	regcomp	GLIBC_2.2.5	236	2
libc.so.6	mmap64	GLIBC_2.2.5	234	1
libc.so.6	putenv	GLIBC_2.2.5	233	2
libc.so.6	__memmove_chk	GLIBC_2.3.4	232	2
libpthread.so.0	pthread_attr_destroy	GLIBC_2.2.5	232	2
libpthread.so.0	send	GLIBC_2.2.5	232	2
libm.so.6	exp	GLIBC_2.2.5	231	2
libc.so.6	link	GLIBC_2.2.5	229	2
libc.so.6	srand	GLIBC_2.2.5	229	2
libm.so.6	log10	GLIBC_2.2.5	229	2
libc.so.6	environ	GLIBC_2.2.5	227	2
libc.so.6	symlink	GLIBC_2.2.5	227	2
libpthread.so.0	recv	GLIBC_2.2.5	226	2
libc.so.6	alarm	GLIBC_2.2.5	225	2
libc.so.6	getopt	GLIBC_2.2.5	225	2
libm.so.6	atan2	GLIBC_2.2.5	223	2
libc.so.6	getrusage	GLIBC_2.2.5	222	2
libc.so.6	prctl	GLIBC_2.2.5	222	4
libpthread.so.0	fsync	GLIBC_2.2.5	222	2
libc.so.6	gmtime_r	GLIBC_2.2.5	221	2
libpthread.so.0	pthread_cond_broadcast	GLIBC_2.3.2	221	2
libc.so.6	chown	GLIBC_2.2.5	220	2
libc.so.6	__environ	GLIBC_2.2.5	218	1
libc.so.6	socketpair	GLIBC_2.2.5	218	2
libc.so.6	regfree	GLIBC_2.2.5	214	2
libc.so.6	writev	GLIBC_2.2.5	213	2
libpthread.so.0	lseek	GLIBC_2.2.5	213	2
libc.so.6	clearerr	GLIBC_2.2.5	212	2
libc.so.6	getpeername	GLIBC_2.2.5	211	2
libc.so.6	setrlimit	GLIBC_2.2.5	211	3
libc.so.6	__lxstat64	GLIBC_2.2.5	210	3
libc.so.6	bind_textdomain_codeset	GLIBC_2.2.5	210	4
libpthread.so.0	pthread_once	GLIBC_2.2.5	209	2
libpthread.so.0	accept	GLIBC_2.2.5	208	2
libc.so.6	fprintf	GLIBC_2.2.5	207	2
libc.so.6	__strncat_chk	GLIBC_2.3.4	205	2
libc.so.6	open64	GLIBC_2.2.5	205	3
libc.so.6	_environ	GLIBC_2.2.5	202	1
libc.so.6	__realpath_chk	GLIBC_2.4	201	3
libm.so.6	sincos	GLIBC_2.2.5	201	2
libc.so.6	fchown	GLIBC_2.2.5	200	2
libc.so.6	tolower	GLIBC_2.2.5	200	2
libc.so.6	__stpcpy_chk	GLIBC_2.3.4	199	2
libc.so.6	sched_yield	GLIBC_2.2.5	199	2
libc.so.6	getppid	GLIBC_2.2.5	198	2
libpthread.so.0	pthread_mutexattr_init	GLIBC_2.2.5	197	2
libm.so.6	fmod	GLIBC_2.2.5	196	2
libc.so.6	ftruncate64	GLIBC_2.2.5	195	1
libc.so.6	iconv_open	GLIBC_2.2.5	194	4
libc.so.6	iconv	GLIBC_2.2.5	193	4
libc.so.6	strsignal	GLIBC_2.2.5	193	2
libpthread.so.0	pthread_cond_timedwait	GLIBC_2.3.2	193	2
libc.so.6	dirfd	GLIBC_2.2.5	192	2
libc.so.6	isspace	GLIBC_2.2.5	191	2
libpthread.so.0	nanosleep	GLIBC_2.2.5	191	2
libc.so.6	strerror_r	GLIBC_2.2.5	190	2
libc.so.6	iconv_close	GLIBC_2.2.5	189	4
libpthread.so.0	lseek64	GLIBC_2.2.5	189	1
libc.so.6	closelog	GLIBC_2.2.5	187	2
libc.so.6	vsnprintf	GLIBC_2.2.5	185	2
libc.so.6	getgrnam	GLIBC_2.2.5	184	2
libpthread.so.0	pthread_mutex_trylock	GLIBC_2.2.5	183	2
libc.so.6	flock	GLIBC_2.2.5	182	2
libc.so.6	posix_memalign	GLIBC_2.2.5	181	2
libc.so.6	pthread_mutex_unlock	GLIBC_2.2.5	178	2
libc.so.6	getpwuid_r	GLIBC_2.2.5	177	2
libc.so.6	pthread_mutex_lock	GLIBC_2.2.5	177	2
libpthread.so.0	pthread_mutexattr_settype	GLIBC_2.2.5	177	2
libc.so.6	madvise	GLIBC_2.2.5	174	2
libm.so.6	tan	GLIBC_2.2.5	174	2
libc.so.6	pipe2	GLIBC_2.9	164	2
libc.so.6	setgroups	GLIBC_2.2.5	163	2
libc.so.6	execve	GLIBC_2.2.5	162	2
libc.so.6	epoll_ctl	GLIBC_2.3.2	160	4
libm.so.6	atan	GLIBC_2.2.5	160	2
libpthread.so.0	pthread_attr_setdetachstate	GLIBC_2.2.5	160	2
libpthread.so.0	pthread_key_delete	GLIBC_2.2.5	159	2
libc.so.6	__xpg_basename	GLIBC_2.2.5	157	4
libpthread.so.0	__pthread_key_create	GLIBC_2.2.5	157	1
libc.so.6	epoll_wait	GLIBC_2.3.2	155	4
libc.so.6	dirname	GLIBC_2.2.5	153	2
libm.so.6	acos	GLIBC_2.2.5	153	2
libpthread.so.0	pthread_mutexattr_destroy	GLIBC_2.2.5	153	2
libc.so.6	mkdtemp	GLIBC_2.2.5	152	2
libc.so.6	sprintf	GLIBC_2.2.5	152	2
libm.so.6	ldexp	GLIBC_2.2.5	152	2
libc.so.6	execl	GLIBC_2.2.5	150	2
libpthread.so.0	raise	GLIBC_2.2.5	149	2
libpthread.so.0	pthread_attr_setstacksize	GLIBC_2.2.5	148	2
libc.so.6	strsep	GLIBC_2.2.5	147	2
libpthread.so.0	pthread_exit	GLIBC_2.2.5	147	2
libpthread.so.0	recvmsg	GLIBC_2.2.5	147	2
libpthread.so.0	sem_post	GLIBC_2.2.5	146	2
libc.so.6	__open_2	GLIBC_2.7	145	4
libm.so.6	asin	GLIBC_2.2.5	145	2
libpthread.so.0	sendmsg	GLIBC_2.2.5	145	2
libc.so.6	dl_iterate_phdr	GLIBC_2.2.5	144	4
libc.so.6	getgroups	GLIBC_2.2.5	142	2
libc.so.6	mprotect	GLIBC_2.2.5	142	2
libc.so.6	tzset	GLIBC_2.2.5	142	2
libc.so.6	getgrgid	GLIBC_2.2.5	141	2
libdl.so.2	dladdr	GLIBC_2.2.5	140	2
libc.so.6	random	GLIBC_2.2.5	139	2
libc.so.6	times	GLIBC_2.2.5	139	2
libc.so.6	recv	GLIBC_2.2.5	138	2
libc.so.6	setbuf	GLIBC_2.2.5	138	2
libc.so.6	getservbyname	GLIBC_2.2.5	137	2
libc.so.6	send	GLIBC_2.2.5	135	2
libm.so.6	modf	GLIBC_2.2.5	135	2
libpthread.so.0	sem_init	GLIBC_2.2.5	135	2
libc.so.6	__uflow	GLIBC_2.2.5	134	4
libc.so.6	getpwnam_r	GLIBC_2.2.5	133	2
libpthread.so.0	pthread_rwlock_unlock	GLIBC_2.2.5	133	2
libc.so.6	dcngettext	GLIBC_2.2.5	132	4
libc.so.6	freopen	GLIBC_2.2.5	132	2
libc.so.6	lseek64	GLIBC_2.2.5	132	1
libc.so.6	getifaddrs	GLIBC_2.3	131	2
libc.so.6	isalnum	GLIBC_2.2.5	131	2
libc.so.6	sigdelset	GLIBC_2.2.5	131	3
libc.so.6	utime	GLIBC_2.2.5	131	2
libm.so.6	round	GLIBC_2.2.5	131	2
libc.so.6	freeifaddrs	GLIBC_2.3	130	2
libm.so.6	ceil	GLIBC_2.2.5	130	2
libm.so.6	log2	GLIBC_2.2.5	130	2
libpthread.so.0	sem_wait	GLIBC_2.2.5	130	2
libm.so.6	floor	GLIBC_2.2.5	129	2
libc.so.6	if_nametoindex	GLIBC_2.2.5	127	2
libc.so.6	optarg	GLIBC_2.2.5	126	2
libc.so.6	sigismember	GLIBC_2.2.5	126	3
libc.so.6	initgroups	GLIBC_2.2.5	125	2
libc.so.6	toupper	GLIBC_2.2.5	125	2
libm.so.6	sqrtf	GLIBC_2.2.5	125	2
libc.so.6	__ctype_get_mb_cur_max	GLIBC_2.2.5	124	4
libc.so.6	sbrk	GLIBC_2.2.5	124	2
libm.so.6	frexp	GLIBC_2.2.5	124	2
libc.so.6	sched_getaffinity	GLIBC_2.3.4	123	2
libpthread.so.0	pread64	GLIBC_2.2.5	123	1
libc.so.6	epoll_create1	GLIBC_2.9	122	4
libc.so.6	fsync	GLIBC_2.2.5	122	2
libpthread.so.0	pthread_rwlock_rdlock	GLIBC_2.2.5	122	2
libpthread.so.0	sendto	GLIBC_2.2.5	122	2
libc.so.6	accept	GLIBC_2.2.5	121	2
libc.so.6	gethostbyname	GLIBC_2.2.5	121	2
libc.so.6	inet_ntoa	GLIBC_2.2.5	121	2
libc.so.6	__xpg_strerror_r	GLIBC_2.3.4	120	2
libc.so.6	raise	GLIBC_2.2.5	120	2
libc.so.6	setpgid	GLIBC_2.2.5	120	2
libc.so.6	strchrnul	GLIBC_2.2.5	120	2
libc.so.6	rewinddir	GLIBC_2.2.5	119	2
libpthread.so.0	pthread_detach	GLIBC_2.2.5	118	2
libpthread.so.0	sem_destroy	GLIBC_2.2.5	118	2
libc.so.6	fdatasync	GLIBC_2.2.5	117	2
libc.so.6	seteuid	GLIBC_2.2.5	117	2
libc.so.6	localeconv	GLIBC_2.2.5	116	2
libpthread.so.0	pthread_rwlock_wrlock	GLIBC_2.2.5	116	2
libc.so.6	__sigsetjmp	GLIBC_2.2.5	115	3
libc.so.6	mbstowcs	GLIBC_2.2.5	115	2
libc.so.6	optind	GLIBC_2.2.5	114	2
libc.so.6	secure_getenv	GLIBC_2.17	114	2
libc.so.6	getrlimit64	GLIBC_2.2.5	113	3
libc.so.6	vfork	GLIBC_2.2.5	113	2
libpthread.so.0	pthread_kill	GLIBC_2.2.5	113	2
libc.so.6	glob	GLIBC_2.27	112	3
libc.so.6	nanosleep	GLIBC_2.2.5	112	2
libc.so.6	accept4	GLIBC_2.10	110	2
libc.so.6	globfree	GLIBC_2.2.5	110	3
libpthread.so.0	recvfrom	GLIBC_2.2.5	110	2
libc.so.6	isalpha	GLIBC_2.2.5	109	2
libc.so.6	chroot	GLIBC_2.2.5	108	2
libc.so.6	isxdigit	GLIBC_2.2.5	107	2
libc.so.6	memrchr	GLIBC_2.2.5	107	2
libc.so.6	regerror	GLIBC_2.2.5	107	2
libc.so.6	execlp	GLIBC_2.2.5	106	2
libc.so.6	setitimer	GLIBC_2.2.5	106	2
libc.so.6	endmntent	GLIBC_2.2.5	104	2
libc.so.6	gettext	GLIBC_2.2.5	104	4
libc.so.6	inotify_add_watch	GLIBC_2.4	104	4
libc.so.6	setpriority	GLIBC_2.2.5	104	2
libc.so.6	srandom	GLIBC_2.2.5	104	2
libc.so.6	backtrace	GLIBC_2.2.5	103	4
libc.so.6	basename	GLIBC_2.2.5	103	2
libc.so.6	sigaltstack	GLIBC_2.2.5	103	3
libpthread.so.0	pread	GLIBC_2.2.5	103	2
libc.so.6	setmntent	GLIBC_2.2.5	102	2
libc.so.6	vfprintf	GLIBC_2.2.5	102	2
libc.so.6	__isoc99_fscanf	GLIBC_2.7	101	4
libc.so.6	endpwent	GLIBC_2.2.5	101	2
libc.so.6	mkfifo	GLIBC_2.2.5	101	2
libc.so.6	sendto	GLIBC_2.2.5	101	2
libc.so.6	wcslen	GLIBC_2.2.5	101	2
libpthread.so.0	pthread_getattr_np	GLIBC_2.2.5	101	2
libc.so.6	shmat	GLIBC_2.2.5	100	2
libm.so.6	sinh	GLIBC_2.2.5	100	2
libm.so.6	cosh	GLIBC_2.2.5	99	2
libm.so.6	tanh	GLIBC_2.2.5	99	2
libpthread.so.0	msync	GLIBC_2.2.5	99	2
libpthread.so.0	pthread_cancel	GLIBC_2.2.5	99	2
libc.so.6	__register_atfork	GLIBC_2.3.2	98	4
libc.so.6	shmdt	GLIBC_2.2.5	98	2
libpthread.so.0	pthread_rwlock_init	GLIBC_2.2.5	98	2
libc.so.6	difftime	GLIBC_2.2.5	97	2
libpthread.so.0	pthread_attr_getstack	GLIBC_2.2.5	97	2
libc.so.6	shmctl	GLIBC_2.2.5	96	2
libc.so.6	strcasestr	GLIBC_2.2.5	96	2
libc.so.6	wait	GLIBC_2.2.5	96	2
libc.so.6	mbrtowc	GLIBC_2.2.5	95	2
libc.so.6	strptime	GLIBC_2.2.5	95	2
libc.so.6	__vsprintf_chk	GLIBC_2.3.4	94	2
libc.so.6	recvfrom	GLIBC_2.2.5	94	2
libc.so.6	setrlimit64	GLIBC_2.2.5	94	3
libc.so.6	utimensat	GLIBC_2.6	94	2
libm.so.6	hypot	GLIBC_2.2.5	94	2
libpthread.so.0	pwrite64	GLIBC_2.2.5	93	1
libc.so.6	recvmsg	GLIBC_2.2.5	92	2
libc.so.6	wait4	GLIBC_2.2.5	92	2
libpthread.so.0	pthread_rwlock_destroy	GLIBC_2.2.5	92	2
libpthread.so.0	pthread_setname_np	GLIBC_2.12	92	2
libc.so.6	__sched_cpucount	GLIBC_2.6	91	4
libc.so.6	__xmknod	GLIBC_2.2.5	91	3
libc.so.6	asctime	GLIBC_2.2.5	91	2
libc.so.6	fdopendir	GLIBC_2.4	91	2
libc.so.6	fwrite_unlocked	GLIBC_2.2.5	91	2
libc.so.6	shmget	GLIBC_2.2.5	91	2
libc.so.6	clock	GLIBC_2.2.5	90	2
libc.so.6	setreuid	GLIBC_2.2.5	89	2
libc.so.6	__fread_chk	GLIBC_2.7	88	3
libc.so.6	__overflow	GLIBC_2.2.5	88	4
libc.so.6	futimens	GLIBC_2.6	88	2
libc.so.6	memmem	GLIBC_2.2.5	88	2
libc.so.6	readv	GLIBC_2.2.5	88	2
libc.so.6	utimes	GLIBC_2.2.5	88	2
libc.so.6	fchdir	GLIBC_2.2.5	87	2
libc.so.6	isprint	GLIBC_2.2.5	87	2
libc.so.6	mkstemp64	GLIBC_2.2.5	87	1
libc.so.6	setresuid	GLIBC_2.2.5	86	4
libc.so.6	sync	GLIBC_2.2.5	86	2
libc.so.6	__fsetlocking	GLIBC_2.2.5	85	2
libc.so.6	fputs_unlocked	GLIBC_2.2.5	85	2
libc.so.6	if_indextoname	GLIBC_2.2.5	85	2
libc.so.6	ptrace	GLIBC_2.2.5	84	4
libc.so.6	setegid	GLIBC_2.2.5	84	2
libc.so.6	eventfd	GLIBC_2.7	83	4
libc.so.6	inet_addr	GLIBC_2.2.5	83	2
libc.so.6	inotify_rm_watch	GLIBC_2.4	83	4
libc.so.6	timegm	GLIBC_2.2.5	83	2
libc.so.6	sched_setaffinity	GLIBC_2.3.4	82	2
libc.so.6	setresgid	GLIBC_2.2.5	82	4
libc.so.6	__vsyslog_chk	GLIBC_2.4	81	3
libc.so.6	getauxval	GLIBC_2.16	81	4
libc.so.6	pthread_mutex_init	GLIBC_2.2.5	81	2
libc.so.6	scandir	GLIBC_2.2.5	80	3
libc.so.6	lchown	GLIBC_2.2.5	79	2
libc.so.6	mkstemps	GLIBC_2.11	79	2
libc.so.6	pathconf	GLIBC_2.2.5	79	2
libc.so.6	statfs64	GLIBC_2.2.5	79	3
libm.so.6	powf	GLIBC_2.27	79	2
libpthread.so.0	pthread_condattr_init	GLIBC_2.2.5	79	2
libc.so.6	getgrgid_r	GLIBC_2.2.5	78	2
libc.so.6	getrandom	GLIBC_2.25	78	2
libc.so.6	in6addr_any	GLIBC_2.2.5	78	2
libc.so.6	sendmsg	GLIBC_2.2.5	78	2
libc.so.6	towlower	GLIBC_2.2.5	78	2
libc.so.6	unlinkat	GLIBC_2.4	78	2
libc.so.6	bcmp	GLIBC_2.2.5	77	2
libc.so.6	daemon	GLIBC_2.2.5	77	2
libc.so.6	getgrouplist	GLIBC_2.2.5	77	2
libc.so.6	ftello64	GLIBC_2.2.5	76	1
libc.so.6	getlogin	GLIBC_2.2.5	76	2
libc.so.6	tcflush	GLIBC_2.2.5	76	2
libc.so.6	getgrnam_r	GLIBC_2.2.5	75	2
libc.so.6	newlocale	GLIBC_2.3	75	2
libc.so.6	setregid	GLIBC_2.2.5	75	2
libc.so.6	strcoll	GLIBC_2.2.5	75	2
libm.so.6	sinf	GLIBC_2.2.5	75	2
libc.so.6	__progname	GLIBC_2.2.5	74	2
libc.so.6	cfsetospeed	GLIBC_2.2.5	74	2
libc.so.6	error	GLIBC_2.2.5	74	2
libc.so.6	fseeko64	GLIBC_2.2.5	74	1
libc.so.6	program_invocation_short_name	GLIBC_2.2.5	74	2
libm.so.6	atan2f	GLIBC_2.2.5	74	2
libm.so.6	cosf	GLIBC_2.2.5	74	2
libc.so.6	cfsetispeed	GLIBC_2.2.5	73	2
libc.so.6	openat	GLIBC_2.4	73	3
libc.so.6	posix_spawn_file_actions_init	GLIBC_2.2.5	73	2
libm.so.6	sincosf	GLIBC_2.2.5	73	2
libc.so.6	mempcpy	GLIBC_2.2.5	72	2
libc.so.6	pread	GLIBC_2.2.5	72	2
libc.so.6	pthread_mutex_destroy	GLIBC_2.2.5	72	2
libc.so.6	strverscmp	GLIBC_2.2.5	72	2
libpthread.so.0	__libc_current_sigrtmin	GLIBC_2.2.5	72	4
libpthread.so.0	pwrite	GLIBC_2.2.5	72	2
libc.so.6	__fxstatat64	GLIBC_2.4	71	3
libc.so.6	posix_spawn_file_actions_adddup2	GLIBC_2.2.5	71	2
libc.so.6	posix_spawn_file_actions_destroy	GLIBC_2.2.5	71	2
libm.so.6	logf	GLIBC_2.27	71	2
libpthread.so.0	sem_trywait	GLIBC_2.2.5	71	2
libc.so.6	getpriority	GLIBC_2.2.5	70	2
libc.so.6	getprotobyname	GLIBC_2.2.5	70	2
libc.so.6	mount	GLIBC_2.2.5	70	2
libc.so.6	sigsuspend	GLIBC_2.2.5	70	3
libc.so.6	strtof	GLIBC_2.2.5	70	2
libc.so.6	__fxstatat	GLIBC_2.4	69	3
libc.so.6	getmntent	GLIBC_2.2.5	69	2
libc.so.6	mremap	GLIBC_2.2.5	69	4
libc.so.6	setlinebuf	GLIBC_2.2.5	69	2
libc.so.6	__open64_2	GLIBC_2.7	68	4
libc.so.6	getpgrp	GLIBC_2.2.5	68	2
libc.so.6	sysinfo	GLIBC_2.2.5	68	2
librt.so.1	shm_open	GLIBC_2.2.5	68	2
libc.so.6	__explicit_bzero_chk	GLIBC_2.25	67	3
libc.so.6	ctime_r	GLIBC_2.2.5	66	2
librt.so.1	shm_unlink	GLIBC_2.2.5	66	2
libc.so.6	epoll_create	GLIBC_2.3.2	65	4
libc.so.6	freelocale	GLIBC_2.3	65	2
libc.so.6	getsid	GLIBC_2.2.5	65	2
libm.so.6	asinh	GLIBC_2.2.5	65	2
libm.so.6	atanh	GLIBC_2.2.5	65	2
libpthread.so.0	pthread_condattr_setclock	GLIBC_2.3.3	65	2
libc.so.6	inet_aton	GLIBC_2.2.5	64	2
libc.so.6	iswprint	GLIBC_2.2.5	64	2
libc.so.6	nice	GLIBC_2.2.5	64	2
libc.so.6	ttyname	GLIBC_2.2.5	64	2
libm.so.6	acosh	GLIBC_2.2.5	64	2
libm.so.6	expf	GLIBC_2.27	64	2
libc.so.6	mlock	GLIBC_2.2.5	63	2
libc.so.6	openat64	GLIBC_2.4	63	3
libc.so.6	statfs	GLIBC_2.2.5	63	3
libc.so.6	wcstombs	GLIBC_2.2.5	63	2
libc.so.6	fread_unlocked	GLIBC_2.2.5	62	2
libc.so.6	fseeko	GLIBC_2.2.5	62	2
libc.so.6	posix_spawnp	GLIBC_2.15	62	2
libc.so.6	wmemcpy	GLIBC_2.2.5	62	2
libc.so.6	endgrent	GLIBC_2.2.5	61	2
libm.so.6	cbrt	GLIBC_2.2.5	61	2
libc.so.6	ftello	GLIBC_2.2.5	60	2
libc.so.6	mallinfo	GLIBC_2.2.5	60	2
libc.so.6	__read_chk	GLIBC_2.4	59	3
libc.so.6	alphasort	GLIBC_2.2.5	59	2
libc.so.6	getpwent	GLIBC_2.2.5	59	2
libc.so.6	waitid	GLIBC_2.2.5	59	4
libc.so.6	backtrace_symbols	GLIBC_2.2.5	58	4
libc.so.6	inotify_init1	GLIBC_2.9	58	4
libc.so.6	open_memstream	GLIBC_2.2.5	58	2
libc.so.6	sendfile64	GLIBC_2.3	58	4
libpthread.so.0	sem_timedwait	GLIBC_2.2.5	58	2
libc.so.6	clock_getres	GLIBC_2.17	57	2
libc.so.6	tcgetpgrp	GLIBC_2.2.5	57	2
libm.so.6	log10f	GLIBC_2.2.5	57	2
libc.so.6	cfgetospeed	GLIBC_2.2.5	56	2
libc.so.6	dgettext	GLIBC_2.2.5	56	4
libc.so.6	getpgid	GLIBC_2.2.5	56	2
libc.so.6	getservbyport	GLIBC_2.2.5	56	2
libc.so.6	isupper	GLIBC_2.2.5	56	2
libc.so.6	ppoll	GLIBC_2.4	56	2
libc.so.6	sched_get_priority_max	GLIBC_2.2.5	56	2
libc.so.6	vasprintf	GLIBC_2.2.5	56	2
libc.so.6	memfd_create	GLIBC_2.27	55	4
libc.so.6	posix_fallocate	GLIBC_2.2.5	55	2
libc.so.6	sched_get_priority_min	GLIBC_2.2.5	55	2
libm.so.6	log1p	GLIBC_2.2.5	55	2
libpthread.so.0	pause	GLIBC_2.2.5	55	2
libpthread.so.0	wait	GLIBC_2.2.5	55	2
libc.so.6	creat	GLIBC_2.2.5	54	2
libc.so.6	faccessat	GLIBC_2.4	54	2
libc.so.6	fgetxattr	GLIBC_2.3	54	2
libc.so.6	index	GLIBC_2.2.5	54	2
libc.so.6	setpwent	GLIBC_2.2.5	54	2
libc.so.6	wcwidth	GLIBC_2.2.5	54	2
libm.so.6	tanf	GLIBC_2.2.5	54	2
libc.so.6	inotify_init	GLIBC_2.4	53	4
libc.so.6	readlinkat	GLIBC_2.4	53	2
libm.so.6	roundf	GLIBC_2.2.5	53	2
libpthread.so.0	__libc_current_sigrtmax	GLIBC_2.2.5	53	4
libpthread.so.0	pthread_attr_getstacksize	GLIBC_2.2.5	53	2
libc.so.6	__sched_cpufree	GLIBC_2.7	52	4
libc.so.6	fsetxattr	GLIBC_2.3	52	2
libc.so.6	posix_spawn	GLIBC_2.15	52	2
libc.so.6	statvfs64	GLIBC_2.2.5	51	3
libm.so.6	atanf	GLIBC_2.2.5	51	2
libm.so.6	expm1	GLIBC_2.2.5	51	2
libm.so.6	log2f	GLIBC_2.27	51	2
libc.so.6	__sched_cpualloc	GLIBC_2.7	50	4
libc.so.6	fallocate64	GLIBC_2.10	50	1
libc.so.6	posix_fallocate64	GLIBC_2.2.5	50	1
libc.so.6	statvfs	GLIBC_2.2.5	50	3
libc.so.6	tcsendbreak	GLIBC_2.2.5	50	2
libc.so.6	wcswidth	GLIBC_2.2.5	50	2
libc.so.6	getopt_long_only	GLIBC_2.2.5	49	2
libc.so.6	getpass	GLIBC_2.2.5	49	2
libc.so.6	posix_fadvise64	GLIBC_2.2.5	49	1
libc.so.6	tmpfile	GLIBC_2.2.5	49	2
libm.so.6	fmodf	GLIBC_2.2.5	49	2
libpthread.so.0	pthread_rwlock_trywrlock	GLIBC_2.2.5	49	2
libpthread.so.0	pthread_setaffinity_np	GLIBC_2.3.4	49	2
libc.so.6	getloadavg	GLIBC_2.2.5	48	2
libc.so.6	ngettext	GLIBC_2.2.5	48	4
libc.so.6	timerfd_settime	GLIBC_2.8	48	2
libm.so.6	asinf	GLIBC_2.2.5	48	2
libm.so.6	ceilf	GLIBC_2.2.5	48	2
libm.so.6	lround	GLIBC_2.2.5	48	2
libpthread.so.0	pthread_setcancelstate	GLIBC_2.2.5	48	2
libc.so.6	getxattr	GLIBC_2.3	47	2
libc.so.6	iswspace	GLIBC_2.2.5	47	2
libc.so.6	lgetxattr	GLIBC_2.3	47	2
libc.so.6	linkat	GLIBC_2.4	47	2
libc.so.6	msync	GLIBC_2.2.5	47	2
libc.so.6	posix_spawnattr_destroy	GLIBC_2.2.5	47	2
libc.so.6	posix_spawnattr_init	GLIBC_2.2.5	47	2
libc.so.6	setns	GLIBC_2.14	47	4
libc.so.6	timerfd_create	GLIBC_2.8	47	2
libc.so.6	vsprintf	GLIBC_2.2.5	47	2
libpthread.so.0	pthread_rwlock_tryrdlock	GLIBC_2.2.5	47	2
libpthread.so.0	pthread_setschedparam	GLIBC_2.2.5	47	2
libc.so.6	posix_spawnattr_setflags	GLIBC_2.2.5	46	2
libc.so.6	pthread_cond_wait	GLIBC_2.3.2	46	2
libpthread.so.0	pthread_condattr_destroy	GLIBC_2.2.5	46	2
libpthread.so.0	pthread_mutex_timedlock	GLIBC_2.2.5	46	2
libc.so.6	fputc_unlocked	GLIBC_2.2.5	45	2
libc.so.6	pread64	GLIBC_2.2.5	45	1
libc.so.6	fallocate	GLIBC_2.10	44	2
libc.so.6	fileno_unlocked	GLIBC_2.2.5	44	2
libc.so.6	getitimer	GLIBC_2.2.5	44	2
libc.so.6	ispunct	GLIBC_2.2.5	44	2
libc.so.6	sched_getcpu	GLIBC_2.6	44	2
libc.so.6	signalfd	GLIBC_2.7	44	2
libm.so.6	acosf	GLIBC_2.2.5	44	2
libpthread.so.0	flockfile	GLIBC_2.2.5	44	2
libpthread.so.0	funlockfile	GLIBC_2.2.5	44	2
libc.so.6	getline	GLIBC_2.2.5	43	2
libc.so.6	getmntent_r	GLIBC_2.2.5	43	2
libc.so.6	islower	GLIBC_2.2.5	43	2
libc.so.6	mkdirat	GLIBC_2.4	43	2
libc.so.6	sched_setscheduler	GLIBC_2.2.5	43	2
libc.so.6	tcsetpgrp	GLIBC_2.2.5	43	2
libc.so.6	tsearch	GLIBC_2.2.5	43	2
libc.so.6	wmemmove	GLIBC_2.2.5	43	2
libpthread.so.0	__h_errno_location	GLIBC_2.2.5	43	4
libc.so.6	flistxattr	GLIBC_2.3	42	2
libm.so.6	fma	GLIBC_2.2.5	42	2
libpthread.so.0	sigwait	GLIBC_2.2.5	42	2
libc.so.6	__res_init	GLIBC_2.2.5	41	2
libc.so.6	cfgetispeed	GLIBC_2.2.5	41	2
libc.so.6	killpg	GLIBC_2.2.5	41	2
libc.so.6	memalign	GLIBC_2.2.5	41	2
libc.so.6	munlock	GLIBC_2.2.5	41	2
libc.so.6	pselect	GLIBC_2.2.5	41	2
libc.so.6	rand_r	GLIBC_2.2.5	41	2
libc.so.6	renameat	GLIBC_2.4	41	2
libc.so.6	wctomb	GLIBC_2.2.5	41	2
libcrypt.so.1	crypt	XCRYPT_2.0	41	4
libpthread.so.0	pthread_spin_lock	GLIBC_2.2.5	41	2
libpthread.so.0	pthread_spin_unlock	GLIBC_2.2.5	41	2
libc.so.6	dup3	GLIBC_2.9	40	2
libc.so.6	getprotobynumber	GLIBC_2.2.5	40	2
libc.so.6	pthread_cond_broadcast	GLIBC_2.3.2	40	2
libc.so.6	setxattr	GLIBC_2.3	40	2
libc.so.6	symlinkat	GLIBC_2.4	40	2
libc.so.6	tfind	GLIBC_2.2.5	40	2
libc.so.6	unshare	GLIBC_2.4	40	4
libm.so.6	nextafter	GLIBC_2.2.5	40	2
libpthread.so.0	sem_close	GLIBC_2.2.5	40	2
libc.so.6	fchmodat	GLIBC_2.4	39	2
libc.so.6	fchownat	GLIBC_2.4	39	2
libc.so.6	fstatfs64	GLIBC_2.2.5	39	3
libc.so.6	llistxattr	GLIBC_2.3	39	2
libm.so.6	fmin	GLIBC_2.2.5	39	2
libpthread.so.0	pthread_attr_getguardsize	GLIBC_2.2.5	39	2
libpthread.so.0	pthread_spin_init	GLIBC_2.2.5	39	2
libpthread.so.0	sem_open	GLIBC_2.2.5	39	2
libc.so.6	__cxa_thread_atexit_impl	GLIBC_2.18	38	4
libc.so.6	atoi	GLIBC_2.2.5	38	2
libc.so.6	getdomainname	GLIBC_2.2.5	38	2
libc.so.6	lsetxattr	GLIBC_2.3	38	2
libm.so.6	tanhf	GLIBC_2.2.5	38	2
libc.so.6	getgrent	GLIBC_2.2.5	37	2
libc.so.6	posix_fadvise	GLIBC_2.2.5	37	2
libc.so.6	pwrite	GLIBC_2.2.5	37	2
libc.so.6	reallocarray	GLIBC_2.26	37	2
libc.so.6	setgrent	GLIBC_2.2.5	37	2
libc.so.6	sigpending	GLIBC_2.2.5	37	3
libc.so.6	tcflow	GLIBC_2.2.5	37	2
libc.so.6	uselocale	GLIBC_2.3	37	2
libm.so.6	cabs	GLIBC_2.2.5	37	2
libm.so.6	floorf	GLIBC_2.2.5	37	2
libpthread.so.0	pthread_getaffinity_np	GLIBC_2.3.4	37	2
libpthread.so.0	pthread_mutexattr_setpshared	GLIBC_2.2.5	37	2
libc.so.6	canonicalize_file_name	GLIBC_2.2.5	36	2
libc.so.6	copy_file_range	GLIBC_2.27	36	4
libc.so.6	fts_close	GLIBC_2.2.5	36	2
libc.so.6	fts_open	GLIBC_2.2.5	36	2
libc.so.6	fts_read	GLIBC_2.2.5	36	2
libc.so.6	getdtablesize	GLIBC_2.2.5	36	2
libc.so.6	personality	GLIBC_2.2.5	36	4
libc.so.6	posix_spawn_file_actions_addopen	GLIBC_2.2.5	36	2
libc.so.6	scandir64	GLIBC_2.2.5	36	3
libc.so.6	statx	GLIBC_2.28	36	4
libc.so.6	truncate64	GLIBC_2.2.5	36	1
libm.so.6	sinhf	GLIBC_2.2.5	36	2
libpthread.so.0	pthread_attr_setscope	GLIBC_2.2.5	36	2
libc.so.6	__strtoul_internal	GLIBC_2.2.5	35	4
libc.so.6	confstr	GLIBC_2.2.5	35	2
libc.so.6	gethostbyaddr	GLIBC_2.2.5	35	2
libc.so.6	gethostbyname_r	GLIBC_2.2.5	35	4
libc.so.6	iswupper	GLIBC_2.2.5	35	2
libc.so.6	mkostemp	GLIBC_2.7	35	2
libc.so.6	posix_madvise	GLIBC_2.2.5	35	2
libc.so.6	setlogmask	GLIBC_2.2.5	35	2
libm.so.6	coshf	GLIBC_2.2.5	35	2
libpthread.so.0	pthread_spin_destroy	GLIBC_2.2.5	35	2
libc.so.6	__progname_full	GLIBC_2.2.5	34	4
libc.so.6	err	GLIBC_2.2.5	34	2
libc.so.6	errx	GLIBC_2.2.5	34	2
libc.so.6	execle	GLIBC_2.2.5	34	2
libc.so.6	fremovexattr	GLIBC_2.3	34	2
libc.so.6	glob64	GLIBC_2.27	34	3
libc.so.6	iswdigit	GLIBC_2.2.5	34	2
libc.so.6	program_invocation_name	GLIBC_2.2.5	34	2
libc.so.6	sendfile	GLIBC_2.2.5	34	4
libc.so.6	umount2	GLIBC_2.2.5	34	4
libm.so.6	modff	GLIBC_2.2.5	34	2
libc.so.6	globfree64	GLIBC_2.2.5	33	3
libc.so.6	mbsinit	GLIBC_2.2.5	33	2
libc.so.6	mlockall	GLIBC_2.2.5	33	4
libc.so.6	unlockpt	GLIBC_2.2.5	33	2
libc.so.6	wmemset	GLIBC_2.2.5	33	2
libm.so.6	acoshf	GLIBC_2.2.5	33	2
libm.so.6	asinhf	GLIBC_2.2.5	33	2
libm.so.6	atanhf	GLIBC_2.2.5	33	2
libpthread.so.0	tcdrain	GLIBC_2.2.5	33	2
libutil.so.1	openpty	GLIBC_2.2.5	33	2
libc.so.6	backtrace_symbols_fd	GLIBC_2.2.5	32	4
libc.so.6	cfmakeraw	GLIBC_2.2.5	32	2
libc.so.6	hstrerror	GLIBC_2.2.5	32	2
libc.so.6	posix_spawn_file_actions_addclose	GLIBC_2.2.5	32	2
libc.so.6	sigtimedwait	GLIBC_2.2.5	32	3
libc.so.6	srand48	GLIBC_2.2.5	32	2
libc.so.6	towupper	GLIBC_2.2.5	32	2
libc.so.6	wcrtomb	GLIBC_2.2.5	32	2
libm.so.6	cexp	GLIBC_2.2.5	32	2
libm.so.6	csqrt	GLIBC_2.2.5	32	2
libm.so.6	exp2	GLIBC_2.2.5	32	2
libm.so.6	fmax	GLIBC_2.2.5	32	2
libc.so.6	ctermid	GLIBC_2.2.5	31	2
libc.so.6	fpathconf	GLIBC_2.2.5	31	2
libc.so.6	freopen64	GLIBC_2.2.5	31	1
libc.so.6	fstatfs	GLIBC_2.2.5	31	3
libc.so.6	fstatvfs64	GLIBC_2.2.5	31	3
libc.so.6	lrand48	GLIBC_2.2.5	31	2
libc.so.6	nftw	GLIBC_2.3.3	31	2
libc.so.6	semctl	GLIBC_2.2.5	31	2
libc.so.6	splice	GLIBC_2.5	31	4
libc.so.6	truncate	GLIBC_2.2.5	31	2
libc.so.6	wcscmp	GLIBC_2.2.5	31	2
libc.so.6	wmemcmp	GLIBC_2.2.5	31	2
libm.so.6	cabsf	GLIBC_2.2.5	31	2
libresolv.so.2	__dn_expand	GLIBC_2.2.5	31	2
libc.so.6	fflush_unlocked	GLIBC_2.2.5	30	2
libc.so.6	mbtowc	GLIBC_2.2.5	30	2
libc.so.6	rindex	GLIBC_2.2.5	30	2
libc.so.6	__timezone	GLIBC_2.2.5	29	1
libc.so.6	aligned_alloc	GLIBC_2.16	29	2
libc.so.6	clearenv	GLIBC_2.2.5	29	2
libc.so.6	gethostbyaddr_r	GLIBC_2.2.5	29	4
libc.so.6	gnu_get_libc_version	GLIBC_2.2.5	29	4
libc.so.6	process_vm_readv	GLIBC_2.15	29	4
libc.so.6	syslog	GLIBC_2.2.5	29	2
libc.so.6	warnx	GLIBC_2.2.5	29	2
libm.so.6	cbrtf	GLIBC_2.2.5	29	2
libm.so.6	csqrtf	GLIBC_2.2.5	29	2
libpthread.so.0	pthread_getcpuclockid	GLIBC_2.2.5	29	2
libc.so.6	getspnam	GLIBC_2.2.5	28	4
libc.so.6	in6addr_loopback	GLIBC_2.2.5	28	2
libc.so.6	iswalnum	GLIBC_2.2.5	28	2
libc.so.6	pwrite64	GLIBC_2.2.5	28	1
libc.so.6	qsort_r	GLIBC_2.8	28	2
libc.so.6	removexattr	GLIBC_2.3	28	2
libm.so.6	cexpf	GLIBC_2.2.5	28	2
libpthread.so.0	pthread_getschedparam	GLIBC_2.2.5	28	2
libc.so.6	alphasort64	GLIBC_2.2.5	27	1
libc.so.6	execvpe	GLIBC_2.11	27	2
libc.so.6	fgets_unlocked	GLIBC_2.2.5	27	2
libc.so.6	getresuid	GLIBC_2.2.5	27	4
libc.so.6	malloc_usable_size	GLIBC_2.2.5	27	2
libc.so.6	pthread_attr_destroy	GLIBC_2.2.5	27	2
libc.so.6	ptsname	GLIBC_2.2.5	27	2
libc.so.6	wcschr	GLIBC_2.2.5	27	2
libm.so.6	fmaf	GLIBC_2.2.5	27	2
libpthread.so.0	pthread_spin_trylock	GLIBC_2.2.5	27	2
libresolv.so.2	__res_search	GLIBC_2.2.5	27	2
libc.so.6	__h_errno_location	GLIBC_2.2.5	26	4
libc.so.6	argp_parse	GLIBC_2.2.5	26	4
libc.so.6	getresgid	GLIBC_2.2.5	26	4
libc.so.6	grantpt	GLIBC_2.2.5	26	2
libc.so.6	listxattr	GLIBC_2.3	26	2
libc.so.6	posix_spawnattr_setsigdefault	GLIBC_2.2.5	26	2
libc.so.6	umount	GLIBC_2.2.5	26	2
libc.so.6	wait3	GLIBC_2.2.5	26	2
libpthread.so.0	sem_unlink	GLIBC_2.2.5	26	2
libc.so.6	__dprintf_chk	GLIBC_2.8	25	3
libc.so.6	__strtol_internal	GLIBC_2.2.5	25	4
libc.so.6	hasmntopt	GLIBC_2.2.5	25	4
libc.so.6	iswcntrl	GLIBC_2.2.5	25	2
libc.so.6	mblen	GLIBC_2.2.5	25	2
libc.so.6	pause	GLIBC_2.2.5	25	2
libc.so.6	posix_spawnattr_setsigmask	GLIBC_2.2.5	25	2
libc.so.6	pthread_attr_init	GLIBC_2.2.5	25	2
libc.so.6	sethostname	GLIBC_2.2.5	25	2
libc.so.6	ttyname_r	GLIBC_2.2.5	25	2
libm.so.6	csin	GLIBC_2.2.5	25	2
libm.so.6	csinf	GLIBC_2.2.5	25	2
libm.so.6	ldexpf	GLIBC_2.2.5	25	2
libpthread.so.0	pthread_setcanceltype	GLIBC_2.2.5	25	2
libpthread.so.0	sem_getvalue	GLIBC_2.2.5	25	2
libc.so.6	__xmknodat	GLIBC_2.4	24	3
libc.so.6	asprintf	GLIBC_2.2.5	24	2
libc.so.6	get_current_dir_name	GLIBC_2.2.5	24	2
libc.so.6	getentropy	GLIBC_2.25	24	2
libc.so.6	pwritev64	GLIBC_2.10	24	4
libc.so.6	setpgrp	GLIBC_2.2.5	24	2
libc.so.6	setutxent	GLIBC_2.2.5	24	2
libc.so.6	sigwaitinfo	GLIBC_2.2.5	24	3
libc.so.6	stpncpy	GLIBC_2.2.5	24	2
libc.so.6	tzname	GLIBC_2.2.5	24	1
libc.so.6	wmemchr	GLIBC_2.2.5	24	2
libc.so.6	wordexp	GLIBC_2.2.5	24	2
libm.so.6	hypotf	GLIBC_2.2.5	24	2
libm.so.6	trunc	GLIBC_2.2.5	24	2
libpthread.so.0	pthread_mutexattr_setrobust	GLIBC_2.12	24	4
librt.so.1	timer_create	GLIBC_2.3.3	24	2
librt.so.1	timer_settime	GLIBC_2.3.3	24	2
libc.so.6	__fpending	GLIBC_2.2.5	23	2
libc.so.6	__poll_chk	GLIBC_2.16	23	3
libc.so.6	_obstack_newchunk	GLIBC_2.2.5	23	4
libc.so.6	lockf	GLIBC_2.2.5	23	2
libc.so.6	lockf64	GLIBC_2.2.5	23	1
libc.so.6	lremovexattr	GLIBC_2.3	23	2
libc.so.6	pthread_cond_destroy	GLIBC_2.3.2	23	2
libc.so.6	tdestroy	GLIBC_2.2.5	23	2
libc.so.6	timezone	GLIBC_2.2.5	23	2
libc.so.6	warn	GLIBC_2.2.5	23	2
libc.so.6	wcscpy	GLIBC_2.2.5	23	2
libdl.so.2	dlvsym	GLIBC_2.2.5	23	4
libm.so.6	lroundf	GLIBC_2.2.5	23	2
libpthread.so.0	pthread_barrier_init	GLIBC_2.2.5	23	2
libpthread.so.0	pthread_barrier_wait	GLIBC_2.2.5	23	2
libpthread.so.0	pthread_mutex_consistent	GLIBC_2.12	23	4
libc.so.6	__libc_current_sigrtmax	GLIBC_2.2.5	22	4
libc.so.6	__tzname	GLIBC_2.2.5	22	4
libc.so.6	_obstack_begin	GLIBC_2.2.5	22	4
libc.so.6	btowc	GLIBC_2.2.5	22	2
libc.so.6	getutxent	GLIBC_2.2.5	22	2
libc.so.6	iscntrl	GLIBC_2.2.5	22	2
libc.so.6	isgraph	GLIBC_2.2.5	22	2
libc.so.6	malloc_trim	GLIBC_2.2.5	22	2
libc.so.6	mincore	GLIBC_2.2.5	22	4
libc.so.6	opterr	GLIBC_2.2.5	22	2
libc.so.6	sched_getparam	GLIBC_2.2.5	22	2
libc.so.6	wcsftime	GLIBC_2.2.5	22	2
libm.so.6	frexpf	GLIBC_2.2.5	22	2
libm.so.6	nextafterf	GLIBC_2.2.5	22	2
libc.so.6	__libc_current_sigrtmin	GLIBC_2.2.5	21	4
libc.so.6	clock_nanosleep	GLIBC_2.17	21	2
libc.so.6	endservent	GLIBC_2.2.5	21	2
libc.so.6	fexecve	GLIBC_2.2.5	21	2
libc.so.6	flockfile	GLIBC_2.2.5	21	2
libc.so.6	funlockfile	GLIBC_2.2.5	21	2
libc.so.6	getdelim	GLIBC_2.2.5	21	2
libc.so.6	iswalpha	GLIBC_2.2.5	21	2
libc.so.6	posix_spawnattr_setpgroup	GLIBC_2.2.5	21	2
libc.so.6	pthread_cond_init	GLIBC_2.3.2	21	2
libc.so.6	pthread_cond_signal	GLIBC_2.3.2	21	2
libc.so.6	sched_getscheduler	GLIBC_2.2.5	21	2
libc.so.6	semget	GLIBC_2.2.5	21	2
libc.so.6	strtod_l	GLIBC_2.3	21	2
libc.so.6	wcsncpy	GLIBC_2.2.5	21	2
libm.so.6	exp2f	GLIBC_2.27	21	2
libpthread.so.0	pthread_rwlock_timedrdlock	GLIBC_2.2.5	21	2
libpthread.so.0	pthread_rwlock_timedwrlock	GLIBC_2.2.5	21	2
libutil.so.1	forkpty	GLIBC_2.2.5	21	2
libc.so.6	__openat_2	GLIBC_2.7	20	4
libc.so.6	clock_settime	GLIBC_2.17	20	2
libc.so.6	ftok	GLIBC_2.2.5	20	2
libc.so.6	mbsrtowcs	GLIBC_2.2.5	20	2
libc.so.6	memccpy	GLIBC_2.2.5	20	2
libc.so.6	mkfifoat	GLIBC_2.4	20	2
libc.so.6	mkostemp64	GLIBC_2.7	20	1
libc.so.6	obstack_free	GLIBC_2.2.5	20	4
libc.so.6	posix_openpt	GLIBC_2.2.5	20	2
libc.so.6	preadv64	GLIBC_2.10	20	4
libc.so.6	pthread_setcancelstate	GLIBC_2.2.5	20	2
libc.so.6	wcscoll	GLIBC_2.2.5	20	2
libm.so.6	clog	GLIBC_2.2.5	20	2
libc.so.6	__openat64_2	GLIBC_2.7	19	4
libc.so.6	fmemopen	GLIBC_2.22	19	2
libc.so.6	ftw	GLIBC_2.2.5	19	2
libc.so.6	isdigit	GLIBC_2.2.5	19	2
libc.so.6	optopt	GLIBC_2.2.5	19	2
libc.so.6	prlimit64	GLIBC_2.13	19	4
libc.so.6	readdir64_r	GLIBC_2.2.5	19	4
libc.so.6	semop	GLIBC_2.2.5	19	2
libc.so.6	tmpfile64	GLIBC_2.2.5	19	1
libc.so.6	wordfree	GLIBC_2.2.5	19	2
libdl.so.2	dlinfo	GLIBC_2.3.3	19	4
libm.so.6	logl	GLIBC_2.2.5	19	2
libm.so.6	lrint	GLIBC_2.2.5	19	2
libm.so.6	sqrtl	GLIBC_2.2.5	19	2
libc.so.6	endspent	GLIBC_2.2.5	18	4
libc.so.6	endutxent	GLIBC_2.2.5	18	2
libc.so.6	futimes	GLIBC_2.3	18	2
libc.so.6	longjmp	GLIBC_2.2.5	18	3
libc.so.6	setutent	GLIBC_2.2.5	18	2
libc.so.6	tcdrain	GLIBC_2.2.5	18	2
libcrypt.so.1	crypt_r	XCRYPT_2.0	18	4
libm.so.6	erf	GLIBC_2.2.5	18	2
libm.so.6	erfc	GLIBC_2.2.5	18	2
libm.so.6	feclearexcept	GLIBC_2.2.5	18	2
libm.so.6	frexpl	GLIBC_2.2.5	18	2
libm.so.6	ldexpl	GLIBC_2.2.5	18	2
libm.so.6	powl	GLIBC_2.2.5	18	2
libc.so.6	__getpagesize	GLIBC_2.2.5	17	2
libc.so.6	creat64	GLIBC_2.2.5	17	1
libc.so.6	if_nameindex	GLIBC_2.2.5	17	2
libc.so.6	modf	GLIBC_2.2.5	17	2
libc.so.6	seekdir	GLIBC_2.2.5	17	2
libm.so.6	coshl	GLIBC_2.2.5	17	2
libm.so.6	cosl	GLIBC_2.2.5	17	2
libm.so.6	expl	GLIBC_2.2.5	17	2
libm.so.6	fabs	GLIBC_2.2.5	17	2
libm.so.6	fesetround	GLIBC_2.2.5	17	2
libm.so.6	fetestexcept	GLIBC_2.2.5	17	2
libm.so.6	fmodl	GLIBC_2.2.5	17	2
libm.so.6	ilogbf	GLIBC_2.2.5	17	2
libm.so.6	sinhl	GLIBC_2.2.5	17	2
libm.so.6	sinl	GLIBC_2.2.5	17	2
libpthread.so.0	pthread_barrier_destroy	GLIBC_2.2.5	17	2
libpthread.so.0	pthread_getname_np	GLIBC_2.12	17	2
libc.so.6	__mempcpy_chk	GLIBC_2.3.4	16	2
libc.so.6	div	GLIBC_2.2.5	16	2
libc.so.6	endutent	GLIBC_2.2.5	16	2
libc.so.6	getusershell	GLIBC_2.2.5	16	2
libc.so.6	gnu_dev_major	GLIBC_2.3.3	16	4
libc.so.6	gnu_dev_minor	GLIBC_2.3.3	16	4
libc.so.6	if_freenameindex	GLIBC_2.2.5	16	2
libc.so.6	mallopt	GLIBC_2.2.5	16	2
libc.so.6	nftw64	GLIBC_2.3.3	16	1
libc.so.6	pthread_attr_setdetachstate	GLIBC_2.2.5	16	2
libc.so.6	wcsncmp	GLIBC_2.2.5	16	2
libm.so.6	log1pf	GLIBC_2.2.5	16	2
libm.so.6	truncf	GLIBC_2.2.5	16	2
libpthread.so.0	pthread_attr_setinheritsched	GLIBC_2.2.5	16	2
libpthread.so.0	pthread_testcancel	GLIBC_2.2.5	16	2
librt.so.1	timer_delete	GLIBC_2.3.3	16	2
libc.so.6	asctime_r	GLIBC_2.2.5	15	2
libc.so.6	clearerr_unlocked	GLIBC_2.2.5	15	2
libc.so.6	eaccess	GLIBC_2.4	15	2
libc.so.6	endusershell	GLIBC_2.2.5	15	2
libc.so.6	iopl	GLIBC_2.2.5	15	4
libc.so.6	renameat2	GLIBC_2.28	15	2
libc.so.6	strtold_l	GLIBC_2.3	15	2
libc.so.6	tdelete	GLIBC_2.2.5	15	2
libc.so.6	vsscanf	GLIBC_2.2.5	15	2
libm.so.6	atan2l	GLIBC_2.2.5	15	2
libm.so.6	atanl	GLIBC_2.2.5	15	2
libm.so.6	cabsl	GLIBC_2.2.5	15	2
libm.so.6	ccos	GLIBC_2.2.5	15	2
libm.so.6	ccosf	GLIBC_2.2.5	15	2
libm.so.6	ccosl	GLIBC_2.2.5	15	2
libm.so.6	csinl	GLIBC_2.2.5	15	2
libm.so.6	fegetround	GLIBC_2.2.5	15	2
libm.so.6	log1pl	GLIBC_2.2.5	15	2
libm.so.6	tanl	GLIBC_2.2.5	15	2
libc.so.6	__res_ninit	GLIBC_2.2.5	14	2
libc.so.6	endprotoent	GLIBC_2.2.5	14	2
libc.so.6	eventfd_write	GLIBC_2.7	14	4
libc.so.6	fgetpos	GLIBC_2.2.5	14	2
libc.so.6	fsetpos	GLIBC_2.2.5	14	2
libc.so.6	gethostid	GLIBC_2.2.5	14	2
libc.so.6	getspent	GLIBC_2.2.5	14	4
libc.so.6	hcreate_r	GLIBC_2.2.5	14	2
libc.so.6	hdestroy_r	GLIBC_2.2.5	14	2
libc.so.6	hsearch_r	GLIBC_2.2.5	14	2
libc.so.6	iswlower	GLIBC_2.2.5	14	2
libc.so.6	mrand48	GLIBC_2.2.5	14	2
libc.so.6	pthread_cond_timedwait	GLIBC_2.3.2	14	2
libc.so.6	settimeofday	GLIBC_2.2.5	14	2
libc.so.6	telldir	GLIBC_2.2.5	14	2
libc.so.6	wctob	GLIBC_2.2.5	14	2
libm.so.6	acoshl	GLIBC_2.2.5	14	2
libm.so.6	acosl	GLIBC_2.2.5	14	2
libm.so.6	asinhl	GLIBC_2.2.5	14	2
libm.so.6	asinl	GLIBC_2.2.5	14	2
libm.so.6	atanhl	GLIBC_2.2.5	14	2
libm.so.6	cexpl	GLIBC_2.2.5	14	2
libm.so.6	clogf	GLIBC_2.2.5	14	2
libm.so.6	clogl	GLIBC_2.2.5	14	2
libm.so.6	cpow	GLIBC_2.2.5	14	2
libm.so.6	csqrtl	GLIBC_2.2.5	14	2
libm.so.6	log10l	GLIBC_2.2.5	14	2
libm.so.6	modfl	GLIBC_2.2.5	14	2
libm.so.6	scalbn	GLIBC_2.2.5	14	2
libm.so.6	tanhl	GLIBC_2.2.5	14	2
libpthread.so.0	pthread_attr_setguardsize	GLIBC_2.2.5	14	2
libpthread.so.0	pthread_rwlockattr_init	GLIBC_2.2.5	14	2
libresolv.so.2	__dn_skipname	GLIBC_2.2.5	14	2
libc.so.6	__res_nclose	GLIBC_2.2.5	13	2
libc.so.6	argp_help	GLIBC_2.2.5	13	4
libc.so.6	atoll	GLIBC_2.2.5	13	2
libc.so.6	clone	GLIBC_2.2.5	13	4
libc.so.6	fopencookie	GLIBC_2.2.5	13	2
libc.so.6	futimesat	GLIBC_2.4	13	2
libc.so.6	ntohs	GLIBC_2.2.5	13	2
libc.so.6	quotactl	GLIBC_2.2.5	13	2
libc.so.6	setspent	GLIBC_2.2.5	13	4
libc.so.6	strerror_l	GLIBC_2.6	13	2
libc.so.6	strtold	GLIBC_2.2.5	13	2
libc.so.6	strxfrm	GLIBC_2.2.5	13	2
libc.so.6	wcsxfrm	GLIBC_2.2.5	13	2
libm.so.6	expm1l	GLIBC_2.2.5	13	2
libm.so.6	log2l	GLIBC_2.2.5	13	2
libpthread.so.0	pthread_attr_getdetachstate	GLIBC_2.2.5	13	2
libresolv.so.2	__res_query	GLIBC_2.2.5	13	2
libc.so.6	__isoc99_scanf	GLIBC_2.7	12	4
libc.so.6	__sysv_signal	GLIBC_2.2.5	12	3
libc.so.6	atof	GLIBC_2.2.5	12	2
libc.so.6	eventfd_read	GLIBC_2.7	12	4
libc.so.6	fgetpwent	GLIBC_2.2.5	12	4
libc.so.6	getcontext	GLIBC_2.2.5	12	2
libc.so.6	getutent	GLIBC_2.2.5	12	2
libc.so.6	htons	GLIBC_2.2.5	12	2
libc.so.6	ldexp	GLIBC_2.2.5	12	2
libc.so.6	ldiv	GLIBC_2.2.5	12	2
libc.so.6	process_vm_writev	GLIBC_2.15	12	4
libc.so.6	re_search	GLIBC_2.2.5	12	4
libc.so.6	readdir_r	GLIBC_2.2.5	12	3
libc.so.6	scanf	GLIBC_2.2.5	12	2
libc.so.6	sched_setparam	GLIBC_2.2.5	12	2
libc.so.6	setservent	GLIBC_2.2.5	12	2
libc.so.6	setusershell	GLIBC_2.2.5	12	2
libc.so.6	syncfs	GLIBC_2.14	12	4
libc.so.6	vfscanf	GLIBC_2.2.5	12	2
libc.so.6	wcscat	GLIBC_2.2.5	12	2
libc.so.6	wcsrchr	GLIBC_2.2.5	12	2
libc.so.6	wcstok	GLIBC_2.2.5	12	2
libc.so.6	wcstol	GLIBC_2.2.5	12	2
libm.so.6	cacos	GLIBC_2.2.5	12	2
libm.so.6	cacosf	GLIBC_2.2.5	12	2
libm.so.6	cacosh	GLIBC_2.2.5	12	2
libm.so.6	cacoshf	GLIBC_2.2.5	12	2
libm.so.6	cacoshl	GLIBC_2.2.5	12	2
libm.so.6	cacosl	GLIBC_2.2.5	12	2
libm.so.6	casin	GLIBC_2.2.5	12	2
libm.so.6	casinf	GLIBC_2.2.5	12	2
libm.so.6	casinh	GLIBC_2.2.5	12	2
libm.so.6	casinhf	GLIBC_2.2.5	12	2
libm.so.6	casinhl	GLIBC_2.2.5	12	2
libm.so.6	casinl	GLIBC_2.2.5	12	2
libm.so.6	catan	GLIBC_2.2.5	12	2
libm.so.6	catanf	GLIBC_2.2.5	12	2
libm.so.6	catanh	GLIBC_2.2.5	12	2
libm.so.6	catanhf	GLIBC_2.2.5	12	2
libm.so.6	catanhl	GLIBC_2.2.5	12	2
libm.so.6	catanl	GLIBC_2.2.5	12	2
libm.so.6	cbrtl	GLIBC_2.2.5	12	2
libm.so.6	ccosh	GLIBC_2.2.5	12	2
libm.so.6	ccoshf	GLIBC_2.2.5	12	2
libm.so.6	ccoshl	GLIBC_2.2.5	12	2
libm.so.6	cpowf	GLIBC_2.2.5	12	2
libm.so.6	cpowl	GLIBC_2.2.5	12	2
libm.so.6	csinh	GLIBC_2.2.5	12	2
libm.so.6	csinhf	GLIBC_2.2.5	12	2
libm.so.6	csinhl	GLIBC_2.2.5	12	2
libm.so.6	ctan	GLIBC_2.2.5	12	2
libm.so.6	ctanf	GLIBC_2.2.5	12	2
libm.so.6	ctanh	GLIBC_2.2.5	12	2
libm.so.6	ctanhf	GLIBC_2.2.5	12	2
libm.so.6	ctanhl	GLIBC_2.2.5	12	2
libm.so.6	ctanl	GLIBC_2.2.5	12	2
libm.so.6	exp2l	GLIBC_2.2.5	12	2
libm.so.6	expm1f	GLIBC_2.2.5	12	2
libm.so.6	hypotl	GLIBC_2.2.5	12	2
libm.so.6	ilogb	GLIBC_2.2.5	12	2
libm.so.6	nextafterl	GLIBC_2.2.5	12	2
libc.so.6	frexp	GLIBC_2.2.5	11	2
libc.so.6	getlogin_r	GLIBC_2.2.5	11	2
libc.so.6	gnu_dev_makedev	GLIBC_2.3.3	11	4
libc.so.6	htonl	GLIBC_2.2.5	11	2
libc.so.6	innetgr	GLIBC_2.2.5	11	4
libc.so.6	lutimes	GLIBC_2.3	11	2
libc.so.6	msgget	GLIBC_2.2.5	11	2
libc.so.6	name_to_handle_at	GLIBC_2.14	11	4
libc.so.6	ntohl	GLIBC_2.2.5	11	2
libc.so.6	ptsname_r	GLIBC_2.2.5	11	2
libc.so.6	pwritev	GLIBC_2.10	11	4
libc.so.6	pwritev64v2	GLIBC_2.26	11	4
libc.so.6	rawmemchr	GLIBC_2.2.5	11	2
libc.so.6	sched_rr_get_interval	GLIBC_2.2.5	11	2
libc.so.6	sethostent	GLIBC_2.2.5	11	2
libc.so.6	siginterrupt	GLIBC_2.2.5	11	2
libc.so.6	sync_file_range	GLIBC_2.6	11	4
libm.so.6	feraiseexcept	GLIBC_2.2.5	11	2
libpthread.so.0	pthread_rwlockattr_destroy	GLIBC_2.2.5	11	2
libpthread.so.0	pthread_rwlockattr_setkind_np	GLIBC_2.2.5	11	4
libc.so.6	__recv_chk	GLIBC_2.4	10	3
libc.so.6	adjtimex	GLIBC_2.2.5	10	4
libc.so.6	argp_error	GLIBC_2.2.5	10	4
libc.so.6	argp_failure	GLIBC_2.2.5	10	4
libc.so.6	capset	GLIBC_2.2.5	10	4
libc.so.6	error_at_line	GLIBC_2.2.5	10	2
libc.so.6	ffs	GLIBC_2.2.5	10	2
libc.so.6	fgetspent	GLIBC_2.2.5	10	4
libc.so.6	gethostbyname2	GLIBC_2.2.5	10	2
libc.so.6	hcreate	GLIBC_2.2.5	10	2
libc.so.6	hdestroy	GLIBC_2.2.5	10	2
libc.so.6	hsearch	GLIBC_2.2.5	10	2
libc.so.6	mkstemps64	GLIBC_2.11	10	1
libc.so.6	mktemp	GLIBC_2.2.5	10	2
libc.so.6	munlockall	GLIBC_2.2.5	10	4
libc.so.6	preadv64v2	GLIBC_2.26	10	4
libc.so.6	putpwent	GLIBC_2.2.5	10	4
libc.so.6	putspent	GLIBC_2.2.5	10	4
libc.so.6	re_set_syntax	GLIBC_2.2.5	10	4
libc.so.6	setfsuid	GLIBC_2.2.5	10	4
libc.so.6	sigisemptyset	GLIBC_2.2.5	10	4
libc.so.6	siglongjmp	GLIBC_2.2.5	10	3
libc.so.6	sysctl	GLIBC_2.2.5	10	4
libm.so.6	fesetenv	GLIBC_2.2.5	10	2
libm.so.6	lrintf	GLIBC_2.2.5	10	2
libm.so.6	nearbyint	GLIBC_2.2.5	10	2
libpthread.so.0	pthread_attr_setschedparam	GLIBC_2.2.5	10	2
libc.so.6	__res_state	GLIBC_2.2.5	9	2
libc.so.6	_mcleanup	GLIBC_2.2.5	9	4
libc.so.6	endhostent	GLIBC_2.2.5	9	2
libc.so.6	epoll_pwait	GLIBC_2.6	9	4
libc.so.6	fgetgrent	GLIBC_2.2.5	9	4
libc.so.6	fts_set	GLIBC_2.2.5	9	2
libc.so.6	getnetbyname	GLIBC_2.2.5	9	4
libc.so.6	herror	GLIBC_2.2.5	9	2
libc.so.6	iswpunct	GLIBC_2.2.5	9	2
libc.so.6	makecontext	GLIBC_2.2.5	9	2
libc.so.6	monstartup	GLIBC_2.2.5	9	4
libc.so.6	msgctl	GLIBC_2.2.5	9	2
libc.so.6	pthread_condattr_destroy	GLIBC_2.2.5	9	2
libc.so.6	pthread_condattr_init	GLIBC_2.2.5	9	2
libc.so.6	re_compile_pattern	GLIBC_2.2.5	9	4
libc.so.6	reboot	GLIBC_2.2.5	9	4
libc.so.6	recvmmsg	GLIBC_2.12	9	4
libc.so.6	rpmatch	GLIBC_2.2.5	9	2
libc.so.6	swapcontext	GLIBC_2.2.5	9	2
libc.so.6	versionsort64	GLIBC_2.2.5	9	1
libc.so.6	wcsncat	GLIBC_2.2.5	9	2
libm.so.6	fegetenv	GLIBC_2.2.5	9	2
libm.so.6	fminf	GLIBC_2.2.5	9	2
libpthread.so.0	pthread_attr_setaffinity_np	GLIBC_2.3.4	9	4
libresolv.so.2	__res_nsearch	GLIBC_2.2.5	9	2
libc.so.6	_Exit	GLIBC_2.2.5	8	2
libc.so.6	__daylight	GLIBC_2.2.5	8	4
libc.so.6	__vdprintf_chk	GLIBC_2.8	8	3
libc.so.6	catgets	GLIBC_2.2.5	8	2
libc.so.6	daylight	GLIBC_2.2.5	8	1
libc.so.6	drand48	GLIBC_2.2.5	8	2
libc.so.6	getservent	GLIBC_2.2.5	8	2
libc.so.6	ioperm	GLIBC_2.2.5	8	4
libc.so.6	isblank	GLIBC_2.2.5	8	2
libc.so.6	jrand48	GLIBC_2.2.5	8	2
libc.so.6	mbsnrtowcs	GLIBC_2.2.5	8	2
libc.so.6	msgsnd	GLIBC_2.2.5	8	2
libc.so.6	posix_spawnattr_setschedparam	GLIBC_2.2.5	8	2
libc.so.6	posix_spawnattr_setschedpolicy	GLIBC_2.2.5	8	2
libc.so.6	putgrent	GLIBC_2.2.5	8	4
libc.so.6	setprotoent	GLIBC_2.2.5	8	2
libc.so.6	utmpxname	GLIBC_2.2.5	8	2
libc.so.6	versionsort	GLIBC_2.2.5	8	2
libc.so.6	vprintf	GLIBC_2.2.5	8	2
libc.so.6	wcsrtombs	GLIBC_2.2.5	8	2
libm.so.6	__signgam	GLIBC_2.23	8	2
libm.so.6	fmaxf	GLIBC_2.2.5	8	2
libm.so.6	lgamma	GLIBC_2.23	8	2
libm.so.6	signgam	GLIBC_2.2.5	8	1
libm.so.6	sincosl	GLIBC_2.2.5	8	2
ld-linux-x86-64.so.2	__libc_stack_end	GLIBC_2.2.5	7	unmapped
libc.so.6	__cmsg_nxthdr	GLIBC_2.2.5	7	4
libc.so.6	__duplocale	GLIBC_2.2.5	7	1
libc.so.6	__freelocale	GLIBC_2.2.5	7	1
libc.so.6	__iswctype_l	GLIBC_2.2.5	7	1
libc.so.6	__newlocale	GLIBC_2.2.5	7	1
libc.so.6	__nl_langinfo_l	GLIBC_2.2.5	7	1
libc.so.6	__strcoll_l	GLIBC_2.2.5	7	1
libc.so.6	__strftime_l	GLIBC_2.3	7	1
libc.so.6	__strtod_l	GLIBC_2.2.5	7	1
libc.so.6	__strtof_l	GLIBC_2.2.5	7	1
libc.so.6	__strxfrm_l	GLIBC_2.2.5	7	1
libc.so.6	__towlower_l	GLIBC_2.2.5	7	1
libc.so.6	__towupper_l	GLIBC_2.2.5	7	1
libc.so.6	__uselocale	GLIBC_2.3	7	1
libc.so.6	__wcscoll_l	GLIBC_2.2.5	7	1
libc.so.6	__wcsftime_l	GLIBC_2.3	7	1
libc.so.6	__wcsxfrm_l	GLIBC_2.2.5	7	1
libc.so.6	__wctype_l	GLIBC_2.2.5	7	1
libc.so.6	argp_state_help	GLIBC_2.2.5	7	4
libc.so.6	atol	GLIBC_2.2.5	7	2
libc.so.6	cfsetspeed	GLIBC_2.2.5	7	2
libc.so.6	ether_aton	GLIBC_2.2.5	7	4
libc.so.6	euidaccess	GLIBC_2.2.5	7	2
libc.so.6	fstatvfs	GLIBC_2.2.5	7	3
libc.so.6	get_nprocs	GLIBC_2.2.5	7	2
libc.so.6	getnetbyaddr	GLIBC_2.2.5	7	4
libc.so.6	iswgraph	GLIBC_2.2.5	7	2
libc.so.6	iswxdigit	GLIBC_2.2.5	7	2
libc.so.6	msgrcv	GLIBC_2.2.5	7	2
libc.so.6	preadv	GLIBC_2.10	7	4
libc.so.6	pututxline	GLIBC_2.2.5	7	2
libc.so.6	setbuffer	GLIBC_2.2.5	7	2
libc.so.6	setfsgid	GLIBC_2.2.5	7	4
libc.so.6	sigqueue	GLIBC_2.2.5	7	3
libc.so.6	swapoff	GLIBC_2.2.5	7	4
libc.so.6	timespec_get	GLIBC_2.16	7	2
libc.so.6	tmpnam	GLIBC_2.2.5	7	2
libc.so.6	twalk	GLIBC_2.2.5	7	2
libc.so.6	utmpname	GLIBC_2.2.5	7	2
libc.so.6	valloc	GLIBC_2.2.5	7	2
libc.so.6	wcsnrtombs	GLIBC_2.2.5	7	2
libm.so.6	copysign	GLIBC_2.2.5	7	2
libm.so.6	llround	GLIBC_2.2.5	7	2
libm.so.6	scalbnf	GLIBC_2.2.5	7	2
libpthread.so.0	pthread_attr_setschedpolicy	GLIBC_2.2.5	7	2
libpthread.so.0	pthread_condattr_setpshared	GLIBC_2.2.5	7	2
libresolv.so.2	ns_initparse	GLIBC_2.9	7	4
libresolv.so.2	ns_parserr	GLIBC_2.9	7	4
libc.so.6	__freading	GLIBC_2.2.5	6	2
libc.so.6	__mempcpy	GLIBC_2.2.5	6	2
libc.so.6	__pread_chk	GLIBC_2.4	6	3
libc.so.6	capget	GLIBC_2.2.5	6	4
libc.so.6	catclose	GLIBC_2.2.5	6	2
libc.so.6	catopen	GLIBC_2.2.5	6	2
libc.so.6	delete_module	GLIBC_2.2.5	6	4
libc.so.6	endnetent	GLIBC_2.2.5	6	4
libc.so.6	explicit_bzero	GLIBC_2.25	6	2
libc.so.6	frexpf	GLIBC_2.2.5	6	2
libc.so.6	frexpl	GLIBC_2.2.5	6	2
libc.so.6	gcvt	GLIBC_2.2.5	6	2
libc.so.6	getprotoent	GLIBC_2.2.5	6	2
libc.so.6	getsubopt	GLIBC_2.2.5	6	2
libc.so.6	init_module	GLIBC_2.2.5	6	4
libc.so.6	isfdtype	GLIBC_2.2.5	6	4
libc.so.6	iswblank	GLIBC_2.2.5	6	2
libc.so.6	lckpwdf	GLIBC_2.2.5	6	4
libc.so.6	ldexpl	GLIBC_2.2.5	6	2
libc.so.6	modff	GLIBC_2.2.5	6	2
libc.so.6	modfl	GLIBC_2.2.5	6	2
libc.so.6	nl_langinfo_l	GLIBC_2.3	6	2
libc.so.6	parse_printf_format	GLIBC_2.2.5	6	4
libc.so.6	pthread_exit	GLIBC_2.2.5	6	2
libc.so.6	putsgent	GLIBC_2.10	6	4
libc.so.6	pututline	GLIBC_2.2.5	6	2
libc.so.6	putwc	GLIBC_2.2.5	6	2
libc.so.6	re_comp	GLIBC_2.2.5	6	4
libc.so.6	re_exec	GLIBC_2.2.5	6	4
libc.so.6	re_match	GLIBC_2.2.5	6	4
libc.so.6	setnetent	GLIBC_2.2.5	6	4
libc.so.6	sigset	GLIBC_2.2.5	6	2
libc.so.6	swab	GLIBC_2.2.5	6	2
libc.so.6	towlower_l	GLIBC_2.3	6	2
libc.so.6	ulckpwdf	GLIBC_2.2.5	6	4
libc.so.6	updwtmpx	GLIBC_2.2.5	6	2
libc.so.6	vmsplice	GLIBC_2.5	6	4
libc.so.6	wcsstr	GLIBC_2.2.5	6	2
libm.so.6	fedisableexcept	GLIBC_2.2.5	6	2
libpthread.so.0	pthread_yield	GLIBC_2.2.5	6	2
libresolv.so.2	__res_querydomain	GLIBC_2.2.5	6	2
librt.so.1	mq_getattr	GLIBC_2.3.4	6	2
libutil.so.1	login_tty	GLIBC_2.2.5	6	2
libc.so.6	__dcgettext	GLIBC_2.2.5	5	4
libc.so.6	__mbrlen	GLIBC_2.2.5	5	1
libc.so.6	__nss_configure_lookup	GLIBC_2.2.5	5	4
libc.so.6	__obstack_printf_chk	GLIBC_2.8	5	4
libc.so.6	__stpcpy	GLIBC_2.2.5	5	1
libc.so.6	duplocale	GLIBC_2.3	5	2
libc.so.6	fgetsgent	GLIBC_2.10	5	4
libc.so.6	ftime	GLIBC_2.2.5	5	2
libc.so.6	gethostent	GLIBC_2.2.5	5	4
libc.so.6	getpt	GLIBC_2.2.5	5	2
libc.so.6	getpwent_r	GLIBC_2.2.5	5	4
libc.so.6	getrpcbyname	GLIBC_2.2.5	5	4
libc.so.6	getservbyname_r	GLIBC_2.2.5	5	4
libc.so.6	inet_netof	GLIBC_2.2.5	5	2
libc.so.6	ldexpf	GLIBC_2.2.5	5	2
libc.so.6	lsearch	GLIBC_2.2.5	5	2
libc.so.6	pthread_equal	GLIBC_2.2.5	5	2
libc.so.6	strtof_l	GLIBC_2.3	5	2
libc.so.6	updwtmp	GLIBC_2.2.5	5	2
libc.so.6	wcsdup	GLIBC_2.2.5	5	2
libm.so.6	__exp2_finite	GLIBC_2.15	5	3
libm.so.6	__exp_finite	GLIBC_2.15	5	3
libm.so.6	__log_finite	GLIBC_2.15	5	3
libm.so.6	fmaxl	GLIBC_2.2.5	5	2
libm.so.6	j0	GLIBC_2.2.5	5	2
libm.so.6	j1	GLIBC_2.2.5	5	2
libm.so.6	jn	GLIBC_2.2.5	5	2
libm.so.6	llrint	GLIBC_2.2.5	5	2
libm.so.6	logb	GLIBC_2.2.5	5	2
libm.so.6	remainder	GLIBC_2.2.5	5	2
libm.so.6	yn	GLIBC_2.2.5	5	2
libpthread.so.0	__pthread_register_cancel	GLIBC_2.3.3	5	4
libpthread.so.0	__pthread_unregister_cancel	GLIBC_2.3.3	5	4
libpthread.so.0	__pthread_unwind_next	GLIBC_2.3.3	5	4
libpthread.so.0	__res_state	GLIBC_2.2.5	5	2
libpthread.so.0	pthread_mutexattr_gettype	GLIBC_2.2.5	5	2
libpthread.so.0	thrd_exit	GLIBC_2.28	5	2
librt.so.1	aio_read	GLIBC_2.2.5	5	2
librt.so.1	aio_write	GLIBC_2.2.5	5	2
librt.so.1	timer_getoverrun	GLIBC_2.3.3	5	2
librt.so.1	timer_gettime	GLIBC_2.3.3	5	2
libc.so.6	__fgets_chk	GLIBC_2.4	4	3
libc.so.6	__swprintf_chk	GLIBC_2.4	4	3
libc.so.6	__wcscpy_chk	GLIBC_2.4	4	3
libc.so.6	__wctomb_chk	GLIBC_2.4	4	3
libc.so.6	argz_stringify	GLIBC_2.2.5	4	2
libc.so.6	bsearch	GLIBC_2.2.5	4	2
libc.so.6	copysign	GLIBC_2.2.5	4	2
libc.so.6	cuserid	GLIBC_2.2.5	4	2
libc.so.6	ecvt	GLIBC_2.2.5	4	2
libc.so.6	errno	GLIBC_PRIVATE	4	3
libc.so.6	ether_hostton	GLIBC_2.2.5	4	4
libc.so.6	ether_ntoa	GLIBC_2.2.5	4	4
libc.so.6	fanotify_init	GLIBC_2.13	4	4
libc.so.6	fanotify_mark	GLIBC_2.13	4	4
libc.so.6	fcvt	GLIBC_2.2.5	4	2
libc.so.6	fputwc	GLIBC_2.2.5	4	2
libc.so.6	getgrent_r	GLIBC_2.2.5	4	4
libc.so.6	getnetent	GLIBC_2.2.5	4	4
libc.so.6	getservbyport_r	GLIBC_2.2.5	4	4
libc.so.6	getspnam_r	GLIBC_2.2.5	4	4
libc.so.6	getutid	GLIBC_2.2.5	4	2
libc.so.6	getutxid	GLIBC_2.2.5	4	2
libc.so.6	imaxdiv	GLIBC_2.2.5	4	2
libc.so.6	inet_makeaddr	GLIBC_2.2.5	4	2
libc.so.6	iswctype	GLIBC_2.2.5	4	2
libc.so.6	lldiv	GLIBC_2.2.5	4	2
libc.so.6	on_exit	GLIBC_2.2.5	4	2
libc.so.6	putc_unlocked	GLIBC_2.2.5	4	2
libc.so.6	rcmd	GLIBC_2.2.5	4	2
libc.so.6	readahead	GLIBC_2.3	4	4
libc.so.6	swapon	GLIBC_2.2.5	4	4
libc.so.6	tee	GLIBC_2.5	4	4
libc.so.6	vwarnx	GLIBC_2.2.5	4	2
libc.so.6	wcscasecmp	GLIBC_2.2.5	4	2
libc.so.6	wcscoll_l	GLIBC_2.3	4	2
libc.so.6	wcscspn	GLIBC_2.2.5	4	2
libc.so.6	wctype	GLIBC_2.2.5	4	2
libm.so.6	__log10_finite	GLIBC_2.15	4	3
libm.so.6	__logf_finite	GLIBC_2.15	4	3
libm.so.6	floorl	GLIBC_2.2.5	4	2
libm.so.6	rint	GLIBC_2.2.5	4	2
libm.so.6	roundl	GLIBC_2.2.5	4	2
libm.so.6	tgamma	GLIBC_2.2.5	4	2
libm.so.6	y0	GLIBC_2.2.5	4	2
libm.so.6	y1	GLIBC_2.2.5	4	2
libpthread.so.0	pthread_equal	GLIBC_2.2.5	4	2
libpthread.so.0	pthread_mutexattr_setprotocol	GLIBC_2.4	4	2
libresolv.so.2	__res_nquery	GLIBC_2.2.5	4	2
libresolv.so.2	ns_get16	GLIBC_2.9	4	4
librt.so.1	aio_error	GLIBC_2.2.5	4	2
librt.so.1	aio_return	GLIBC_2.2.5	4	2
librt.so.1	mq_open	GLIBC_2.3.4	4	2
librt.so.1	mq_unlink	GLIBC_2.3.4	4	2
libutil.so.1	logwtmp	GLIBC_2.2.5	4	2
libc.so.6	__close_nocancel	GLIBC_PRIVATE	3	4
libc.so.6	__curbrk	GLIBC_2.2.5	3	4
libc.so.6	__fpurge	GLIBC_2.2.5	3	2
libc.so.6	__libc_free	GLIBC_2.2.5	3	4
libc.so.6	__libc_malloc	GLIBC_2.2.5	3	4
libc.so.6	__libc_scratch_buffer_grow	GLIBC_PRIVATE	3	4
libc.so.6	__sbrk	GLIBC_2.2.5	3	1
libc.so.6	__strcasecmp	GLIBC_2.2.5	3	1
libc.so.6	__wcsncpy_chk	GLIBC_2.4	3	3
libc.so.6	__wmemcpy_chk	GLIBC_2.4	3	3
libc.so.6	_dl_mcount_wrapper_check	GLIBC_2.2.5	3	4
libc.so.6	_nss_files_parse_grent	GLIBC_PRIVATE	3	4
libc.so.6	_nss_files_parse_pwent	GLIBC_PRIVATE	3	4
libc.so.6	acct	GLIBC_2.2.5	3	4
libc.so.6	addmntent	GLIBC_2.2.5	3	4
libc.so.6	argz_add	GLIBC_2.2.5	3	2
libc.so.6	argz_create_sep	GLIBC_2.2.5	3	2
libc.so.6	brk	GLIBC_2.2.5	3	4
libc.so.6	dngettext	GLIBC_2.2.5	3	4
libc.so.6	ether_aton_r	GLIBC_2.2.5	3	4
libc.so.6	fgetpos64	GLIBC_2.2.5	3	1
libc.so.6	fgetws	GLIBC_2.2.5	3	2
libc.so.6	fsetpos64	GLIBC_2.2.5	3	1
libc.so.6	get_nprocs_conf	GLIBC_2.2.5	3	2
libc.so.6	getc_unlocked	GLIBC_2.2.5	3	2
libc.so.6	getprotobyname_r	GLIBC_2.2.5	3	4
libc.so.6	getprotobynumber_r	GLIBC_2.2.5	3	4
libc.so.6	getrpcbynumber	GLIBC_2.2.5	3	4
libc.so.6	gnu_get_libc_release	GLIBC_2.2.5	3	4
libc.so.6	inet_lnaof	GLIBC_2.2.5	3	4
libc.so.6	inet_network	GLIBC_2.2.5	3	2
libc.so.6	initstate_r	GLIBC_2.2.5	3	4
libc.so.6	iswalpha_l	GLIBC_2.3	3	2
libc.so.6	iswdigit_l	GLIBC_2.3	3	2
libc.so.6	iswlower_l	GLIBC_2.3	3	2
libc.so.6	iswprint_l	GLIBC_2.3	3	2
libc.so.6	iswpunct_l	GLIBC_2.3	3	2
libc.so.6	iswspace_l	GLIBC_2.3	3	2
libc.so.6	iswupper_l	GLIBC_2.3	3	2
libc.so.6	klogctl	GLIBC_2.2.5	3	4
libc.so.6	l64a	GLIBC_2.2.5	3	2
libc.so.6	lfind	GLIBC_2.2.5	3	2
libc.so.6	mtrace	GLIBC_2.2.5	3	4
libc.so.6	open_by_handle_at	GLIBC_2.14	3	4
libc.so.6	pthread_attr_setscope	GLIBC_2.2.5	3	2
libc.so.6	pthread_setschedparam	GLIBC_2.2.5	3	2
libc.so.6	putchar_unlocked	GLIBC_2.2.5	3	2
libc.so.6	qecvt	GLIBC_2.2.5	3	4
libc.so.6	qfcvt	GLIBC_2.2.5	3	4
libc.so.6	qgcvt	GLIBC_2.2.5	3	4
libc.so.6	random_r	GLIBC_2.2.5	3	4
libc.so.6	sendmmsg	GLIBC_2.14	3	4
libc.so.6	setdomainname	GLIBC_2.2.5	3	4
libc.so.6	sgetspent	GLIBC_2.2.5	3	4
libc.so.6	sighold	GLIBC_2.2.5	3	2
libc.so.6	strcoll_l	GLIBC_2.3	3	2
libc.so.6	strxfrm_l	GLIBC_2.3	3	2
libc.so.6	sys_siglist	GLIBC_2.3.3	3	2
libc.so.6	tempnam	GLIBC_2.2.5	3	2
libc.so.6	towupper_l	GLIBC_2.3	3	2
libc.so.6	ungetwc	GLIBC_2.2.5	3	2
libc.so.6	wcspbrk	GLIBC_2.2.5	3	2
libm.so.6	__atan2_finite	GLIBC_2.15	3	3
libm.so.6	__expf_finite	GLIBC_2.15	3	3
libm.so.6	__pow_finite	GLIBC_2.15	3	3
libm.so.6	__powf_finite	GLIBC_2.15	3	3
libm.so.6	exp10	GLIBC_2.2.5	3	2
libm.so.6	fabsl	GLIBC_2.2.5	3	2
libm.so.6	fminl	GLIBC_2.2.5	3	2
libm.so.6	jnl	GLIBC_2.2.5	3	4
libm.so.6	logbl	GLIBC_2.2.5	3	2
libm.so.6	scalbnl	GLIBC_2.2.5	3	2
libm.so.6	truncl	GLIBC_2.2.5	3	2
libm.so.6	ynl	GLIBC_2.2.5	3	4
libpthread.so.0	fork	GLIBC_2.2.5	3	2
libpthread.so.0	pthread_attr_setstack	GLIBC_2.2.5	3	2
libpthread.so.0	pthread_self	GLIBC_2.2.5	3	2
libpthread.so.0	pthread_setschedprio	GLIBC_2.3.4	3	2
libpthread.so.0	pthread_tryjoin_np	GLIBC_2.3.3	3	2
libresolv.so.2	__res_mkquery	GLIBC_2.2.5	3	2
libresolv.so.2	__res_send	GLIBC_2.2.5	3	2
librt.so.1	aio_error64	GLIBC_2.2.5	3	1
librt.so.1	aio_suspend	GLIBC_2.2.5	3	2
librt.so.1	aio_write64	GLIBC_2.2.5	3	1
libc.so.6	_IO_fread	GLIBC_2.2.5	2	4
libc.so.6	_IO_fwrite	GLIBC_2.2.5	2	4
libc.so.6	__argz_count	GLIBC_2.2.5	2	1
libc.so.6	__argz_stringify	GLIBC_2.2.5	2	1
libc.so.6	__asprintf	GLIBC_2.2.5	2	1
libc.so.6	__close	GLIBC_2.2.5	2	1
libc.so.6	__fread_unlocked_chk	GLIBC_2.7	2	3
libc.so.6	__gconv_transliterate	GLIBC_PRIVATE	2	4
libc.so.6	__libc_alloca_cutoff	GLIBC_PRIVATE	2	4
libc.so.6	__libc_fatal	GLIBC_PRIVATE	2	4
libc.so.6	__libc_realloc	GLIBC_2.2.5	2	4
libc.so.6	__lseek	GLIBC_2.2.5	2	1
libc.so.6	__nss_database_lookup2	GLIBC_PRIVATE	2	4
libc.so.6	__nss_hash	GLIBC_PRIVATE	2	4
libc.so.6	__nss_lookup_function	GLIBC_PRIVATE	2	4
libc.so.6	__open	GLIBC_2.2.5	2	3
libc.so.6	__poll	GLIBC_2.2.5	2	1
libc.so.6	__pread64_chk	GLIBC_2.4	2	4
libc.so.6	__rawmemchr	GLIBC_2.2.5	2	1
libc.so.6	__read	GLIBC_2.2.5	2	1
libc.so.6	__recvfrom_chk	GLIBC_2.4	2	3
libc.so.6	__resolv_context_get	GLIBC_PRIVATE	2	4
libc.so.6	__resolv_context_put	GLIBC_PRIVATE	2	4
libc.so.6	__select	GLIBC_2.2.5	2	1
libc.so.6	__strdup	GLIBC_2.2.5	2	1
libc.so.6	__strtok_r	GLIBC_2.2.5	2	1
libc.so.6	__wcscat_chk	GLIBC_2.4	2	3
libc.so.6	__write	GLIBC_2.2.5	2	1
libc.so.6	_libc_intl_domainname	GLIBC_2.2.5	2	4
libc.so.6	_longjmp	GLIBC_2.2.5	2	3
libc.so.6	_nss_files_parse_sgent	GLIBC_PRIVATE	2	4
libc.so.6	_nss_files_parse_spent	GLIBC_PRIVATE	2	4
libc.so.6	argz_count	GLIBC_2.2.5	2	2
libc.so.6	clock_adjtime	GLIBC_2.14	2	4
libc.so.6	endnetgrent	GLIBC_2.2.5	2	4
libc.so.6	endrpcent	GLIBC_2.2.5	2	4
libc.so.6	ether_ntoa_r	GLIBC_2.2.5	2	4
libc.so.6	ether_ntohost	GLIBC_2.2.5	2	4
libc.so.6	fgetpwent_r	GLIBC_2.2.5	2	4
libc.so.6	fgetwc	GLIBC_2.2.5	2	2
libc.so.6	fputws	GLIBC_2.2.5	2	2
libc.so.6	fwide	GLIBC_2.2.5	2	2
libc.so.6	getnetbyname_r	GLIBC_2.2.5	2	4
libc.so.6	getnetgrent	GLIBC_2.2.5	2	4
libc.so.6	getrpcbynumber_r	GLIBC_2.2.5	2	4
libc.so.6	getutline	GLIBC_2.2.5	2	2
libc.so.6	getutxline	GLIBC_2.2.5	2	2
libc.so.6	getwc	GLIBC_2.2.5	2	2
libc.so.6	isascii	GLIBC_2.2.5	2	2
libc.so.6	iswalnum_l	GLIBC_2.3	2	2
libc.so.6	iswgraph_l	GLIBC_2.3	2	2
libc.so.6	lrand48_r	GLIBC_2.2.5	2	4
libc.so.6	pkey_alloc	GLIBC_2.27	2	4
libc.so.6	pkey_free	GLIBC_2.27	2	4
libc.so.6	pkey_get	GLIBC_2.27	2	4
libc.so.6	pkey_mprotect	GLIBC_2.27	2	4
libc.so.6	pkey_set	GLIBC_2.27	2	4
libc.so.6	psignal	GLIBC_2.2.5	2	2
libc.so.6	re_compile_fastmap	GLIBC_2.2.5	2	4
libc.so.6	re_syntax_options	GLIBC_2.2.5	2	4
libc.so.6	ruserok	GLIBC_2.2.5	2	2
libc.so.6	scandirat64	GLIBC_2.15	2	1
libc.so.6	setnetgrent	GLIBC_2.2.5	2	4
libc.so.6	sigignore	GLIBC_2.2.5	2	2
libc.so.6	sigrelse	GLIBC_2.2.5	2	2
libc.so.6	sockatmark	GLIBC_2.2.5	2	2
libc.so.6	srand48_r	GLIBC_2.2.5	2	4
libc.so.6	stime	GLIBC_2.2.5	2	2
libc.so.6	strtouq	GLIBC_2.2.5	2	4
libc.so.6	timerfd_gettime	GLIBC_2.8	2	2
libc.so.6	tmpnam_r	GLIBC_2.2.5	2	4
libc.so.6	towctrans	GLIBC_2.2.5	2	2
libc.so.6	ualarm	GLIBC_2.2.5	2	2
libc.so.6	vhangup	GLIBC_2.2.5	2	2
libc.so.6	wcsnlen	GLIBC_2.2.5	2	2
libc.so.6	wcsspn	GLIBC_2.2.5	2	2
libc.so.6	wcstod	GLIBC_2.2.5	2	2
libc.so.6	wcstoul	GLIBC_2.2.5	2	2
libc.so.6	wctrans	GLIBC_2.2.5	2	2
libm.so.6	__acos_finite	GLIBC_2.15	2	3
libm.so.6	__exp10_finite	GLIBC_2.15	2	3
libm.so.6	__exp2f_finite	GLIBC_2.15	2	3
libm.so.6	__hypot_finite	GLIBC_2.15	2	3
libm.so.6	__log10f_finite	GLIBC_2.15	2	3
libm.so.6	ceill	GLIBC_2.2.5	2	2
libm.so.6	clog10	GLIBC_2.2.5	2	2
libm.so.6	fdim	GLIBC_2.2.5	2	2
libm.so.6	jnf	GLIBC_2.2.5	2	2
libm.so.6	lgamma_r	GLIBC_2.2.5	2	2
libm.so.6	lgammal	GLIBC_2.23	2	2
libm.so.6	llrintf	GLIBC_2.2.5	2	2
libm.so.6	lroundl	GLIBC_2.2.5	2	2
libm.so.6	nearbyintf	GLIBC_2.2.5	2	2
libm.so.6	nexttoward	GLIBC_2.2.5	2	2
libm.so.6	rintl	GLIBC_2.2.5	2	2
libm.so.6	ynf	GLIBC_2.2.5	2	2
libpthread.so.0	pthread_attr_getschedparam	GLIBC_2.2.5	2	2
libpthread.so.0	pthread_mutex_consistent_np	GLIBC_2.4	2	4
libpthread.so.0	pthread_rwlockattr_setpshared	GLIBC_2.2.5	2	2
libpthread.so.0	pthread_setconcurrency	GLIBC_2.2.5	2	2
libpthread.so.0	pthread_timedjoin_np	GLIBC_2.3.3	2	2
libresolv.so.2	__b64_ntop	GLIBC_2.2.5	2	2
libresolv.so.2	__b64_pton	GLIBC_2.2.5	2	2
libresolv.so.2	_getlong	GLIBC_2.2.5	2	4
libresolv.so.2	_getshort	GLIBC_2.2.5	2	4
libresolv.so.2	ns_name_ntop	GLIBC_2.9	2	4
libresolv.so.2	ns_name_uncompress	GLIBC_2.9	2	4
librt.so.1	aio_cancel64	GLIBC_2.2.5	2	1
librt.so.1	aio_fsync64	GLIBC_2.2.5	2	1
librt.so.1	aio_read64	GLIBC_2.2.5	2	1
librt.so.1	aio_return64	GLIBC_2.2.5	2	1
librt.so.1	aio_suspend64	GLIBC_2.2.5	2	1
librt.so.1	mq_close	GLIBC_2.3.4	2	2
librt.so.1	mq_receive	GLIBC_2.3.4	2	2
librt.so.1	mq_send	GLIBC_2.3.4	2	2
librt.so.1	mq_timedreceive	GLIBC_2.3.4	2	2
libutil.so.1	logout	GLIBC_2.2.5	2	2
ld-linux-x86-64.so.2	__libc_enable_secure	GLIBC_PRIVATE	1	unmapped
ld-linux-x86-64.so.2	__tunable_get_val	GLIBC_PRIVATE	1	unmapped
ld-linux-x86-64.so.2	_dl_allocate_tls	GLIBC_PRIVATE	1	unmapped
ld-linux-x86-64.so.2	_dl_allocate_tls_init	GLIBC_PRIVATE	1	unmapped
ld-linux-x86-64.so.2	_dl_argv	GLIBC_PRIVATE	1	unmapped
ld-linux-x86-64.so.2	_dl_audit_preinit	GLIBC_PRIVATE	1	unmapped
ld-linux-x86-64.so.2	_dl_audit_symbind_alt	GLIBC_PRIVATE	1	unmapped
ld-linux-x86-64.so.2	_dl_deallocate_tls	GLIBC_PRIVATE	1	unmapped
ld-linux-x86-64.so.2	_dl_exception_create	GLIBC_PRIVATE	1	unmapped
ld-linux-x86-64.so.2	_dl_fatal_printf	GLIBC_PRIVATE	1	unmapped
ld-linux-x86-64.so.2	_dl_find_dso_for_object	GLIBC_PRIVATE	1	unmapped
ld-linux-x86-64.so.2	_dl_get_tls_static_info	GLIBC_PRIVATE	1	unmapped
ld-linux-x86-64.so.2	_dl_make_stack_executable	GLIBC_PRIVATE	1	unmapped
ld-linux-x86-64.so.2	_dl_rtld_di_serinfo	GLIBC_PRIVATE	1	unmapped
ld-linux-x86-64.so.2	_dl_starting_up	GLIBC_PRIVATE	1	unmapped
ld-linux-x86-64.so.2	_r_debug	GLIBC_2.2.5	1	unmapped
ld-linux-x86-64.so.2	_rtld_global	GLIBC_PRIVATE	1	unmapped
ld-linux-x86-64.so.2	_rtld_global_ro	GLIBC_PRIVATE	1	unmapped
libc.so.6	_IO_enable_locks	GLIBC_PRIVATE	1	4
libc.so.6	__assert_perror_fail	GLIBC_2.2.5	1	4
libc.so.6	__backtrace_symbols_fd	GLIBC_2.2.5	1	4
libc.so.6	__call_tls_dtors	GLIBC_PRIVATE	1	4
libc.so.6	__chk_fail	GLIBC_2.3.4	1	2
libc.so.6	__clock_gettime	GLIBC_PRIVATE	1	1
libc.so.6	__clone	GLIBC_2.2.5	1	4
libc.so.6	__copy_grp	GLIBC_PRIVATE	1	4
libc.so.6	__ctype_init	GLIBC_PRIVATE	1	4
libc.so.6	__endmntent	GLIBC_2.2.5	1	1
libc.so.6	__fgets_unlocked_chk	GLIBC_2.4	1	3
libc.so.6	__fortify_fail	GLIBC_PRIVATE	1	4
libc.so.6	__free_hook	GLIBC_2.2.5	1	4
libc.so.6	__fseeko64	GLIBC_PRIVATE	1	1
libc.so.6	__ftello64	GLIBC_PRIVATE	1	1
libc.so.6	__fwprintf_chk	GLIBC_2.4	1	3
libc.so.6	__fwriting	GLIBC_2.2.5	1	2
libc.so.6	__gai_sigqueue	GLIBC_PRIVATE	1	4
libc.so.6	__gconv_create_spec	GLIBC_PRIVATE	1	4
libc.so.6	__gconv_destroy_spec	GLIBC_PRIVATE	1	4
libc.so.6	__gconv_get_alias_db	GLIBC_PRIVATE	1	4
libc.so.6	__gconv_get_cache	GLIBC_PRIVATE	1	4
libc.so.6	__gconv_get_modules_db	GLIBC_PRIVATE	1	4
libc.so.6	__gconv_open	GLIBC_PRIVATE	1	4
libc.so.6	__getgroups_chk	GLIBC_2.4	1	3
libc.so.6	__getmntent_r	GLIBC_2.2.5	1	1
libc.so.6	__getpid	GLIBC_2.2.5	1	1
libc.so.6	__getrlimit	GLIBC_PRIVATE	1	3
libc.so.6	__gettimeofday	GLIBC_2.2.5	1	1
libc.so.6	__gmtime_r	GLIBC_2.2.5	1	1
libc.so.6	__h_errno	GLIBC_PRIVATE	1	1
libc.so.6	__idna_from_dns_encoding	GLIBC_PRIVATE	1	4
libc.so.6	__idna_to_dns_encoding	GLIBC_PRIVATE	1	4
libc.so.6	__inet6_scopeid_pton	GLIBC_PRIVATE	1	4
libc.so.6	__inet_aton_exact	GLIBC_PRIVATE	1	4
libc.so.6	__inet_pton_length	GLIBC_PRIVATE	1	4
libc.so.6	__internal_endnetgrent	GLIBC_PRIVATE	1	4
libc.so.6	__internal_getnetgrent_r	GLIBC_PRIVATE	1	4
libc.so.6	__internal_setnetgrent	GLIBC_PRIVATE	1	4
libc.so.6	__isinf	GLIBC_2.2.5	1	1
libc.so.6	__isnan	GLIBC_2.2.5	1	1
libc.so.6	__isoc99_vfscanf	GLIBC_2.7	1	4
libc.so.6	__isoc99_vsscanf	GLIBC_2.7	1	4
libc.so.6	__libc_alloc_buffer_alloc_array	GLIBC_PRIVATE	1	4
libc.so.6	__libc_alloc_buffer_copy_string	GLIBC_PRIVATE	1	4
libc.so.6	__libc_alloc_buffer_create_failure	GLIBC_PRIVATE	1	4
libc.so.6	__libc_allocate_rtsig_private	GLIBC_PRIVATE	1	4
libc.so.6	__libc_clntudp_bufcreate	GLIBC_PRIVATE	1	4
libc.so.6	__libc_current_sigrtmax_private	GLIBC_PRIVATE	1	4
libc.so.6	__libc_current_sigrtmin_private	GLIBC_PRIVATE	1	4
libc.so.6	__libc_dlclose	GLIBC_PRIVATE	1	4
libc.so.6	__libc_dlerror_result	GLIBC_PRIVATE	1	4
libc.so.6	__libc_dlopen_mode	GLIBC_PRIVATE	1	4
libc.so.6	__libc_dlsym	GLIBC_PRIVATE	1	4
libc.so.6	__libc_dynarray_emplace_enlarge	GLIBC_PRIVATE	1	4
libc.so.6	__libc_dynarray_resize	GLIBC_PRIVATE	1	4
libc.so.6	__libc_fcntl64	GLIBC_PRIVATE	1	4
libc.so.6	__libc_fork	GLIBC_PRIVATE	1	4
libc.so.6	__libc_ifunc_impl_list	GLIBC_PRIVATE	1	4
libc.so.6	__libc_longjmp	GLIBC_PRIVATE	1	4
libc.so.6	__libc_pread	GLIBC_PRIVATE	1	4
libc.so.6	__libc_pthread_init	GLIBC_PRIVATE	1	4
libc.so.6	__libc_pwrite	GLIBC_PRIVATE	1	4
libc.so.6	__libc_rpc_getport	GLIBC_PRIVATE	1	4
libc.so.6	__libc_scratch_buffer_grow_preserve	GLIBC_PRIVATE	1	4
libc.so.6	__libc_secure_getenv	GLIBC_PRIVATE	1	4
libc.so.6	__libc_siglongjmp	GLIBC_PRIVATE	1	4
libc.so.6	__libc_system	GLIBC_PRIVATE	1	4
libc.so.6	__libc_thread_freeres	GLIBC_PRIVATE	1	4
libc.so.6	__madvise	GLIBC_PRIVATE	1	1
libc.so.6	__malloc_hook	GLIBC_2.2.5	1	4
libc.so.6	__memalign_hook	GLIBC_2.2.5	1	4
libc.so.6	__merge_grp	GLIBC_PRIVATE	1	4
libc.so.6	__mktemp	GLIBC_PRIVATE	1	1
libc.so.6	__mmap	GLIBC_PRIVATE	1	1
libc.so.6	__morecore	GLIBC_2.2.5	1	4
libc.so.6	__mprotect	GLIBC_PRIVATE	1	1
libc.so.6	__munmap	GLIBC_PRIVATE	1	1
libc.so.6	__nanosleep_nocancel	GLIBC_PRIVATE	1	4
libc.so.6	__netlink_assert_response	GLIBC_PRIVATE	1	4
libc.so.6	__nss_disable_nscd	GLIBC_PRIVATE	1	4
libc.so.6	__nss_group_lookup2	GLIBC_PRIVATE	1	4
libc.so.6	__nss_hostname_digits_dots	GLIBC_2.2.5	1	4
libc.so.6	__nss_hosts_lookup2	GLIBC_PRIVATE	1	4
libc.so.6	__nss_lookup	GLIBC_PRIVATE	1	4
libc.so.6	__nss_next2	GLIBC_PRIVATE	1	4
libc.so.6	__nss_passwd_lookup2	GLIBC_PRIVATE	1	4
libc.so.6	__nss_services_lookup2	GLIBC_PRIVATE	1	4
libc.so.6	__open64_nocancel	GLIBC_PRIVATE	1	4
libc.so.6	__open_catalog	GLIBC_PRIVATE	1	4
libc.so.6	__open_nocancel	GLIBC_PRIVATE	1	4
libc.so.6	__pause_nocancel	GLIBC_PRIVATE	1	4
libc.so.6	__profile_frequency	GLIBC_2.2.5	1	4
libc.so.6	__read_nocancel	GLIBC_PRIVATE	1	4
libc.so.6	__readlink_chk	GLIBC_2.4	1	3
libc.so.6	__realloc_hook	GLIBC_2.2.5	1	4
libc.so.6	__recv	GLIBC_PRIVATE	1	1
libc.so.6	__res_iclose	GLIBC_PRIVATE	1	4
libc.so.6	__resolv_context_get_override	GLIBC_PRIVATE	1	4
libc.so.6	__resolv_context_get_preinit	GLIBC_PRIVATE	1	4
libc.so.6	__resp	GLIBC_PRIVATE	1	4
libc.so.6	__rpc_thread_svc_max_pollfd	GLIBC_2.2.5	1	4
libc.so.6	__rpc_thread_svc_pollfd	GLIBC_2.2.5	1	4
libc.so.6	__sched_get_priority_max	GLIBC_2.2.5	1	1
libc.so.6	__sched_get_priority_min	GLIBC_2.2.5	1	1
libc.so.6	__sched_getparam	GLIBC_2.2.5	1	1
libc.so.6	__sched_getscheduler	GLIBC_2.2.5	1	1
libc.so.6	__sched_setscheduler	GLIBC_2.2.5	1	1
libc.so.6	__sendmmsg	GLIBC_PRIVATE	1	4
libc.so.6	__setmntent	GLIBC_2.2.5	1	1
libc.so.6	__sigtimedwait	GLIBC_PRIVATE	1	3
libc.so.6	__socket	GLIBC_PRIVATE	1	1
libc.so.6	__statfs	GLIBC_2.2.5	1	3
libc.so.6	__strcasestr	GLIBC_2.2.5	1	1
libc.so.6	__strndup	GLIBC_2.2.5	1	1
libc.so.6	__strtod_nan	GLIBC_PRIVATE	1	4
libc.so.6	__strtof128_nan	GLIBC_PRIVATE	1	4
libc.so.6	__strtof_nan	GLIBC_PRIVATE	1	4
libc.so.6	__strtold_nan	GLIBC_PRIVATE	1	4
libc.so.6	__sysconf	GLIBC_2.2.5	1	1
libc.so.6	__tdelete	GLIBC_PRIVATE	1	1
libc.so.6	__tfind	GLIBC_PRIVATE	1	1
libc.so.6	__tsearch	GLIBC_PRIVATE	1	1
libc.so.6	__twalk	GLIBC_PRIVATE	1	1
libc.so.6	__vprintf_chk	GLIBC_2.3.4	1	3
libc.so.6	__wcrtomb_chk	GLIBC_2.4	1	3
libc.so.6	__wmemset_chk	GLIBC_2.4	1	3
libc.so.6	__wprintf_chk	GLIBC_2.4	1	3
libc.so.6	__write_nocancel	GLIBC_PRIVATE	1	4
libc.so.6	__xpg_sigpause	GLIBC_2.2.5	1	2
libc.so.6	_dl_addr	GLIBC_PRIVATE	1	4
libc.so.6	_dl_signal_error	GLIBC_PRIVATE	1	4
libc.so.6	_dl_sym	GLIBC_PRIVATE	1	4
libc.so.6	_dl_vsym	GLIBC_PRIVATE	1	4
libc.so.6	_itoa_lower_digits	GLIBC_PRIVATE	1	4
libc.so.6	_nl_msg_cat_cntr	GLIBC_2.2.5	1	4
libc.so.6	_res_hconf	GLIBC_2.2.5	1	4
libc.so.6	_sys_errlist	GLIBC_2.12	1	2
libc.so.6	_sys_nerr	GLIBC_2.12	1	2
libc.so.6	_sys_siglist	GLIBC_2.3.3	1	1
libc.so.6	abs	GLIBC_2.2.5	1	2
libc.so.6	adjtime	GLIBC_2.2.5	1	4
libc.so.6	argz_add_sep	GLIBC_2.2.5	1	2
libc.so.6	argz_append	GLIBC_2.2.5	1	2
libc.so.6	argz_insert	GLIBC_2.2.5	1	2
libc.so.6	authdes_create	GLIBC_2.2.5	1	4
libc.so.6	authdes_pk_create	GLIBC_2.2.5	1	4
libc.so.6	authunix_create_default	GLIBC_2.2.5	1	4
libc.so.6	bcopy	GLIBC_2.2.5	1	2
libc.so.6	bindresvport	GLIBC_2.2.5	1	2
libc.so.6	bzero	GLIBC_2.2.5	1	2
libc.so.6	c16rtomb	GLIBC_2.16	1	2
libc.so.6	clnt_create	GLIBC_2.2.5	1	4
libc.so.6	clnt_pcreateerror	GLIBC_2.2.5	1	4
libc.so.6	clnt_perror	GLIBC_2.2.5	1	4
libc.so.6	clnttcp_create	GLIBC_2.2.5	1	4
libc.so.6	clntudp_create	GLIBC_2.2.5	1	4
libc.so.6	clock_getcpuclockid	GLIBC_2.17	1	2
libc.so.6	drand48_r	GLIBC_2.2.5	1	4
libc.so.6	endaliasent	GLIBC_2.2.5	1	4
libc.so.6	endsgent	GLIBC_2.10	1	4
libc.so.6	erand48	GLIBC_2.2.5	1	2
libc.so.6	error_message_count	GLIBC_2.2.5	1	2
libc.so.6	ffsll	GLIBC_2.2.5	1	2
libc.so.6	fgetspent_r	GLIBC_2.2.5	1	4
libc.so.6	ftw64	GLIBC_2.2.5	1	1
libc.so.6	get_myaddress	GLIBC_2.2.5	1	4
libc.so.6	getaliasbyname	GLIBC_2.2.5	1	4
libc.so.6	getaliasent	GLIBC_2.2.5	1	4
libc.so.6	getchar	GLIBC_2.2.5	1	2
libc.so.6	getdate_r	GLIBC_2.2.5	1	4
libc.so.6	getdirentries	GLIBC_2.2.5	1	3
libc.so.6	gethostbyname2_r	GLIBC_2.2.5	1	4
libc.so.6	gethostent_r	GLIBC_2.2.5	1	4
libc.so.6	getnetbyaddr_r	GLIBC_2.2.5	1	4
libc.so.6	getnetent_r	GLIBC_2.2.5	1	4
libc.so.6	getprotoent_r	GLIBC_2.2.5	1	4
libc.so.6	getrpcent	GLIBC_2.2.5	1	4
libc.so.6	getservent_r	GLIBC_2.2.5	1	4
libc.so.6	getsgent	GLIBC_2.10	1	4
libc.so.6	getsgnam	GLIBC_2.10	1	4
libc.so.6	getttynam	GLIBC_2.2.5	1	4
libc.so.6	getutent_r	GLIBC_2.2.5	1	4
libc.so.6	getutline_r	GLIBC_2.2.5	1	4
libc.so.6	getutmpx	GLIBC_2.2.5	1	4
libc.so.6	getwchar	GLIBC_2.2.5	1	2
libc.so.6	glob_pattern_p	GLIBC_2.2.5	1	2
libc.so.6	group_member	GLIBC_2.2.5	1	4
libc.so.6	host2netname	GLIBC_2.2.5	1	4
libc.so.6	inet_nsap_ntoa	GLIBC_2.2.5	1	4
libc.so.6	initstate	GLIBC_2.2.5	1	2
libc.so.6	isinfl	GLIBC_2.2.5	1	2
libc.so.6	isnanl	GLIBC_2.2.5	1	2
libc.so.6	iswcntrl_l	GLIBC_2.3	1	2
libc.so.6	iswxdigit_l	GLIBC_2.3	1	2
libc.so.6	key_gendes	GLIBC_2.2.5	1	4
libc.so.6	key_secretkey_is_set	GLIBC_2.2.5	1	4
libc.so.6	mbrtoc16	GLIBC_2.16	1	2
libc.so.6	mkostemps	GLIBC_2.11	1	2
libc.so.6	nrand48	GLIBC_2.2.5	1	2
libc.so.6	ntp_gettimex	GLIBC_2.12	1	4
libc.so.6	obstack_printf	GLIBC_2.2.5	1	4
libc.so.6	obstack_vprintf	GLIBC_2.2.5	1	4
libc.so.6	pivot_root	GLIBC_2.2.5	1	4
libc.so.6	posix_spawnattr_getflags	GLIBC_2.2.5	1	2
libc.so.6	posix_spawnattr_getpgroup	GLIBC_2.2.5	1	2
libc.so.6	posix_spawnattr_getsigdefault	GLIBC_2.2.5	1	2
libc.so.6	posix_spawnattr_getsigmask	GLIBC_2.2.5	1	2
libc.so.6	prlimit	GLIBC_2.13	1	4
libc.so.6	pthread_attr_getdetachstate	GLIBC_2.2.5	1	2
libc.so.6	pthread_attr_setinheritsched	GLIBC_2.2.5	1	2
libc.so.6	pthread_attr_setschedparam	GLIBC_2.2.5	1	2
libc.so.6	pthread_attr_setschedpolicy	GLIBC_2.2.5	1	2
libc.so.6	pthread_getschedparam	GLIBC_2.2.5	1	2
libc.so.6	pthread_setcanceltype	GLIBC_2.2.5	1	2
libc.so.6	putwchar	GLIBC_2.2.5	1	2
libc.so.6	pvalloc	GLIBC_2.2.5	1	4
libc.so.6	re_set_registers	GLIBC_2.2.5	1	4
libc.so.6	register_printf_modifier	GLIBC_2.10	1	4
libc.so.6	register_printf_specifier	GLIBC_2.10	1	4
libc.so.6	register_printf_type	GLIBC_2.10	1	4
libc.so.6	remap_file_pages	GLIBC_2.3.3	1	4
libc.so.6	rresvport	GLIBC_2.2.5	1	2
libc.so.6	ruserok_af	GLIBC_2.2.5	1	4
libc.so.6	scalbn	GLIBC_2.2.5	1	2
libc.so.6	scalbnl	GLIBC_2.2.5	1	2
libc.so.6	seed48	GLIBC_2.2.5	1	2
libc.so.6	semtimedop	GLIBC_2.3.3	1	4
libc.so.6	setaliasent	GLIBC_2.2.5	1	4
libc.so.6	sethostid	GLIBC_2.2.5	1	4
libc.so.6	setrpcent	GLIBC_2.2.5	1	4
libc.so.6	setsgent	GLIBC_2.10	1	4
libc.so.6	sigblock	GLIBC_2.2.5	1	4
libc.so.6	sigsetmask	GLIBC_2.2.5	1	4
libc.so.6	strfmon_l	GLIBC_2.3	1	2
libc.so.6	strftime_l	GLIBC_2.3	1	2
libc.so.6	strptime_l	GLIBC_2.3.2	1	2
libc.so.6	strtol_l	GLIBC_2.3	1	2
libc.so.6	strtoll_l	GLIBC_2.3.3	1	2
libc.so.6	strtoq	GLIBC_2.2.5	1	4
libc.so.6	strtoull_l	GLIBC_2.3.3	1	2
libc.so.6	svc_getreq_poll	GLIBC_2.2.5	1	4
libc.so.6	svc_register	GLIBC_2.2.5	1	4
libc.so.6	svc_sendreply	GLIBC_2.2.5	1	4
libc.so.6	svcerr_decode	GLIBC_2.2.5	1	4
libc.so.6	svcerr_noproc	GLIBC_2.2.5	1	4
libc.so.6	svcerr_systemerr	GLIBC_2.2.5	1	4
libc.so.6	svctcp_create	GLIBC_2.2.5	1	4
libc.so.6	svcudp_bufcreate	GLIBC_2.2.5	1	4
libc.so.6	sys_errlist	GLIBC_2.12	1	2
libc.so.6	sys_nerr	GLIBC_2.12	1	2
libc.so.6	sys_sigabbrev	GLIBC_2.3.3	1	2
libc.so.6	tcgetsid	GLIBC_2.2.5	1	2
libc.so.6	thrd_current	GLIBC_2.28	1	2
libc.so.6	timelocal	GLIBC_2.2.5	1	2
libc.so.6	tolower_l	GLIBC_2.3	1	2
libc.so.6	toupper_l	GLIBC_2.3	1	2
libc.so.6	ulimit	GLIBC_2.2.5	1	4
libc.so.6	vswprintf	GLIBC_2.2.5	1	2
libc.so.6	vsyslog	GLIBC_2.2.5	1	2
libc.so.6	wcpcpy	GLIBC_2.2.5	1	2
libc.so.6	wcpncpy	GLIBC_2.2.5	1	2
libc.so.6	wcschrnul	GLIBC_2.2.5	1	4
libc.so.6	wcsncasecmp	GLIBC_2.2.5	1	2
libc.so.6	wcstoll	GLIBC_2.2.5	1	2
libc.so.6	wcsxfrm_l	GLIBC_2.3	1	2
libc.so.6	xdecrypt	GLIBC_2.2.5	1	4
libc.so.6	xdr_array	GLIBC_2.2.5	1	2
libc.so.6	xdr_bool	GLIBC_2.2.5	1	2
libc.so.6	xdr_bytes	GLIBC_2.2.5	1	2
libc.so.6	xdr_enum	GLIBC_2.2.5	1	2
libc.so.6	xdr_free	GLIBC_2.2.5	1	2
libc.so.6	xdr_int	GLIBC_2.2.5	1	2
libc.so.6	xdr_netobj	GLIBC_2.2.5	1	2
libc.so.6	xdr_opaque	GLIBC_2.2.5	1	2
libc.so.6	xdr_pointer	GLIBC_2.2.5	1	2
libc.so.6	xdr_sizeof	GLIBC_2.2.5	1	2
libc.so.6	xdr_string	GLIBC_2.2.5	1	2
libc.so.6	xdr_u_char	GLIBC_2.2.5	1	2
libc.so.6	xdr_u_int	GLIBC_2.2.5	1	2
libc.so.6	xdr_uint32_t	GLIBC_2.2.5	1	2
libc.so.6	xdr_void	GLIBC_2.2.5	1	2
libc.so.6	xdrmem_create	GLIBC_2.2.5	1	2
libc.so.6	xdrstdio_create	GLIBC_2.2.5	1	2
libc.so.6	xprt_unregister	GLIBC_2.2.5	1	4
libcrypt.so.1	crypt_gensalt_rn	XCRYPT_2.0	1	4
libdl.so.2	dladdr1	GLIBC_2.3.3	1	4
libm.so.6	__asin_finite	GLIBC_2.15	1	3
libm.so.6	__asinf_finite	GLIBC_2.15	1	3
libm.so.6	__atan2f_finite	GLIBC_2.15	1	3
libm.so.6	__atanhf_finite	GLIBC_2.15	1	3
libm.so.6	__finite	GLIBC_2.2.5	1	1
libm.so.6	__fpclassify	GLIBC_2.2.5	1	4
libm.so.6	__fpclassifyl	GLIBC_2.2.5	1	4
libm.so.6	__hypotf_finite	GLIBC_2.15	1	3
libm.so.6	carg	GLIBC_2.2.5	1	2
libm.so.6	copysignl	GLIBC_2.2.5	1	2
libm.so.6	drem	GLIBC_2.2.5	1	2
libm.so.6	erfcl	GLIBC_2.2.5	1	2
libm.so.6	erff	GLIBC_2.2.5	1	2
libm.so.6	erfl	GLIBC_2.2.5	1	2
libm.so.6	fabsf	GLIBC_2.2.5	1	2
libm.so.6	fdiml	GLIBC_2.2.5	1	2
libm.so.6	fdiv	GLIBC_2.28	1	4
libm.so.6	feenableexcept	GLIBC_2.2.5	1	2
libm.so.6	feholdexcept	GLIBC_2.2.5	1	2
libm.so.6	feupdateenv	GLIBC_2.2.5	1	2
libm.so.6	finitel	GLIBC_2.2.5	1	2
libm.so.6	fmal	GLIBC_2.2.5	1	2
libm.so.6	gamma	GLIBC_2.2.5	1	2
libm.so.6	ilogbl	GLIBC_2.2.5	1	2
libm.so.6	j0l	GLIBC_2.2.5	1	4
libm.so.6	j1l	GLIBC_2.2.5	1	4
libm.so.6	llroundf	GLIBC_2.2.5	1	2
libm.so.6	llroundl	GLIBC_2.2.5	1	2
libm.so.6	nan	GLIBC_2.2.5	1	2
libm.so.6	nanf	GLIBC_2.2.5	1	2
libm.so.6	nearbyintl	GLIBC_2.2.5	1	2
libm.so.6	nexttowardl	GLIBC_2.2.5	1	2
libm.so.6	remainderf	GLIBC_2.2.5	1	2
libm.so.6	remainderl	GLIBC_2.2.5	1	2
libm.so.6	remquo	GLIBC_2.2.5	1	2
libm.so.6	rintf	GLIBC_2.2.5	1	2
libm.so.6	scalb	GLIBC_2.2.5	1	2
libm.so.6	scalbl	GLIBC_2.2.5	1	2
libm.so.6	scalbln	GLIBC_2.2.5	1	2
libm.so.6	significand	GLIBC_2.2.5	1	2
libm.so.6	tgammal	GLIBC_2.2.5	1	2
libm.so.6	y0l	GLIBC_2.2.5	1	4
libm.so.6	y1l	GLIBC_2.2.5	1	4
libpthread.so.0	__close	GLIBC_2.2.5	1	1
libpthread.so.0	__connect	GLIBC_2.2.5	1	1
libpthread.so.0	__lseek	GLIBC_2.2.5	1	1
libpthread.so.0	__open	GLIBC_2.2.5	1	3
libpthread.so.0	__pthread_attr_copy	GLIBC_PRIVATE	1	4
libpthread.so.0	__pthread_barrier_init	GLIBC_PRIVATE	1	1
libpthread.so.0	__pthread_barrier_wait	GLIBC_PRIVATE	1	1
libpthread.so.0	__pthread_get_minstack	GLIBC_PRIVATE	1	4
libpthread.so.0	__pthread_mutex_lock	GLIBC_2.2.5	1	1
libpthread.so.0	__pthread_mutex_unlock	GLIBC_2.2.5	1	1
libpthread.so.0	__pthread_once	GLIBC_2.2.5	1	1
libpthread.so.0	__pthread_unwind	GLIBC_PRIVATE	1	4
libpthread.so.0	__read	GLIBC_2.2.5	1	1
libpthread.so.0	__shm_directory	GLIBC_PRIVATE	1	4
libpthread.so.0	__write	GLIBC_2.2.5	1	1
libpthread.so.0	call_once	GLIBC_2.28	1	2
libpthread.so.0	cnd_broadcast	GLIBC_2.28	1	2
libpthread.so.0	cnd_destroy	GLIBC_2.28	1	2
libpthread.so.0	cnd_init	GLIBC_2.28	1	2
libpthread.so.0	cnd_signal	GLIBC_2.28	1	2
libpthread.so.0	cnd_timedwait	GLIBC_2.28	1	2
libpthread.so.0	cnd_wait	GLIBC_2.28	1	2
libpthread.so.0	fcntl	GLIBC_2.2.5	1	3
libpthread.so.0	mtx_destroy	GLIBC_2.28	1	2
libpthread.so.0	mtx_init	GLIBC_2.28	1	2
libpthread.so.0	mtx_lock	GLIBC_2.28	1	2
libpthread.so.0	mtx_unlock	GLIBC_2.28	1	2
libpthread.so.0	pthread_attr_getschedpolicy	GLIBC_2.2.5	1	2
libpthread.so.0	pthread_getconcurrency	GLIBC_2.2.5	1	2
libpthread.so.0	pthread_mutexattr_setprioceiling	GLIBC_2.4	1	2
libpthread.so.0	pthread_mutexattr_setrobust_np	GLIBC_2.4	1	4
libpthread.so.0	pthread_sigqueue	GLIBC_2.11	1	2
libpthread.so.0	system	GLIBC_2.2.5	1	2
libpthread.so.0	thrd_create	GLIBC_2.28	1	2
libpthread.so.0	thrd_join	GLIBC_2.28	1	2
libresolv.so.2	__dn_comp	GLIBC_2.2.5	1	2
libresolv.so.2	__ns_get16	GLIBC_PRIVATE	1	4
libresolv.so.2	__ns_get32	GLIBC_PRIVATE	1	4
libresolv.so.2	__ns_name_ntop	GLIBC_PRIVATE	1	4
libresolv.so.2	__ns_name_unpack	GLIBC_PRIVATE	1	4
libresolv.so.2	__res_context_hostalias	GLIBC_PRIVATE	1	4
libresolv.so.2	__res_context_query	GLIBC_PRIVATE	1	4
libresolv.so.2	__res_context_search	GLIBC_PRIVATE	1	4
libresolv.so.2	__res_dnok	GLIBC_2.2.5	1	4
libresolv.so.2	__res_hnok	GLIBC_2.2.5	1	4
libresolv.so.2	ns_get32	GLIBC_2.9	1	4
librt.so.1	mq_notify	GLIBC_2.3.4	1	2
librt.so.1	mq_setattr	GLIBC_2.3.4	1	2
librt.so.1	mq_timedsend	GLIBC_2.3.4	1	2
libutil.so.1	login	GLIBC_2.2.5	1	2
