# package	band	names-added	claimed-names-exercised
389-ds-base	unpinnable	15	44
389-ds-base-legacy-tools	expensive	26	19
389-ds-base-libs	unpinnable	14	45
389-ds-base-snmp	expensive	27	21
CUnit	unpinnable	3	14
GConf2	unpinnable	3	24
HdrHistogram_c	moderate	18	13
Judy	cheap	2	7
LibRaw	unpinnable	1	23
ModemManager	unpinnable	2	22
ModemManager-glib	cheap	4	6
NetworkManager	unpinnable	18	35
NetworkManager-adsl	unpinnable	1	5
NetworkManager-bluetooth	unpinnable	1	8
NetworkManager-cloud-setup	unpinnable	2	11
NetworkManager-libnm	unpinnable	4	21
NetworkManager-libreswan	unpinnable	4	12
NetworkManager-libreswan-gnome	unpinnable	4	10
NetworkManager-ovs	free	0	7
NetworkManager-ppp	moderate	8	6
NetworkManager-team	unpinnable	1	5
NetworkManager-tui	unpinnable	6	20
NetworkManager-wifi	unpinnable	1	6
NetworkManager-wwan	unpinnable	1	7
OpenEXR-libs	moderate	17	11
OpenIPMI	unpinnable	2	25
OpenIPMI-lanserv	unpinnable	4	26
OpenIPMI-libs	unpinnable	6	27
OpenIPMI-perl	unpinnable	1	11
PackageKit	unpinnable	5	16
PackageKit-command-not-found	unpinnable	4	12
PackageKit-glib	unpinnable	3	11
PackageKit-gstreamer-plugin	cheap	2	2
PackageKit-gtk3-module	free	0	3
SDL	unpinnable	4	28
SDL2	unpinnable	9	32
SuperLU	unpinnable	3	11
Xaw3d	unpinnable	3	24
aardvark-dns	unpinnable	10	18
abrt	unpinnable	6	21
abrt-addon-ccpp	unpinnable	3	15
abrt-addon-coredump-helper	unpinnable	4	13
abrt-addon-kerneloops	unpinnable	3	14
abrt-addon-pstoreoops	unpinnable	3	5
abrt-addon-xorg	unpinnable	3	13
abrt-dbus	unpinnable	3	14
abrt-gui	unpinnable	3	10
abrt-gui-libs	unpinnable	1	4
abrt-java-connector	unpinnable	4	19
abrt-libs	unpinnable	2	23
abrt-tui	unpinnable	3	8
accel-config	expensive	24	23
accel-config-libs	unpinnable	1	14
accountsservice	unpinnable	5	13
accountsservice-libs	unpinnable	1	7
acl	unpinnable	4	22
acpica-tools	unpinnable	3	37
acpid	unpinnable	3	26
adcli	unpinnable	3	25
adwaita-gtk2-theme	free	0	2
adwaita-qt5	cheap	3	6
aide	unpinnable	1	35
alsa-lib	unpinnable	4	37
alsa-plugins-arcamav	expensive	32	11
alsa-plugins-maemo	unpinnable	1	9
alsa-plugins-oss	unpinnable	1	11
alsa-plugins-pulseaudio	moderate	8	7
alsa-plugins-samplerate	cheap	1	4
alsa-plugins-speex	cheap	1	7
alsa-plugins-upmix	cheap	1	4
alsa-plugins-usbstream	unpinnable	2	10
alsa-plugins-vdownmix	cheap	1	4
alsa-tools-firmware	moderate	11	16
alsa-utils	unpinnable	8	39
alsa-utils-alsabat	unpinnable	2	18
amanda	unpinnable	5	28
amanda-client	unpinnable	4	33
amanda-libs	unpinnable	10	38
amanda-server	unpinnable	2	28
anaconda-core	unpinnable	2	11
anaconda-dracut	moderate	14	10
anaconda-widgets	unpinnable	2	3
anaconda-widgets-devel	free	0	1
annobin	unpinnable	2	12
annobin-annocheck	unpinnable	2	24
ansible-core	free	0	2
apr	unpinnable	7	24
apr-util	unpinnable	5	16
apr-util-bdb	free	0	2
apr-util-ldap	free	0	2
apr-util-mysql	cheap	5	5
apr-util-odbc	moderate	6	5
apr-util-openssl	cheap	2	6
apr-util-pgsql	cheap	2	4
apr-util-sqlite	cheap	2	4
arpwatch	expensive	48	23
aspell	unpinnable	5	30
at	project	81	35
at-spi2-atk	moderate	15	7
at-spi2-core	unpinnable	3	13
atk	unpinnable	3	3
atkmm	free	0	2
atlas	unpinnable	1	7
atlas-corei2	unpinnable	1	8
attr	unpinnable	4	18
audispd-plugins	project	59	16
audispd-plugins-zos	expensive	35	13
audit	unpinnable	10	35
audit-libs	unpinnable	2	26
augeas	expensive	28	22
augeas-libs	unpinnable	3	31
authd	unpinnable	4	21
authselect	unpinnable	3	10
authselect-libs	unpinnable	1	28
autofs	unpinnable	8	35
autogen	project	80	34
autogen-libopts	unpinnable	4	31
autotrace	unpinnable	2	25
avahi	unpinnable	6	22
avahi-autoipd	unpinnable	3	19
avahi-compat-howl	unpinnable	1	11
avahi-compat-libdns_sd	unpinnable	1	13
avahi-glib	cheap	1	2
avahi-gobject	cheap	1	4
avahi-libs	unpinnable	4	17
avahi-tools	unpinnable	1	12
avahi-ui	unpinnable	1	4
avahi-ui-gtk3	unpinnable	1	4
babl	unpinnable	1	22
bacula-client	unpinnable	4	25
bacula-console	unpinnable	3	17
bacula-director	unpinnable	4	27
bacula-libs	unpinnable	9	41
bacula-libs-sql	unpinnable	1	10
bacula-storage	unpinnable	4	19
baobab	unpinnable	4	3
bash	unpinnable	9	30
bc	expensive	24	26
bcc	unpinnable	5	26
bcc-tools	moderate	9	10
bind	unpinnable	4	24
bind-dyndb-ldap	expensive	25	11
bind-export-libs	unpinnable	3	33
bind-libs	unpinnable	1	21
bind-libs-lite	unpinnable	6	35
bind-pkcs11	unpinnable	3	19
bind-pkcs11-libs	unpinnable	6	34
bind-pkcs11-utils	unpinnable	3	16
bind-sdb	unpinnable	3	28
bind-utils	unpinnable	3	24
bind9.16	unpinnable	4	25
bind9.16-dnssec-utils	unpinnable	3	19
bind9.16-libs	unpinnable	6	33
bind9.16-utils	unpinnable	3	22
binutils	unpinnable	8	44
biosdevname	expensive	32	22
bison	unpinnable	4	22
blas	unpinnable	1	7
blas64	unpinnable	1	7
blktrace	unpinnable	1	34
bluez	unpinnable	7	33
bluez-cups	expensive	39	20
bluez-hid2hci	moderate	6	10
bluez-libs	unpinnable	1	13
bluez-obexd	unpinnable	3	27
bogofilter	unpinnable	3	29
bolt	unpinnable	2	17
boost-atomic	free	0	1
boost-chrono	cheap	2	7
boost-container	unpinnable	1	5
boost-context	moderate	6	2
boost-coroutine	cheap	3	7
boost-date-time	moderate	8	5
boost-fiber	moderate	16	10
boost-filesystem	unpinnable	1	15
boost-graph	cheap	4	7
boost-graph-mpich	unpinnable	1	8
boost-graph-openmpi	unpinnable	1	8
boost-iostreams	moderate	9	8
boost-jam	project	69	30
boost-locale	unpinnable	3	13
boost-log	unpinnable	7	18
boost-math	expensive	39	6
boost-mpich	cheap	4	5
boost-mpich-python3	cheap	4	7
boost-numpy3	cheap	3	2
boost-openmpi	cheap	4	5
boost-openmpi-python3	cheap	4	7
boost-program-options	moderate	15	7
boost-python3	cheap	4	8
boost-random	cheap	1	8
boost-regex	expensive	47	13
boost-serialization	moderate	15	9
boost-signals	cheap	2	2
boost-stacktrace	moderate	14	13
boost-system	cheap	2	4
boost-test	unpinnable	1	16
boost-thread	expensive	21	10
boost-timer	cheap	4	4
boost-type_erasure	moderate	9	6
boost-wave	moderate	14	9
bpftool	unpinnable	5	42
bpftrace	unpinnable	12	36
brasero	unpinnable	5	18
brasero-libs	unpinnable	8	22
brasero-nautilus	cheap	3	3
brlapi	unpinnable	12	38
brlapi-java	unpinnable	1	7
brltty	unpinnable	14	36
brltty-at-spi2	cheap	4	9
brltty-espeak-ng	cheap	1	3
brltty-xw	moderate	6	7
brotli	moderate	13	23
bsdtar	unpinnable	1	26
bubblewrap	unpinnable	9	18
buildah	unpinnable	7	28
buildah-tests	unpinnable	7	28
byacc	expensive	22	21
byaccj	moderate	18	17
bzip2	unpinnable	3	41
bzip2-libs	unpinnable	3	17
c-ares	unpinnable	1	18
c2esp	moderate	15	26
cachefilesd	unpinnable	2	19
cairo	unpinnable	1	34
cairo-gobject	free	0	1
cairomm	cheap	3	5
cargo	unpinnable	10	32
cdparanoia	expensive	23	22
cdparanoia-libs	unpinnable	1	19
cdrdao	unpinnable	2	30
celt051	unpinnable	1	22
certmonger	unpinnable	8	34
cgdcbxd	expensive	24	16
chan	moderate	10	8
check	unpinnable	2	24
checkpolicy	expensive	38	27
cheese	unpinnable	4	5
cheese-libs	cheap	1	3
chkconfig	unpinnable	4	23
chrony	unpinnable	4	28
chrpath	moderate	11	13
cifs-utils	unpinnable	4	28
cjose	cheap	4	9
clang	moderate	15	10
clang-devel	unpinnable	4	20
clang-libs	unpinnable	7	19
clang-tools-extra	unpinnable	3	25
clevis	unpinnable	3	19
clevis-udisks2	expensive	28	13
clippy	cheap	4	6
clucene-contribs-lib	moderate	10	8
clucene-core	unpinnable	1	24
clutter	unpinnable	3	17
clutter-gst2	cheap	2	7
clutter-gst3	cheap	3	5
clutter-gtk	free	0	2
cmake	unpinnable	1	37
cmake-gui	unpinnable	1	37
cockpit-bridge	unpinnable	1	28
cockpit-pcp	unpinnable	1	25
cockpit-ws	unpinnable	11	37
cogl	unpinnable	2	14
colord	unpinnable	4	9
colord-gtk	unpinnable	4	2
colord-libs	moderate	10	10
compat-exiv2-026	unpinnable	7	29
compat-guile18	unpinnable	16	38
compat-hwloc1	unpinnable	4	27
compat-libgfortran-48	unpinnable	5	23
compat-libtiff3	unpinnable	1	15
compat-openssl10	unpinnable	2	34
compiler-rt	unpinnable	10	17
conmon	unpinnable	4	23
conntrack-tools	project	80	30
container-exception-logger	cheap	3	7
containernetworking-plugins	unpinnable	3	11
coreos-installer	unpinnable	13	21
coreos-installer-bootinfra	unpinnable	5	20
coreutils	unpinnable	23	42
coreutils-single	unpinnable	23	42
corosync-vqsim	expensive	46	27
corosynclib	unpinnable	1	12
cpio	unpinnable	4	33
cpp	unpinnable	11	35
cppcheck	unpinnable	5	26
cppunit	moderate	12	6
cracklib	unpinnable	3	20
crash	unpinnable	19	44
crash-gcore-command	moderate	11	14
crash-ptdump-command	moderate	9	11
crash-trace-command	moderate	16	17
createrepo_c	moderate	12	12
createrepo_c-libs	expensive	29	21
criu	unpinnable	37	38
criu-libs	unpinnable	1	11
cronie	unpinnable	3	36
cronie-anacron	unpinnable	1	18
crun	unpinnable	17	34
cryptsetup	unpinnable	3	20
cryptsetup-libs	unpinnable	9	26
cryptsetup-reencrypt	unpinnable	3	20
cscope	project	67	35
ctags	expensive	47	29
ctdb	unpinnable	4	29
cups	unpinnable	6	32
cups-client	unpinnable	3	12
cups-filters	unpinnable	3	37
cups-filters-libs	unpinnable	1	26
cups-ipptool	unpinnable	2	21
cups-libs	unpinnable	6	28
cups-lpd	unpinnable	2	14
cups-pk-helper	moderate	12	9
curl	expensive	43	28
cyrus-imapd	unpinnable	3	42
cyrus-imapd-utils	unpinnable	3	36
cyrus-imapd-vzic	expensive	22	15
cyrus-sasl	unpinnable	4	24
cyrus-sasl-devel	unpinnable	3	21
cyrus-sasl-gs2	moderate	8	11
cyrus-sasl-gssapi	moderate	10	10
cyrus-sasl-ldap	moderate	9	10
cyrus-sasl-lib	unpinnable	2	27
cyrus-sasl-md5	moderate	13	15
cyrus-sasl-ntlm	moderate	17	12
cyrus-sasl-plain	moderate	6	11
cyrus-sasl-scram	moderate	11	14
cyrus-sasl-sql	moderate	9	11
daxctl	expensive	24	21
daxctl-libs	unpinnable	1	13
daxio	unpinnable	1	26
dbus-c++	unpinnable	1	15
dbus-c++-glib	cheap	1	1
dbus-daemon	unpinnable	8	21
dbus-glib	unpinnable	1	12
dbus-glib-devel	cheap	5	6
dbus-libs	unpinnable	3	26
dbus-tools	expensive	24	17
dbus-x11	expensive	28	21
dbxtool	unpinnable	2	15
dconf	moderate	19	15
dconf-editor	unpinnable	4	6
dcraw	unpinnable	3	25
delve	unpinnable	3	10
desktop-file-utils	unpinnable	2	14
devhelp	unpinnable	2	2
devhelp-libs	unpinnable	2	5
device-mapper	unpinnable	3	24
device-mapper-event	project	62	22
device-mapper-event-libs	unpinnable	2	17
device-mapper-libs	unpinnable	2	27
device-mapper-multipath	unpinnable	4	30
device-mapper-multipath-libs	unpinnable	3	36
device-mapper-persistent-data	unpinnable	6	27
dhcp-client	project	76	26
dhcp-libs	expensive	35	22
dhcp-relay	project	66	21
dhcp-server	project	96	27
dialog	unpinnable	6	32
diffstat	expensive	30	21
diffutils	unpinnable	9	26
dleyna-connector-dbus	free	0	2
dleyna-core	moderate	7	4
dleyna-renderer	moderate	7	6
dleyna-server	moderate	12	6
dlm-lib	expensive	37	18
dmidecode	expensive	25	18
dnf-plugin-subscription-manager	unpinnable	1	11
dnsmasq	unpinnable	5	34
dnsmasq-utils	expensive	21	15
dnssec-trigger	expensive	48	22
dnssec-trigger-panel	expensive	32	18
docbook2X	moderate	11	16
dos2unix	unpinnable	3	24
dosfstools	unpinnable	2	26
dotconf	unpinnable	1	16
dotnet-apphost-pack-10.0	unpinnable	20	45
dotnet-apphost-pack-3.0	unpinnable	2	22
dotnet-apphost-pack-3.1	unpinnable	2	23
dotnet-apphost-pack-5.0	unpinnable	17	46
dotnet-apphost-pack-6.0	unpinnable	18	49
dotnet-apphost-pack-7.0	unpinnable	19	47
dotnet-apphost-pack-8.0	unpinnable	20	48
dotnet-apphost-pack-9.0	unpinnable	20	45
dotnet-host	unpinnable	3	21
dotnet-host-fxr-2.1	unpinnable	2	16
dotnet-hostfxr-10.0	unpinnable	3	22
dotnet-hostfxr-3.0	unpinnable	2	18
dotnet-hostfxr-3.1	unpinnable	2	19
dotnet-hostfxr-5.0	unpinnable	2	19
dotnet-hostfxr-6.0	unpinnable	2	20
dotnet-hostfxr-7.0	unpinnable	2	20
dotnet-hostfxr-8.0	unpinnable	3	21
dotnet-hostfxr-9.0	unpinnable	3	21
dotnet-runtime-10.0	unpinnable	20	45
dotnet-runtime-2.1	unpinnable	18	47
dotnet-runtime-3.0	unpinnable	18	48
dotnet-runtime-3.1	unpinnable	18	48
dotnet-runtime-5.0	unpinnable	18	46
dotnet-runtime-6.0	unpinnable	19	49
dotnet-runtime-7.0	unpinnable	20	48
dotnet-runtime-8.0	unpinnable	20	48
dotnet-runtime-9.0	unpinnable	20	45
dotnet-sdk-10.0	unpinnable	3	21
dotnet-sdk-2.1.5xx	unpinnable	2	16
dotnet-sdk-3.0	unpinnable	2	21
dotnet-sdk-3.1	unpinnable	2	23
dotnet-sdk-5.0	unpinnable	2	18
dotnet-sdk-6.0	unpinnable	2	20
dotnet-sdk-7.0	unpinnable	3	20
dotnet-sdk-8.0	unpinnable	3	20
dotnet-sdk-9.0	unpinnable	3	20
dotnet-sdk-aot-10.0	unpinnable	18	43
dotnet-sdk-aot-9.0	unpinnable	18	43
dovecot	unpinnable	21	31
dovecot-mysql	cheap	2	4
dovecot-pgsql	free	0	4
dovecot-pigeonhole	expensive	25	11
doxygen	unpinnable	3	34
doxygen-doxywizard	unpinnable	3	15
dpdk	unpinnable	15	39
dracut	unpinnable	1	24
dropwatch	moderate	14	12
drpm	expensive	22	18
dtc	unpinnable	3	22
dump	unpinnable	1	33
dvd+rw-tools	unpinnable	4	26
dwarves	expensive	33	23
dwz	unpinnable	1	21
dyninst	unpinnable	7	36
dyninst-testsuite	unpinnable	4	35
e2fsprogs	unpinnable	10	42
e2fsprogs-libs	unpinnable	4	29
eclipse-pde	unpinnable	1	17
eclipse-platform	unpinnable	1	23
eclipse-swt	cheap	3	8
ed	expensive	33	23
efibootmgr	unpinnable	6	24
efivar	moderate	15	17
efivar-libs	unpinnable	3	28
egl-utils	moderate	6	7
egl-wayland	expensive	32	12
elfutils	unpinnable	6	28
elfutils-debuginfod	unpinnable	6	19
elfutils-debuginfod-client	unpinnable	1	27
elfutils-libelf	unpinnable	2	13
elfutils-libs	unpinnable	5	25
elinks	unpinnable	7	35
emacs	unpinnable	8	40
emacs-common	project	74	29
emacs-lucid	unpinnable	8	40
emacs-nox	unpinnable	8	40
enca	unpinnable	3	26
enchant	moderate	13	19
enchant2	moderate	19	19
enscript	unpinnable	4	29
environment-modules	moderate	6	5
eog	unpinnable	7	12
esc	unpinnable	1	15
espeak-ng	unpinnable	2	33
eth-tools-basic	expensive	27	16
eth-tools-fastfabric	unpinnable	5	28
ethtool	expensive	35	28
evemu	expensive	25	15
evemu-libs	unpinnable	1	10
evince	unpinnable	5	8
evince-browser-plugin	unpinnable	1	5
evince-libs	unpinnable	4	22
evince-nautilus	cheap	1	3
evolution	unpinnable	7	25
evolution-bogofilter	cheap	1	2
evolution-data-server	unpinnable	7	34
evolution-data-server-tests	unpinnable	1	8
evolution-data-server-ui	cheap	1	3
evolution-ews	unpinnable	4	17
evolution-mapi	unpinnable	4	10
evolution-pst	cheap	3	7
evolution-spamassassin	cheap	1	2
execstack	expensive	30	20
exempi	unpinnable	1	26
exiv2	unpinnable	2	14
exiv2-libs	unpinnable	7	28
expat	unpinnable	2	22
expect	unpinnable	3	27
fabtests	unpinnable	6	25
fapolicyd	unpinnable	2	28
farstream02	expensive	21	11
fcoe-utils	unpinnable	3	28
fdo-admin-cli	unpinnable	8	18
fdo-client	unpinnable	7	20
fdo-init	unpinnable	7	18
fdo-manufacturing-server	unpinnable	8	20
fdo-owner-cli	unpinnable	7	18
fdo-owner-onboarding-server	unpinnable	8	20
fdo-rendezvous-server	unpinnable	8	20
fence-agents-kdump	expensive	26	15
fence-agents-kubevirt	cheap	4	13
fence-virt	project	56	18
fence-virtd	unpinnable	1	28
fence-virtd-cpg	unpinnable	1	18
fence-virtd-libvirt	unpinnable	1	16
fence-virtd-multicast	unpinnable	1	15
fence-virtd-serial	unpinnable	1	17
fence-virtd-tcp	unpinnable	1	15
fetchmail	unpinnable	4	31
fftw	expensive	21	15
fftw-libs-double	unpinnable	2	15
fftw-libs-long	unpinnable	2	15
fftw-libs-quad	unpinnable	2	15
fftw-libs-single	unpinnable	2	15
file	moderate	13	18
file-libs	unpinnable	2	29
file-roller	unpinnable	5	18
findutils	unpinnable	7	34
fio	unpinnable	10	37
fipscheck	moderate	10	16
fipscheck-lib	moderate	14	12
firefox	unpinnable	19	56
flac	unpinnable	3	27
flac-libs	unpinnable	3	21
flatpak	unpinnable	14	36
flatpak-builder	unpinnable	4	26
flatpak-libs	unpinnable	9	31
flatpak-session-helper	unpinnable	2	20
flatpak-spawn	moderate	14	7
flatpak-xdg-utils	cheap	3	4
flex	unpinnable	6	29
flite	unpinnable	3	26
fltk	unpinnable	2	31
fontconfig	unpinnable	5	29
fontforge	unpinnable	11	39
fonts-tweak-tool	free	0	1
foomatic	moderate	19	17
fprintd	unpinnable	4	4
fprintd-pam	unpinnable	3	8
freeglut	unpinnable	1	19
freeipmi	unpinnable	3	30
freeipmi-bmc-watchdog	unpinnable	1	22
freeipmi-ipmidetectd	unpinnable	1	23
freeipmi-ipmiseld	unpinnable	1	25
freeradius	unpinnable	11	37
freeradius-krb5	cheap	2	5
freeradius-ldap	moderate	9	6
freeradius-mysql	cheap	1	3
freeradius-perl	moderate	12	4
freeradius-postgresql	cheap	5	6
freeradius-rest	moderate	6	6
freeradius-sqlite	cheap	5	10
freeradius-unixODBC	free	0	3
freeradius-utils	unpinnable	3	27
freerdp	expensive	24	15
freerdp-libs	unpinnable	7	29
freetype	moderate	15	18
frei0r-plugins	unpinnable	1	11
frei0r-plugins-opencv	unpinnable	1	9
fribidi	moderate	7	10
frr	unpinnable	13	37
fstrm	unpinnable	2	16
fstrm-utils	expensive	25	24
ftp	project	77	32
fuse	unpinnable	4	23
fuse-libs	unpinnable	7	28
fuse-overlayfs	unpinnable	4	25
fuse-sshfs	project	64	27
fuse3	unpinnable	6	23
fuse3-libs	unpinnable	7	28
fwupd	unpinnable	14	18
fwupdate	unpinnable	5	11
fwupdate-libs	unpinnable	1	20
fxload	moderate	14	11
galera	unpinnable	7	33
gamin	unpinnable	5	26
gavl	unpinnable	1	20
gawk	unpinnable	6	34
gc	unpinnable	4	23
gcc	unpinnable	13	36
gcc-c++	unpinnable	11	35
gcc-gdb-plugin	unpinnable	1	14
gcc-gfortran	unpinnable	11	35
gcc-offload-nvptx	unpinnable	10	36
gcc-plugin-annobin	unpinnable	2	12
gcc-plugin-devel	expensive	40	23
gcc-toolset-10-annobin	unpinnable	2	12
gcc-toolset-10-binutils	unpinnable	8	47
gcc-toolset-10-dwz	unpinnable	1	20
gcc-toolset-10-dyninst	unpinnable	7	38
gcc-toolset-10-elfutils	unpinnable	6	28
gcc-toolset-10-elfutils-debuginfod-client	unpinnable	1	19
gcc-toolset-10-elfutils-libelf	unpinnable	2	13
gcc-toolset-10-elfutils-libs	unpinnable	5	25
gcc-toolset-10-gcc	unpinnable	12	37
gcc-toolset-10-gcc-c++	unpinnable	10	34
gcc-toolset-10-gcc-gdb-plugin	unpinnable	1	14
gcc-toolset-10-gcc-gfortran	unpinnable	10	34
gcc-toolset-10-gcc-plugin-devel	expensive	40	23
gcc-toolset-10-gdb	unpinnable	17	42
gcc-toolset-10-gdb-gdbserver	unpinnable	6	29
gcc-toolset-10-ltrace	unpinnable	4	28
gcc-toolset-10-make	unpinnable	3	35
gcc-toolset-10-strace	unpinnable	5	33
gcc-toolset-10-systemtap-client	unpinnable	4	33
gcc-toolset-10-systemtap-devel	unpinnable	4	33
gcc-toolset-10-systemtap-runtime	unpinnable	12	40
gcc-toolset-10-systemtap-server	unpinnable	5	29
gcc-toolset-10-valgrind	unpinnable	2	28
gcc-toolset-11-annobin-annocheck	expensive	38	23
gcc-toolset-11-annobin-plugin-gcc	unpinnable	2	12
gcc-toolset-11-binutils	unpinnable	8	46
gcc-toolset-11-dwz	unpinnable	1	21
gcc-toolset-11-dyninst	unpinnable	7	38
gcc-toolset-11-elfutils	unpinnable	6	27
gcc-toolset-11-elfutils-debuginfod-client	unpinnable	1	20
gcc-toolset-11-elfutils-libelf	unpinnable	2	13
gcc-toolset-11-elfutils-libs	unpinnable	5	25
gcc-toolset-11-gcc	unpinnable	12	37
gcc-toolset-11-gcc-c++	unpinnable	10	34
gcc-toolset-11-gcc-gdb-plugin	unpinnable	1	14
gcc-toolset-11-gcc-gfortran	unpinnable	10	34
gcc-toolset-11-gcc-plugin-devel	expensive	40	23
gcc-toolset-11-gdb	unpinnable	17	40
gcc-toolset-11-gdb-gdbserver	unpinnable	7	29
gcc-toolset-11-libgccjit	unpinnable	13	36
gcc-toolset-11-ltrace	unpinnable	4	28
gcc-toolset-11-make	unpinnable	3	36
gcc-toolset-11-strace	unpinnable	6	33
gcc-toolset-11-systemtap-client	unpinnable	4	33
gcc-toolset-11-systemtap-devel	unpinnable	4	33
gcc-toolset-11-systemtap-runtime	unpinnable	12	39
gcc-toolset-11-systemtap-server	unpinnable	5	24
gcc-toolset-11-valgrind	unpinnable	2	28
gcc-toolset-12-annobin-annocheck	unpinnable	2	23
gcc-toolset-12-annobin-plugin-gcc	unpinnable	2	12
gcc-toolset-12-binutils	unpinnable	8	46
gcc-toolset-12-binutils-gold	unpinnable	4	27
gcc-toolset-12-dwz	unpinnable	1	21
gcc-toolset-12-gcc	unpinnable	12	36
gcc-toolset-12-gcc-c++	unpinnable	13	35
gcc-toolset-12-gcc-gfortran	unpinnable	10	34
gcc-toolset-12-gcc-plugin-annobin	unpinnable	2	12
gcc-toolset-12-gcc-plugin-devel	expensive	40	23
gcc-toolset-12-gdb	unpinnable	13	41
gcc-toolset-12-libgccjit	unpinnable	13	36
gcc-toolset-12-offload-nvptx	unpinnable	10	35
gcc-toolset-13-annobin-annocheck	expensive	39	23
gcc-toolset-13-annobin-plugin-gcc	unpinnable	2	13
gcc-toolset-13-binutils	unpinnable	8	46
gcc-toolset-13-binutils-gold	unpinnable	4	28
gcc-toolset-13-dwz	unpinnable	1	21
gcc-toolset-13-gcc	unpinnable	12	37
gcc-toolset-13-gcc-c++	unpinnable	13	36
gcc-toolset-13-gcc-gfortran	unpinnable	10	35
gcc-toolset-13-gcc-plugin-annobin	unpinnable	2	12
gcc-toolset-13-gcc-plugin-devel	expensive	40	22
gcc-toolset-13-gdb	unpinnable	14	41
gcc-toolset-13-libgccjit	unpinnable	13	37
gcc-toolset-13-offload-nvptx	unpinnable	10	35
gcc-toolset-14-annobin-annocheck	expensive	39	23
gcc-toolset-14-annobin-plugin-gcc	unpinnable	2	13
gcc-toolset-14-binutils	unpinnable	10	48
gcc-toolset-14-binutils-gold	unpinnable	4	28
gcc-toolset-14-binutils-gprofng	unpinnable	5	29
gcc-toolset-14-dwz	unpinnable	1	21
gcc-toolset-14-gcc	unpinnable	12	39
gcc-toolset-14-gcc-c++	unpinnable	13	37
gcc-toolset-14-gcc-gfortran	unpinnable	10	36
gcc-toolset-14-gcc-plugin-annobin	unpinnable	2	12
gcc-toolset-14-gcc-plugin-devel	expensive	40	22
gcc-toolset-14-gdb	unpinnable	14	42
gcc-toolset-14-libgccjit	unpinnable	14	38
gcc-toolset-14-offload-nvptx	unpinnable	10	36
gcc-toolset-15-annobin-annocheck	expensive	39	23
gcc-toolset-15-annobin-plugin-gcc	unpinnable	2	13
gcc-toolset-15-binutils	unpinnable	8	47
gcc-toolset-15-binutils-gold	unpinnable	4	27
gcc-toolset-15-binutils-gprofng	unpinnable	11	39
gcc-toolset-15-dwz	unpinnable	1	22
gcc-toolset-15-gcc	unpinnable	15	40
gcc-toolset-15-gcc-c++	unpinnable	15	39
gcc-toolset-15-gcc-gfortran	unpinnable	12	38
gcc-toolset-15-gcc-plugin-annobin	unpinnable	2	13
gcc-toolset-15-gcc-plugin-devel	expensive	43	23
gcc-toolset-15-gdb	unpinnable	14	43
gcc-toolset-15-libgccjit	unpinnable	15	39
gcc-toolset-15-offload-nvptx	unpinnable	11	37
gcc-toolset-9-annobin	unpinnable	3	12
gcc-toolset-9-binutils	unpinnable	8	43
gcc-toolset-9-dwz	unpinnable	1	20
gcc-toolset-9-dyninst	unpinnable	7	38
gcc-toolset-9-dyninst-devel	cheap	5	5
gcc-toolset-9-dyninst-testsuite	unpinnable	4	35
gcc-toolset-9-elfutils	unpinnable	6	27
gcc-toolset-9-elfutils-libelf	unpinnable	2	14
gcc-toolset-9-elfutils-libs	unpinnable	5	24
gcc-toolset-9-gcc	unpinnable	12	37
gcc-toolset-9-gcc-c++	unpinnable	10	34
gcc-toolset-9-gcc-gdb-plugin	unpinnable	1	14
gcc-toolset-9-gcc-gfortran	unpinnable	10	34
gcc-toolset-9-gcc-plugin-devel	expensive	40	22
gcc-toolset-9-gdb	unpinnable	17	40
gcc-toolset-9-gdb-gdbserver	unpinnable	6	30
gcc-toolset-9-ltrace	unpinnable	4	28
gcc-toolset-9-make	unpinnable	3	35
gcc-toolset-9-strace	unpinnable	5	32
gcc-toolset-9-systemtap-client	unpinnable	7	35
gcc-toolset-9-systemtap-devel	unpinnable	7	35
gcc-toolset-9-systemtap-runtime	unpinnable	12	39
gcc-toolset-9-systemtap-server	unpinnable	5	24
gcc-toolset-9-valgrind	unpinnable	2	28
gcr	unpinnable	5	17
gd	unpinnable	5	20
gdb-gdbserver	unpinnable	6	30
gdb-headless	unpinnable	17	40
gdbm	unpinnable	4	26
gdbm-libs	unpinnable	1	24
gdisk	expensive	22	12
gdk-pixbuf2	unpinnable	2	13
gdk-pixbuf2-devel	cheap	1	5
gdk-pixbuf2-modules	unpinnable	1	17
gdk-pixbuf2-xlib	cheap	3	6
gdm	unpinnable	4	28
gedit	unpinnable	6	8
gedit-plugin-bookmarks	cheap	1	2
gedit-plugin-drawspaces	free	0	2
gedit-plugin-findinfiles	unpinnable	1	5
gedit-plugin-wordcompletion	free	0	2
gegl	unpinnable	6	23
gegl04	unpinnable	5	24
genisoimage	unpinnable	2	37
genwqe-tools	unpinnable	4	33
genwqe-vpd	unpinnable	4	24
genwqe-zlib	unpinnable	6	22
geoclue2	unpinnable	4	5
geoclue2-demos	unpinnable	3	3
geoclue2-libs	free	0	2
geocode-glib	unpinnable	2	4
geoipupdate	expensive	23	19
gettext	unpinnable	11	30
gettext-devel	unpinnable	2	19
gettext-libs	unpinnable	8	32
gfbgraph	free	0	2
gflags	unpinnable	2	22
gfs2-utils	unpinnable	5	31
ghostscript	unpinnable	3	5
ghostscript-x11	cheap	1	7
giflib	cheap	5	14
gimp	unpinnable	7	37
gimp-devel-tools	moderate	6	5
gimp-libs	unpinnable	4	15
git-core	unpinnable	11	39
git-credential-libsecret	moderate	6	8
git-daemon	unpinnable	10	36
git-lfs	unpinnable	3	11
gjs	unpinnable	7	23
glade	unpinnable	1	5
glade-libs	unpinnable	3	11
glib-networking	unpinnable	3	7
glib2	unpinnable	22	42
glib2-devel	unpinnable	4	16
glib2-fam	free	0	2
glib2-tests	unpinnable	2	26
glibc	unpinnable	11	32
glibc-benchtests	unpinnable	2	29
glibc-common	unpinnable	44	40
glibc-gconv-extra	moderate	6	4
glibc-utils	unpinnable	2	10
glibmm24	moderate	17	9
glog	unpinnable	3	20
glusterfs	project	89	23
glusterfs-api	unpinnable	1	17
glusterfs-cli	expensive	38	24
glusterfs-client-xlators	project	54	18
glusterfs-fuse	unpinnable	4	33
glusterfs-libs	unpinnable	12	41
glusterfs-rdma	moderate	15	8
glx-utils	moderate	15	15
gmock	expensive	21	8
gmp	unpinnable	4	16
gmp-c++	cheap	3	5
gnome-abrt	unpinnable	1	3
gnome-autoar	unpinnable	1	2
gnome-bluetooth	unpinnable	5	3
gnome-bluetooth-libs	unpinnable	3	7
gnome-boxes	unpinnable	4	16
gnome-calculator	unpinnable	4	9
gnome-characters	moderate	6	5
gnome-color-manager	unpinnable	5	7
gnome-control-center	unpinnable	6	24
gnome-desktop3	unpinnable	3	10
gnome-disk-utility	unpinnable	5	10
gnome-font-viewer	unpinnable	4	7
gnome-initial-setup	unpinnable	4	12
gnome-keyring	unpinnable	5	22
gnome-keyring-pam	unpinnable	2	16
gnome-logs	unpinnable	4	5
gnome-menus	moderate	10	7
gnome-online-accounts	unpinnable	4	8
gnome-online-miners	unpinnable	1	3
gnome-photos	unpinnable	5	11
gnome-remote-desktop	unpinnable	1	11
gnome-screenshot	unpinnable	4	4
gnome-session	unpinnable	4	19
gnome-settings-daemon	unpinnable	5	25
gnome-shell	unpinnable	5	14
gnome-software	unpinnable	8	8
gnome-system-monitor	unpinnable	7	10
gnome-terminal	unpinnable	4	10
gnome-terminal-nautilus	unpinnable	3	2
gnupg2	unpinnable	10	40
gnupg2-smime	unpinnable	9	33
gnuplot	unpinnable	5	38
gnuplot-common	expensive	34	21
gnutls	unpinnable	3	30
gnutls-c++	free	0	4
gnutls-dane	unpinnable	2	13
gnutls-utils	unpinnable	1	30
gobject-introspection	unpinnable	1	20
gobject-introspection-devel	unpinnable	3	27
gom	free	0	3
gperf	expensive	21	13
gpgme	unpinnable	2	30
gpgme-devel	moderate	20	21
gpgmepp	moderate	11	9
gpm	project	87	29
gpm-libs	unpinnable	2	17
grafana	unpinnable	4	25
grafana-pcp	unpinnable	3	11
graphite2	moderate	12	20
graphviz	unpinnable	6	39
graphviz-gd	unpinnable	1	9
graphviz-python3	unpinnable	1	13
graphviz-ruby	unpinnable	1	9
grep	unpinnable	11	23
grilo	unpinnable	2	9
grilo-plugins	unpinnable	3	8
groff	project	59	33
groff-base	unpinnable	3	34
grub2-tools	unpinnable	7	30
grub2-tools-efi	unpinnable	7	30
grub2-tools-extra	unpinnable	7	30
grub2-tools-minimal	unpinnable	7	30
grubby	moderate	12	12
gsl	unpinnable	2	18
gsm	unpinnable	1	4
gsound	cheap	1	2
gspell	unpinnable	3	3
gspell-devel	unpinnable	3	2
gssdp	moderate	12	8
gssntlmssp	unpinnable	4	15
gssproxy	unpinnable	5	23
gstreamer1	unpinnable	11	36
gstreamer1-plugins-bad-free	unpinnable	4	28
gstreamer1-plugins-base	unpinnable	5	20
gstreamer1-plugins-good	unpinnable	3	26
gstreamer1-plugins-good-gtk	free	0	2
gstreamer1-plugins-ugly-free	unpinnable	3	5
gtest	unpinnable	3	26
gtk-update-icon-cache	unpinnable	3	15
gtk-vnc2	free	0	7
gtk2	unpinnable	6	28
gtk2-devel	moderate	9	13
gtk2-immodule-xim	cheap	1	6
gtk2-immodules	free	0	3
gtk3	unpinnable	9	27
gtk3-devel	unpinnable	3	9
gtk3-immodule-xim	cheap	1	6
gtkmm24	moderate	6	5
gtkmm30	cheap	4	5
gtksourceview3	unpinnable	3	11
gtkspell	unpinnable	3	4
gtkspell3	unpinnable	3	4
guile	unpinnable	19	43
gupnp	moderate	17	10
gupnp-av	cheap	5	7
gupnp-dlna	cheap	3	3
gupnp-igd	cheap	1	3
gutenprint	unpinnable	2	29
gutenprint-cups	unpinnable	3	28
gutenprint-libs	unpinnable	4	19
gutenprint-libs-ui	unpinnable	4	24
gutenprint-plugin	unpinnable	3	6
gvfs	unpinnable	7	18
gvfs-afc	unpinnable	4	6
gvfs-afp	unpinnable	5	10
gvfs-archive	unpinnable	4	6
gvfs-client	unpinnable	2	15
gvfs-fuse	moderate	10	5
gvfs-goa	unpinnable	4	5
gvfs-gphoto2	unpinnable	4	9
gvfs-mtp	unpinnable	4	9
gvfs-smb	unpinnable	4	10
gvnc	unpinnable	1	12
gzip	expensive	50	27
haproxy	unpinnable	6	32
hardlink	moderate	14	13
harfbuzz	expensive	24	16
harfbuzz-devel	moderate	18	17
harfbuzz-icu	cheap	1	2
hdparm	unpinnable	3	27
hesiod	expensive	22	17
hexchat	unpinnable	6	27
hexedit	expensive	24	18
highlight	expensive	23	11
highlight-gui	expensive	24	9
hivex	unpinnable	7	22
hostapd	project	91	31
hostname	unpinnable	1	14
hplip	project	70	27
hplip-libs	unpinnable	2	28
hspell	unpinnable	2	15
http-parser	cheap	2	1
httpd	unpinnable	4	25
httpd-tools	unpinnable	1	21
hunspell	unpinnable	6	25
hunspell-devel	moderate	17	22
hwloc	project	61	27
hwloc-gui	expensive	50	23
hwloc-libs	unpinnable	3	28
hwloc-plugins	unpinnable	1	11
hypervfcopyd	moderate	14	7
hypervkvpd	expensive	41	20
hypervvssd	unpinnable	1	12
hyphen	unpinnable	1	13
i2c-tools	expensive	21	19
ibacm	project	99	24
ibus	unpinnable	3	17
ibus-gtk2	free	0	3
ibus-gtk3	free	0	3
ibus-hangul	unpinnable	4	4
ibus-kkc	unpinnable	3	4
ibus-libpinyin	unpinnable	6	16
ibus-libs	unpinnable	3	12
ibus-libzhuyin	unpinnable	1	10
ibus-m17n	moderate	6	6
ibus-sayura	cheap	2	3
ibus-wayland	cheap	1	4
icedax	project	73	28
icoutils	unpinnable	3	23
icu	expensive	36	27
idm-jss	unpinnable	2	10
idm-pki-symkey	moderate	6	11
idm-pki-tools	unpinnable	3	25
idn2	unpinnable	3	17
iio-sensor-proxy	moderate	10	12
ilmbase	moderate	19	8
ima-evm-utils	unpinnable	2	24
ima-evm-utils0	unpinnable	2	17
imake	project	51	33
infiniband-diags	unpinnable	1	23
info	unpinnable	7	35
initscripts	unpinnable	1	14
inkscape	unpinnable	12	34
inkscape-view	unpinnable	3	5
inkscape1	unpinnable	9	34
inkscape1-view	unpinnable	9	34
integritysetup	unpinnable	3	19
intel-cmt-cat	unpinnable	4	31
intel-gpu-tools	unpinnable	5	31
iowatcher	expensive	38	20
ipa-client	unpinnable	3	20
ipa-server	unpinnable	6	25
ipa-server-trust-ad	unpinnable	6	19
ipcalc	expensive	26	14
iperf3	unpinnable	4	28
ipmievd	unpinnable	2	31
ipmitool	unpinnable	3	34
iproute	unpinnable	13	40
iproute-tc	unpinnable	7	35
iprutils	unpinnable	1	30
ipset	cheap	1	3
ipset-libs	unpinnable	3	19
iptables	unpinnable	5	29
iptables-libs	unpinnable	4	28
iptables-utils	unpinnable	1	10
iptraf-ng	unpinnable	1	28
iptstate	expensive	22	11
iputils	unpinnable	1	26
iputils-ninfod	unpinnable	1	17
ipvsadm	expensive	37	20
irqbalance	project	58	20
irssi	project	94	29
iscsi-initiator-utils	unpinnable	4	35
iscsi-initiator-utils-iscsiuio	unpinnable	1	30
isl	unpinnable	1	17
isns-utils	moderate	20	16
isns-utils-libs	unpinnable	2	25
isomd5sum	unpinnable	3	16
iw	expensive	30	22
iwpmd	expensive	29	12
jansi	cheap	5	4
jansson	unpinnable	1	16
jasper-libs	unpinnable	1	22
java-1.8.0-openjdk	unpinnable	7	30
java-1.8.0-openjdk-demo	unpinnable	2	27
java-1.8.0-openjdk-demo-fastdebug	unpinnable	2	27
java-1.8.0-openjdk-demo-slowdebug	unpinnable	2	26
java-1.8.0-openjdk-devel	unpinnable	4	30
java-1.8.0-openjdk-devel-fastdebug	unpinnable	4	30
java-1.8.0-openjdk-devel-slowdebug	unpinnable	4	30
java-1.8.0-openjdk-fastdebug	unpinnable	7	30
java-1.8.0-openjdk-headless	unpinnable	22	47
java-1.8.0-openjdk-headless-fastdebug	unpinnable	22	47
java-1.8.0-openjdk-headless-slowdebug	unpinnable	23	47
java-1.8.0-openjdk-slowdebug	unpinnable	7	29
java-11-openjdk	unpinnable	5	30
java-11-openjdk-devel	cheap	1	2
java-11-openjdk-devel-fastdebug	cheap	1	2
java-11-openjdk-devel-slowdebug	cheap	2	3
java-11-openjdk-fastdebug	unpinnable	5	30
java-11-openjdk-headless	unpinnable	20	47
java-11-openjdk-headless-fastdebug	unpinnable	20	47
java-11-openjdk-headless-slowdebug	unpinnable	20	45
java-11-openjdk-slowdebug	unpinnable	5	29
java-17-openjdk	unpinnable	5	28
java-17-openjdk-devel	cheap	1	2
java-17-openjdk-devel-fastdebug	cheap	1	2
java-17-openjdk-devel-slowdebug	cheap	2	3
java-17-openjdk-fastdebug	unpinnable	5	28
java-17-openjdk-headless	unpinnable	22	48
java-17-openjdk-headless-fastdebug	unpinnable	22	48
java-17-openjdk-headless-slowdebug	unpinnable	23	46
java-17-openjdk-slowdebug	unpinnable	5	29
java-21-openjdk	unpinnable	5	28
java-21-openjdk-devel	cheap	1	2
java-21-openjdk-devel-fastdebug	cheap	1	2
java-21-openjdk-devel-slowdebug	cheap	2	3
java-21-openjdk-fastdebug	unpinnable	5	28
java-21-openjdk-headless	unpinnable	22	50
java-21-openjdk-headless-fastdebug	unpinnable	22	50
java-21-openjdk-headless-slowdebug	unpinnable	23	47
java-21-openjdk-slowdebug	unpinnable	5	29
java-atk-wrapper	unpinnable	1	5
jbig2dec-libs	unpinnable	1	18
jbigkit-libs	cheap	4	5
jigawatts	cheap	5	5
jimtcl	unpinnable	3	32
jmc	unpinnable	1	22
jna	unpinnable	1	11
jose	moderate	14	18
jq	unpinnable	3	32
json-c	unpinnable	2	20
json-glib	cheap	3	5
json-glib-devel	unpinnable	4	3
kabi-dw	expensive	30	27
kbd	unpinnable	5	33
keepalived	unpinnable	12	34
kernel-debug-devel	unpinnable	1	41
kernel-devel	unpinnable	1	41
kernel-tools	unpinnable	3	35
kernel-tools-libs	moderate	12	10
kernelshark	unpinnable	2	27
kexec-tools	unpinnable	5	36
keybinder3	free	0	3
keyutils	project	59	22
keyutils-libs	unpinnable	2	11
kmod	unpinnable	3	28
kmod-libs	unpinnable	4	22
kpartx	expensive	29	23
krb5-devel	unpinnable	2	18
krb5-libs	unpinnable	6	32
krb5-pkinit	unpinnable	1	15
krb5-server	unpinnable	4	32
krb5-server-ldap	unpinnable	4	19
krb5-workstation	unpinnable	4	22
ksh	unpinnable	12	28
kyotocabinet-libs	project	79	18
ladspa	unpinnable	2	19
lame-libs	unpinnable	1	14
lapack	expensive	25	6
lapack64	expensive	23	3
lasso	unpinnable	1	12
lcms2	expensive	36	16
ldb-tools	unpinnable	3	11
ldns	unpinnable	1	22
ldns-utils	unpinnable	3	26
ledmon	project	78	27
lemon	moderate	20	21
lensfun	expensive	27	13
leptonica	unpinnable	1	26
less	expensive	44	28
lftp	unpinnable	9	36
libEMF	unpinnable	4	13
libGLEW	free	0	2
libICE	unpinnable	1	25
libIDL	unpinnable	3	19
libSM	unpinnable	1	13
libX11	unpinnable	3	34
libX11-xcb	free	0	1
libXNVCtrl	free	0	5
libXScrnSaver	free	0	3
libXau	moderate	10	16
libXaw	unpinnable	1	16
libXcomposite	free	0	4
libXcursor	unpinnable	1	14
libXdamage	free	0	4
libXdmcp	moderate	10	6
libXext	unpinnable	1	9
libXfixes	free	0	7
libXfont2	unpinnable	1	22
libXft	unpinnable	1	12
libXi	cheap	3	9
libXinerama	free	0	3
libXmu	unpinnable	1	18
libXp	moderate	11	13
libXpm	unpinnable	2	23
libXpm-devel	unpinnable	3	21
libXrandr	cheap	1	7
libXrender	cheap	1	7
libXres	cheap	2	4
libXt	unpinnable	1	21
libXtst	unpinnable	1	5
libXv	cheap	1	7
libXvMC	unpinnable	1	12
libXxf86dga	unpinnable	1	12
libXxf86misc	cheap	1	6
libXxf86vm	cheap	1	3
liba52	cheap	4	5
libabw	unpinnable	1	9
libacl	unpinnable	2	11
libadwaita-qt5	cheap	2	4
libaec	cheap	3	14
libaio	unpinnable	1	3
libao	unpinnable	2	24
libappindicator-gtk3	free	0	2
libappstream-glib	unpinnable	4	8
libarchive	unpinnable	6	28
libasan	unpinnable	2	7
libasan6	unpinnable	3	7
libasan8	unpinnable	4	8
libassuan	expensive	46	24
libasyncns	moderate	20	11
libatasmart	unpinnable	1	20
libatomic	cheap	3	3
libatomic_ops	moderate	6	2
libattr	unpinnable	2	12
libavc1394	unpinnable	1	15
libbabeltrace	unpinnable	3	30
libbasicobjects	cheap	3	5
libblkid	unpinnable	6	34
libblockdev	cheap	4	2
libblockdev-crypto	moderate	6	5
libblockdev-dm	cheap	2	2
libblockdev-fs	unpinnable	2	8
libblockdev-kbd	moderate	8	3
libblockdev-loop	cheap	5	5
libblockdev-lvm	moderate	6	2
libblockdev-lvm-dbus	cheap	5	2
libblockdev-mdraid	moderate	6	3
libblockdev-mpath	cheap	2	2
libblockdev-nvdimm	free	0	3
libblockdev-part	moderate	6	6
libblockdev-swap	unpinnable	2	5
libblockdev-utils	moderate	11	5
libblockdev-vdo	cheap	1	3
libbluray	unpinnable	1	20
libbpf	unpinnable	5	24
libburn	unpinnable	1	28
libbytesize	unpinnable	1	8
libcacard	unpinnable	1	10
libcanberra	unpinnable	2	21
libcanberra-gtk2	unpinnable	1	4
libcanberra-gtk3	unpinnable	1	4
libcap	unpinnable	5	22
libcap-ng	unpinnable	6	9
libcap-ng-python3	cheap	3	11
libcap-ng-utils	unpinnable	3	17
libcdio	unpinnable	5	32
libcdio-paranoia	expensive	33	26
libcdr	moderate	15	8
libcephfs2	expensive	33	16
libcgroup	unpinnable	5	27
libcgroup-pam	cheap	1	2
libcgroup-tools	unpinnable	2	16
libchamplain	moderate	11	5
libchamplain-gtk	free	0	2
libcmis	unpinnable	1	14
libcmocka	unpinnable	2	20
libcmpiCppImpl0	cheap	2	3
libcollection	moderate	11	7
libcom_err	unpinnable	2	17
libcomps	unpinnable	2	13
libconfig	unpinnable	3	20
libcroco	cheap	5	13
libcurl	unpinnable	3	28
libcurl-minimal	unpinnable	3	28
libdaemon	unpinnable	2	10
libdap	unpinnable	3	32
libdatrie	cheap	5	12
libdatrie-devel	unpinnable	3	10
libdazzle	unpinnable	3	16
libdb	unpinnable	5	31
libdb-cxx	unpinnable	5	31
libdb-sql	unpinnable	5	34
libdb-sql-devel	unpinnable	3	19
libdb-utils	unpinnable	3	26
libdbusmenu	cheap	1	2
libdbusmenu-gtk3	free	0	2
libdc1394	unpinnable	1	14
libdhash	free	0	8
libdmapsharing	unpinnable	1	8
libdmmp	unpinnable	1	9
libdmx	cheap	1	6
libdnet	expensive	27	16
libdnf	unpinnable	5	25
libdrm	unpinnable	2	28
libdv	unpinnable	2	16
libdvdnav	unpinnable	1	11
libdvdread	unpinnable	1	18
libdwarf	unpinnable	2	15
libdwarf-tools	expensive	32	23
libdwarves1	unpinnable	7	30
libeasyfc	cheap	2	6
libeasyfc-gobject	free	0	1
libecap	cheap	1	6
libecpg	unpinnable	4	18
libecpg-devel	unpinnable	4	25
libedit	unpinnable	3	29
libeot	unpinnable	1	6
libepoxy	unpinnable	1	8
libepubgen	moderate	13	10
libestr	cheap	2	8
libetonyek	moderate	14	9
libev	unpinnable	10	16
libevdev	unpinnable	1	14
libevent	unpinnable	8	23
libexif	unpinnable	2	14
libexttextcat	unpinnable	1	12
libfabric	unpinnable	15	37
libfastjson	unpinnable	2	17
libfdisk	unpinnable	8	33
libfdt	moderate	6	3
libffi	unpinnable	2	12
libfontenc	moderate	8	8
libfprint	unpinnable	1	10
libfreehand	moderate	10	8
libgcab1	unpinnable	2	5
libgcc	unpinnable	1	6
libgcrypt	unpinnable	2	26
libgcrypt-devel	moderate	9	18
libgdata	moderate	8	10
libgdither	cheap	1	3
libgee	cheap	1	6
libgexiv2	moderate	6	5
libgfortran	unpinnable	6	28
libgit2	unpinnable	1	25
libgit2-glib	free	0	4
libglvnd	unpinnable	1	12
libglvnd-egl	unpinnable	2	18
libglvnd-gles	moderate	6	9
libglvnd-glx	unpinnable	1	14
libglvnd-opengl	moderate	6	9
libgnomekbd	unpinnable	4	9
libgomp	unpinnable	2	22
libgomp-offload-nvptx	moderate	10	3
libgovirt	cheap	3	6
libgpg-error	unpinnable	6	30
libgpg-error-devel	moderate	20	21
libgphoto2	unpinnable	11	34
libgpod	unpinnable	2	22
libgs	unpinnable	6	39
libgsf	unpinnable	5	22
libgsf-devel	unpinnable	3	4
libgtop2	unpinnable	2	17
libgudev	cheap	4	2
libguestfs	unpinnable	5	39
libguestfs-gobject	free	0	3
libguestfs-java	unpinnable	3	26
libguestfs-tools-c	unpinnable	12	49
libgusb	free	0	4
libgusb-devel	cheap	5	3
libgweather	unpinnable	1	10
libgxps	moderate	6	8
libhangul	unpinnable	6	19
libhbaapi	unpinnable	1	10
libhbalinux	unpinnable	1	16
libhugetlbfs	unpinnable	3	22
libhugetlbfs-utils	unpinnable	4	25
libi2c	cheap	1	3
libibumad	unpinnable	1	13
libibverbs	unpinnable	4	23
libibverbs-utils	expensive	33	14
libical	unpinnable	5	29
libicu	unpinnable	3	37
libicu-devel	cheap	2	5
libidn	unpinnable	6	19
libidn2	unpinnable	3	13
libiec61883	unpinnable	2	11
libieee1284	unpinnable	2	15
libijs	moderate	7	10
libimobiledevice	unpinnable	1	21
libindicator-gtk3	cheap	1	2
libini_config	unpinnable	4	23
libinput	unpinnable	5	23
libinput-utils	unpinnable	2	23
libipa_hbac	cheap	3	6
libipt	moderate	13	13
libiptcdata	unpinnable	7	17
libiscsi	unpinnable	1	16
libiscsi-utils	expensive	32	21
libisoburn	unpinnable	5	32
libisofs	unpinnable	4	25
libitm	unpinnable	1	12
libjose	unpinnable	1	13
libjpeg-turbo	unpinnable	1	13
libjpeg-turbo-utils	moderate	13	17
libkadm5	unpinnable	2	21
libkcapi	unpinnable	5	11
libkcapi-hmaccalc	expensive	24	20
libkeepalive	cheap	4	4
libkkc	unpinnable	2	5
libknet1	unpinnable	4	15
libksba	unpinnable	1	23
liblangtag	unpinnable	3	11
liblangtag-gobject	free	0	1
libldb	unpinnable	2	21
liblockfile	unpinnable	1	17
liblognorm	expensive	21	20
liblouis	unpinnable	1	17
liblsan	unpinnable	3	7
libluksmeta	cheap	5	5
libmad	moderate	10	8
libmalaga	unpinnable	1	22
libmatchbox	unpinnable	1	22
libmaxminddb	expensive	23	14
libmbim	moderate	7	9
libmbim-utils	moderate	8	5
libmcpp	unpinnable	3	22
libmediaart	unpinnable	1	6
libmemcached	unpinnable	1	26
libmemcached-libs	unpinnable	3	20
libmetalink	moderate	12	14
libmicrohttpd	unpinnable	6	19
libmng	cheap	3	4
libmnl	moderate	8	12
libmodman	moderate	11	6
libmodulemd	moderate	11	11
libmodulemd1	cheap	2	10
libmount	unpinnable	14	38
libmpc	unpinnable	3	10
libmpcdec	cheap	3	6
libmspack	unpinnable	1	15
libmspub	moderate	14	7
libmtp	unpinnable	5	26
libmusicbrainz5	moderate	8	9
libmwaw	moderate	17	7
libnbd	unpinnable	2	28
libndp	unpinnable	1	15
libnet	unpinnable	2	22
libnetapi	unpinnable	1	8
libnetfilter_conntrack	moderate	17	11
libnetfilter_cthelper	cheap	2	5
libnetfilter_cttimeout	cheap	5	6
libnetfilter_queue	moderate	6	6
libnfnetlink	unpinnable	1	10
libnfsidmap	unpinnable	1	26
libnftnl	unpinnable	1	13
libnghttp2	moderate	7	9
libnice	unpinnable	1	21
libnice-gstreamer1	free	0	2
libnl3	unpinnable	3	25
libnl3-cli	unpinnable	2	14
libnma	unpinnable	3	11
libnotify	cheap	4	4
libnsl	unpinnable	24	22
libnsl2	unpinnable	3	23
libnumbertext	moderate	16	10
liboauth	unpinnable	1	20
libodfgen	unpinnable	1	8
libogg	cheap	2	6
liboggz	expensive	33	24
libomp	unpinnable	4	29
libopenraw	unpinnable	1	11
libopenraw-gnome	unpinnable	1	6
liborcus	expensive	23	15
libosinfo	unpinnable	4	8
libotf	unpinnable	1	21
libpagemaker	moderate	8	7
libpaper	moderate	18	14
libpath_utils	unpinnable	1	7
libpcap	unpinnable	6	26
libpciaccess	unpinnable	2	15
libpeas	unpinnable	2	5
libpeas-devel	cheap	1	2
libpeas-gtk	free	0	4
libpeas-loader-python3	free	0	2
libpfm	unpinnable	2	20
libpgtypes	unpinnable	2	14
libpinyin	unpinnable	1	16
libpipeline	unpinnable	1	18
libpkgconf	moderate	19	17
libplist	expensive	24	17
libpmem	unpinnable	1	20
libpmem-debug	unpinnable	3	21
libpmemblk	unpinnable	2	22
libpmemblk-debug	unpinnable	4	24
libpmemlog	unpinnable	2	22
libpmemlog-debug	unpinnable	4	24
libpmemobj	unpinnable	2	23
libpmemobj-debug	unpinnable	4	24
libpmempool	unpinnable	2	27
libpmempool-debug	unpinnable	4	29
libpng	unpinnable	1	19
libpng-devel	moderate	13	20
libpng12	unpinnable	1	13
libpng15	unpinnable	1	13
libpq	unpinnable	6	26
libpq-devel	unpinnable	3	19
libproxy	expensive	27	13
libproxy-bin	cheap	5	4
libproxy-gnome	moderate	20	12
libproxy-networkmanager	free	0	2
libproxy-webkitgtk4	cheap	4	5
libpsl	unpinnable	3	11
libpsm2	unpinnable	9	27
libpsm2-compat	free	0	1
libpst-libs	unpinnable	5	23
libpurple	unpinnable	4	32
libpwquality	unpinnable	4	18
libqb	unpinnable	5	24
libqhull	unpinnable	2	14
libqhull_p	unpinnable	2	14
libqhull_r	unpinnable	2	14
libqmi	moderate	8	15
libqmi-utils	expensive	23	14
libquadmath	unpinnable	3	11
libquvi	unpinnable	1	4
libqxp	moderate	8	7
librabbitmq	unpinnable	1	11
librabbitmq-tools	expensive	22	16
librados-devel	unpinnable	3	13
librados2	unpinnable	13	32
libradosstriper1	expensive	22	11
libraw1394	unpinnable	5	20
librbd1	expensive	32	12
librdkafka	unpinnable	2	29
librdmacm	unpinnable	6	15
librdmacm-utils	project	59	15
libref_array	cheap	4	5
librelp	unpinnable	4	14
libreoffice-base	moderate	7	6
libreoffice-calc	expensive	38	12
libreoffice-core	unpinnable	5	34
libreoffice-graphicfilter	cheap	5	6
libreoffice-gtk3	unpinnable	1	12
libreoffice-impress	cheap	4	6
libreoffice-ogltrans	unpinnable	1	6
libreoffice-pdfimport	unpinnable	3	15
libreoffice-pyuno	unpinnable	2	14
libreoffice-sdk	unpinnable	3	24
libreoffice-ure	unpinnable	7	29
libreoffice-writer	unpinnable	3	23
libreoffice-x11	unpinnable	2	15
libreofficekit	unpinnable	1	11
librepo	unpinnable	1	25
libreport	unpinnable	5	35
libreport-cli	unpinnable	3	19
libreport-gtk	unpinnable	3	12
libreport-newt	unpinnable	3	4
libreport-plugin-bugzilla	unpinnable	3	11
libreport-plugin-kerneloops	unpinnable	3	3
libreport-plugin-logger	unpinnable	3	7
libreport-plugin-mailx	unpinnable	3	6
libreport-plugin-reportuploader	unpinnable	3	5
libreport-plugin-ureport	unpinnable	3	6
libreport-web	unpinnable	1	12
libreswan	unpinnable	1	34
librevenge	unpinnable	1	11
librhsm	cheap	2	5
librpmem	unpinnable	1	19
librpmem-debug	unpinnable	1	20
librsvg2	unpinnable	3	17
librsvg2-tools	unpinnable	1	10
librx	unpinnable	1	8
libsamplerate	moderate	9	9
libsane-hpaio	unpinnable	1	20
libsass	unpinnable	1	12
libseccomp	unpinnable	2	14
libseccomp-devel	cheap	5	4
libsecret	unpinnable	4	14
libselinux	unpinnable	5	27
libselinux-python	unpinnable	2	20
libselinux-ruby	cheap	3	7
libselinux-utils	project	52	28
libsemanage	unpinnable	4	30
libsepol	unpinnable	3	26
libserf	unpinnable	1	13
libshout	unpinnable	2	17
libsigc++20	free	0	2
libsigsegv	unpinnable	1	9
libslirp	expensive	35	15
libsmartcols	unpinnable	6	32
libsmbclient	moderate	15	11
libsmbios	unpinnable	4	26
libsmi	unpinnable	3	32
libsndfile	unpinnable	1	23
libsndfile-utils	expensive	26	20
libsolv	unpinnable	2	30
libsolv-tools	expensive	23	19
libsoup	unpinnable	1	17
libspectre	unpinnable	1	21
libspiro	cheap	3	5
libsrtp	unpinnable	1	9
libss	unpinnable	3	20
libssh	unpinnable	3	35
libsss_autofs	unpinnable	1	15
libsss_certmap	moderate	11	10
libsss_idmap	cheap	4	10
libsss_nss_idmap	unpinnable	1	16
libsss_simpleifp	cheap	2	8
libsss_sudo	unpinnable	1	13
libstaroffice	moderate	11	7
libstdc++	unpinnable	8	28
libstemmer	cheap	3	6
libstoragemgmt	unpinnable	1	21
libstoragemgmt-nfs-plugin	moderate	6	4
libstoragemgmt-udev	moderate	8	13
libsysfs	moderate	16	13
libtalloc	unpinnable	3	15
libtar	unpinnable	2	16
libtasn1	unpinnable	1	19
libtasn1-tools	moderate	20	19
libtdb	unpinnable	1	13
libteam	unpinnable	4	16
libtevent	unpinnable	6	10
libthai	moderate	6	8
libtheora	cheap	5	8
libtiff	unpinnable	1	19
libtiff-tools	expensive	39	28
libtimezonemap	moderate	9	7
libtirpc	unpinnable	1	24
libtool-ltdl	unpinnable	1	14
libtpms	unpinnable	1	21
libtraceevent	unpinnable	2	18
libtracefs	unpinnable	4	24
libtsan	unpinnable	3	5
libtsan2	unpinnable	6	6
libubsan	unpinnable	3	8
libucil	unpinnable	1	17
libudisks2	cheap	1	4
libunicap	unpinnable	1	24
libuninameslist	free	0	1
libunistring	unpinnable	3	21
liburing	unpinnable	1	4
libusal	unpinnable	3	32
libusb	unpinnable	2	10
libusbmuxd	unpinnable	4	14
libusbx	unpinnable	3	16
libuser	unpinnable	8	32
libutempter	unpinnable	1	7
libuuid	unpinnable	2	17
libuv	unpinnable	14	30
libv4l	unpinnable	2	21
libva	unpinnable	2	22
libvarlink	unpinnable	3	18
libvarlink-util	unpinnable	4	24
libvdpau	unpinnable	1	13
libverto	unpinnable	1	12
libverto-libev	free	0	3
libverto-libevent	free	0	2
libvirt-client	unpinnable	2	18
libvirt-daemon	unpinnable	3	17
libvirt-daemon-driver-interface	unpinnable	1	8
libvirt-daemon-driver-network	unpinnable	1	9
libvirt-daemon-driver-nodedev	unpinnable	1	9
libvirt-daemon-driver-nwfilter	unpinnable	1	12
libvirt-daemon-driver-qemu	unpinnable	1	17
libvirt-daemon-driver-secret	unpinnable	1	8
libvirt-daemon-driver-storage-core	unpinnable	1	14
libvirt-daemon-driver-storage-disk	unpinnable	1	7
libvirt-daemon-driver-storage-gluster	unpinnable	1	4
libvirt-daemon-driver-storage-iscsi	unpinnable	1	3
libvirt-daemon-driver-storage-iscsi-direct	unpinnable	1	3
libvirt-daemon-driver-storage-logical	unpinnable	1	7
libvirt-daemon-driver-storage-mpath	unpinnable	1	2
libvirt-daemon-driver-storage-rbd	unpinnable	1	4
libvirt-daemon-driver-storage-scsi	unpinnable	1	5
libvirt-dbus	cheap	2	4
libvirt-gconfig	unpinnable	1	5
libvirt-glib	unpinnable	2	4
libvirt-gobject	unpinnable	1	6
libvirt-libs	unpinnable	12	28
libvirt-lock-sanlock	unpinnable	1	8
libvirt-nss	moderate	12	10
libvirt-wireshark	free	0	3
libvisio	unpinnable	1	9
libvisual	unpinnable	4	19
libvma	unpinnable	12	38
libvma-utils	unpinnable	5	24
libvmem	unpinnable	2	21
libvmem-debug	unpinnable	4	22
libvmmalloc	unpinnable	2	20
libvmmalloc-debug	unpinnable	4	21
libvncserver	unpinnable	2	32
libvoikko	unpinnable	1	17
libvorbis	moderate	17	14
libvpx	expensive	38	11
libwacom	moderate	14	9
libwayland-client	unpinnable	3	17
libwayland-cursor	unpinnable	1	13
libwayland-egl	cheap	1	2
libwayland-server	unpinnable	7	18
libwbclient	unpinnable	1	12
libwebp	unpinnable	1	10
libwebp-tools	unpinnable	2	16
libwinpr	unpinnable	10	39
libwmf	unpinnable	2	21
libwmf-lite	unpinnable	2	15
libwnck3	unpinnable	2	5
libwnck3-devel	unpinnable	4	3
libwpd	moderate	9	6
libwpe	unpinnable	1	8
libwpg	cheap	4	5
libwps	expensive	23	8
libwsman1	unpinnable	2	23
libxcb	expensive	33	12
libxcrypt	unpinnable	1	10
libxdp	unpinnable	1	12
libxkbcommon	unpinnable	1	18
libxkbcommon-x11	moderate	7	6
libxkbfile	unpinnable	1	20
libxklavier	unpinnable	4	15
libxml2	unpinnable	6	32
libxmlb	cheap	2	5
libxshmfence	unpinnable	2	4
libxslt	unpinnable	2	13
libyami	unpinnable	3	16
libyaml	cheap	4	13
libyang	unpinnable	3	32
libzhuyin	unpinnable	1	16
libzip	expensive	25	19
libzip-tools	expensive	23	16
libzmf	moderate	9	7
libzstd	unpinnable	1	12
linuxconsoletools	expensive	35	15
linuxdoc-tools	expensive	22	24
linuxptp	unpinnable	2	28
lksctp-tools	unpinnable	1	24
lld	cheap	4	6
lld-libs	moderate	19	12
lldb	unpinnable	8	32
lldpad	unpinnable	1	33
lldpd	unpinnable	4	26
llvm	unpinnable	8	39
llvm-compat-devel	expensive	32	14
llvm-compat-libs	unpinnable	12	35
llvm-devel	expensive	32	14
llvm-libs	unpinnable	7	34
llvm-test	unpinnable	7	24
lm_sensors	unpinnable	5	13
lm_sensors-libs	unpinnable	3	18
lm_sensors-sensord	expensive	22	15
lmdb	moderate	13	14
lmdb-libs	unpinnable	1	14
lockdev	expensive	29	12
logrotate	project	88	26
lpsolve	unpinnable	3	26
lrzsz	unpinnable	3	27
lshw	unpinnable	4	24
lshw-gui	unpinnable	4	20
lsof	unpinnable	1	26
lsscsi	expensive	30	22
ltrace	unpinnable	4	28
lttng-ust	unpinnable	5	22
lua	expensive	25	21
lua-expat	cheap	1	2
lua-filesystem	moderate	12	11
lua-guestfs	unpinnable	3	25
lua-libs	unpinnable	3	24
lua-lpeg	moderate	11	4
lua-posix	unpinnable	2	21
lua-socket	expensive	36	11
luksmeta	moderate	8	10
lvm2	unpinnable	7	35
lvm2-libs	unpinnable	7	34
lvm2-lockd	unpinnable	1	33
lynx	unpinnable	7	37
lz4	moderate	20	30
lz4-libs	cheap	1	7
lzo	cheap	1	5
lzo-minilzo	cheap	1	5
lzop	expensive	32	26
m17n-lib	unpinnable	5	24
m4	unpinnable	3	27
mailman	moderate	14	11
mailx	unpinnable	4	36
make	unpinnable	3	35
make43	unpinnable	3	36
malaga	moderate	13	14
man-db	unpinnable	13	36
mariadb	unpinnable	3	38
mariadb-backup	unpinnable	14	47
mariadb-connector-c	unpinnable	3	26
mariadb-connector-c-devel	moderate	10	7
mariadb-connector-odbc	unpinnable	3	20
mariadb-embedded	unpinnable	7	43
mariadb-gssapi-server	cheap	3	6
mariadb-oqgraph-engine	unpinnable	1	10
mariadb-pam	unpinnable	1	16
mariadb-server	unpinnable	15	48
mariadb-server-utils	unpinnable	3	33
mariadb-test	unpinnable	10	45
marisa	moderate	8	10
matchbox-window-manager	expensive	32	20
mc	unpinnable	7	34
mcelog	project	86	29
mcpp	cheap	1	1
mcstrans	unpinnable	1	21
mdadm	unpinnable	2	38
mdevctl	unpinnable	3	18
meanwhile	moderate	12	10
mecab	unpinnable	4	14
memcached	unpinnable	1	29
memkind	unpinnable	2	21
memstrack	unpinnable	3	21
mercurial	unpinnable	1	21
mercurial-chg	project	53	23
mesa-dri-drivers	unpinnable	9	45
mesa-libEGL	unpinnable	4	21
mesa-libGL	unpinnable	3	19
mesa-libGLU	unpinnable	1	13
mesa-libGLw	cheap	2	2
mesa-libOSMesa	unpinnable	9	43
mesa-libgbm	unpinnable	1	16
mesa-libglapi	unpinnable	2	7
mesa-libxatracker	unpinnable	7	38
mesa-vdpau-drivers	unpinnable	7	40
mesa-vulkan-drivers	unpinnable	8	41
metacity	unpinnable	4	21
metis	unpinnable	4	22
microdnf	moderate	7	8
mingw-binutils-generic	project	84	33
mingw32-binutils	unpinnable	3	40
mingw32-cpp	unpinnable	4	35
mingw32-gcc	unpinnable	6	38
mingw32-gcc-c++	unpinnable	4	35
mingw32-pkg-config	moderate	10	18
mingw64-binutils	unpinnable	3	40
mingw64-cpp	unpinnable	4	35
mingw64-gcc	unpinnable	6	38
mingw64-gcc-c++	unpinnable	4	35
mingw64-pkg-config	moderate	10	18
minicom	unpinnable	6	30
mksh	unpinnable	2	17
mlocate	unpinnable	5	26
mod_auth_gssapi	unpinnable	3	23
mod_auth_mellon	moderate	8	10
mod_auth_mellon-diagnostics	moderate	10	10
mod_auth_openidc	unpinnable	1	11
mod_authnz_pam	cheap	1	4
mod_dav_svn	moderate	9	6
mod_fcgid	expensive	34	11
mod_http2	moderate	8	11
mod_intercept_form_submit	cheap	3	6
mod_ldap	moderate	9	6
mod_lookup_identity	cheap	4	4
mod_md	moderate	16	15
mod_proxy_html	moderate	6	8
mod_security	unpinnable	1	24
mod_security-mlogc	moderate	7	12
mod_session	cheap	3	9
mod_ssl	unpinnable	1	12
mokutil	unpinnable	2	19
motif	unpinnable	6	35
motif-devel	cheap	2	2
mousetweaks	unpinnable	4	7
mozjs52	unpinnable	4	36
mozjs52-devel	unpinnable	4	39
mozjs60	unpinnable	4	34
mpdecimal	unpinnable	1	14
mpdecimal++	cheap	5	6
mpfr	unpinnable	3	16
mpg123	unpinnable	1	30
mpg123-libs	unpinnable	2	26
mpg123-plugins-pulseaudio	unpinnable	1	8
mpich	unpinnable	6	33
mpitests-mpich	unpinnable	2	27
mpitests-mvapich2	unpinnable	2	25
mpitests-mvapich2-psm2	unpinnable	2	27
mpitests-openmpi	unpinnable	2	27
mrtg	expensive	28	13
mstflint	unpinnable	4	40
mt-st	expensive	25	20
mtdev	cheap	4	5
mtdev-devel	cheap	2	6
mtools	unpinnable	3	36
mtr	project	79	24
mtr-gtk	project	72	22
mtx	moderate	11	17
munge	unpinnable	1	25
munge-libs	unpinnable	1	16
mutt	unpinnable	10	39
mutter	unpinnable	5	29
mvapich2	unpinnable	9	39
mvapich2-psm2	unpinnable	7	38
mysql	unpinnable	1	37
mysql-libs	unpinnable	2	28
mysql-server	unpinnable	15	50
mysql-test	unpinnable	6	39
mythes	unpinnable	1	14
nano	unpinnable	4	35
nasm	project	52	30
nautilus	unpinnable	6	13
nautilus-extensions	free	0	2
nautilus-sendto	unpinnable	4	4
nbdfuse	moderate	12	12
nbdkit-basic-filters	project	60	29
nbdkit-basic-plugins	unpinnable	3	29
nbdkit-curl-plugin	expensive	22	17
nbdkit-example-plugins	moderate	8	8
nbdkit-gzip-filter	moderate	16	13
nbdkit-gzip-plugin	free	0	4
nbdkit-linuxdisk-plugin	expensive	23	16
nbdkit-nbd-plugin	expensive	26	12
nbdkit-python-plugin	moderate	14	15
nbdkit-server	unpinnable	2	25
nbdkit-ssh-plugin	moderate	12	10
nbdkit-tar-filter	moderate	20	14
nbdkit-tar-plugin	moderate	19	13
nbdkit-tmpdisk-plugin	expensive	22	16
nbdkit-vddk-plugin	expensive	30	18
nbdkit-xz-filter	moderate	12	12
ncompress	moderate	17	22
ncurses	unpinnable	4	33
ncurses-c++-libs	cheap	3	4
ncurses-compat-libs	unpinnable	3	31
ncurses-libs	unpinnable	3	31
ndctl	unpinnable	3	30
ndctl-libs	unpinnable	1	15
neon	unpinnable	4	23
net-snmp	unpinnable	2	20
net-snmp-agent-libs	unpinnable	2	31
net-snmp-libs	unpinnable	2	33
net-snmp-perl	unpinnable	1	14
net-snmp-utils	unpinnable	6	24
net-tools	unpinnable	8	30
netavark	unpinnable	12	20
netcf	moderate	15	17
netcf-libs	unpinnable	2	21
netlabel_tools	moderate	17	11
netpbm	unpinnable	3	30
netpbm-progs	unpinnable	4	41
nettle	unpinnable	1	12
network-manager-applet	unpinnable	6	13
network-scripts	moderate	13	15
newt	unpinnable	3	22
nfs-utils	unpinnable	15	40
nfs4-acl-tools	expensive	26	22
nftables	unpinnable	3	27
nghttp2	project	88	28
nginx	unpinnable	9	22
nginx-mod-http-image-filter	free	0	3
nginx-mod-http-perl	cheap	1	6
nginx-mod-http-xslt-filter	cheap	2	6
nginx-mod-mail	cheap	2	8
nginx-mod-stream	moderate	8	13
ninja-build	project	62	25
nispor	unpinnable	8	18
nkf	expensive	21	14
nm-connection-editor	unpinnable	5	9
nmap	unpinnable	3	35
nmap-ncat	unpinnable	3	32
nmstate	unpinnable	9	19
nmstate-libs	unpinnable	8	16
nodejs	cheap	1	0
nodejs-libs	unpinnable	31	51
npth	expensive	40	7
nscd	unpinnable	12	30
nspr	unpinnable	8	27
nss	unpinnable	2	19
nss-altfiles	cheap	2	1
nss-pam-ldapd	unpinnable	1	26
nss-softokn	unpinnable	2	26
nss-softokn-freebl	unpinnable	1	19
nss-sysinit	moderate	6	8
nss-tools	unpinnable	3	30
nss-util	moderate	15	21
nss_db	moderate	16	8
nss_hesiod	expensive	21	9
nss_nis	expensive	24	13
nss_wrapper-libs	unpinnable	1	20
ntsysv	unpinnable	3	20
numactl	expensive	48	31
numactl-libs	unpinnable	3	22
numad	unpinnable	1	25
numatop	unpinnable	2	20
nvme-cli	project	87	30
ocaml	unpinnable	6	44
ocaml-camlp4-devel	unpinnable	3	27
ocaml-cppo	unpinnable	3	27
ocaml-extlib	free	0	1
ocaml-findlib	unpinnable	3	28
ocaml-hivex	free	0	7
ocaml-labltk	cheap	3	6
ocaml-libguestfs	unpinnable	1	10
ocaml-libnbd	unpinnable	1	6
ocaml-ocamlbuild	unpinnable	3	27
ocaml-ocamldoc	unpinnable	3	27
ocaml-runtime	unpinnable	4	35
oci-seccomp-bpf-hook	unpinnable	6	17
oci-systemd-hook	unpinnable	1	16
oci-umount	unpinnable	2	20
ocl-icd	unpinnable	1	12
oddjob	unpinnable	1	22
oddjob-mkhomedir	unpinnable	2	22
omping	expensive	39	12
oniguruma	unpinnable	1	13
opa-address-resolution	unpinnable	5	29
opa-basic-tools	unpinnable	4	29
opa-fastfabric	unpinnable	5	40
opa-fm	unpinnable	6	38
opa-libopamgt	unpinnable	5	23
open-vm-tools	unpinnable	21	43
open-vm-tools-desktop	project	56	26
open-vm-tools-sdmp	cheap	2	10
openal-soft	unpinnable	1	31
openal-soft-devel	expensive	27	15
openblas	unpinnable	2	15
openblas-Rblas	unpinnable	2	15
openblas-openmp	unpinnable	2	15
openblas-openmp64	unpinnable	2	15
openblas-openmp64_	unpinnable	2	15
openblas-serial64	unpinnable	2	15
openblas-serial64_	unpinnable	2	15
openblas-threads	unpinnable	2	16
openblas-threads64	unpinnable	2	16
openblas-threads64_	unpinnable	2	16
openchange	unpinnable	3	26
opencryptoki	unpinnable	5	38
opencryptoki-icsftok	unpinnable	4	32
opencryptoki-libs	unpinnable	4	28
opencryptoki-swtok	unpinnable	2	27
opencryptoki-tpmtok	unpinnable	2	28
opencv	expensive	37	12
opencv-contrib	unpinnable	2	22
opencv-core	unpinnable	2	34
opendnssec	unpinnable	3	34
openhpi	unpinnable	2	34
openhpi-libs	unpinnable	1	24
openjade	expensive	25	11
openjpeg2	unpinnable	1	15
openjpeg2-tools	expensive	31	22
openldap	unpinnable	3	25
openldap-clients	expensive	36	25
openldap-servers	unpinnable	6	34
openmpi	unpinnable	12	42
openmpi-devel	unpinnable	1	17
opensc	unpinnable	2	36
openscap	unpinnable	6	39
openscap-engine-sce	unpinnable	3	21
openscap-python3	cheap	4	13
openscap-scanner	moderate	18	18
openslp	unpinnable	1	20
opensm	unpinnable	1	32
opensm-libs	unpinnable	2	21
opensp	unpinnable	2	20
openssh	unpinnable	5	37
openssh-askpass	unpinnable	1	3
openssh-cavs	unpinnable	2	25
openssh-clients	unpinnable	4	35
openssh-keycat	unpinnable	4	26
openssh-ldap	unpinnable	2	28
openssh-server	unpinnable	9	37
openssl	unpinnable	1	27
openssl-ibmpkcs11	moderate	6	4
openssl-libs	unpinnable	4	35
openssl-pkcs11	unpinnable	1	12
openwsman-client	cheap	2	7
openwsman-python3	unpinnable	1	13
openwsman-server	unpinnable	1	27
opus	moderate	10	8
orc	unpinnable	2	23
orc-compiler	moderate	10	14
os-prober	unpinnable	1	5
osbuild-composer-core	unpinnable	8	27
osbuild-composer-worker	unpinnable	8	28
osinfo-db-tools	unpinnable	4	2
ostree	unpinnable	4	30
ostree-libs	unpinnable	6	27
p11-kit	unpinnable	3	28
p11-kit-server	unpinnable	2	28
p11-kit-trust	unpinnable	2	24
pacemaker-cluster-libs	unpinnable	1	11
pacemaker-libs	unpinnable	4	37
pakchois	unpinnable	1	5
pam	unpinnable	22	37
pam_cifscreds	moderate	10	8
pam_ssh_agent_auth	unpinnable	3	31
pam_wrapper	unpinnable	1	19
pandoc	unpinnable	15	38
pango	moderate	17	18
pangomm	free	0	3
papi	expensive	21	23
papi-libs	unpinnable	2	27
papi-testsuite	unpinnable	2	35
paps	moderate	13	12
paps-libs	cheap	2	2
parted	unpinnable	10	32
passwd	unpinnable	3	9
patch	unpinnable	1	32
patchutils	expensive	42	29
pavucontrol	unpinnable	4	9
pcaudiolib	cheap	4	8
pciutils	moderate	19	14
pciutils-libs	unpinnable	3	25
pcm	unpinnable	1	23
pcp	unpinnable	12	41
pcp-devel	unpinnable	2	20
pcp-export-zabbix-agent	unpinnable	1	7
pcp-gui	unpinnable	3	25
pcp-import-collectl2pcp	unpinnable	1	16
pcp-libs	unpinnable	7	41
pcp-pmda-apache	unpinnable	1	5
pcp-pmda-bash	moderate	12	13
pcp-pmda-cifs	cheap	5	9
pcp-pmda-cisco	unpinnable	2	23
pcp-pmda-denki	moderate	6	6
pcp-pmda-dm	unpinnable	1	13
pcp-pmda-docker	unpinnable	1	7
pcp-pmda-gfs2	unpinnable	1	17
pcp-pmda-hacluster	moderate	13	11
pcp-pmda-infiniband	unpinnable	1	10
pcp-pmda-logger	unpinnable	1	17
pcp-pmda-lustrecomm	unpinnable	1	12
pcp-pmda-mailq	unpinnable	1	8
pcp-pmda-mounts	moderate	9	10
pcp-pmda-nvidia-gpu	unpinnable	1	7
pcp-pmda-perfevent	unpinnable	5	30
pcp-pmda-podman	unpinnable	1	11
pcp-pmda-roomtemp	unpinnable	1	13
pcp-pmda-sendmail	unpinnable	1	15
pcp-pmda-shping	unpinnable	3	16
pcp-pmda-smart	moderate	8	5
pcp-pmda-sockets	unpinnable	1	14
pcp-pmda-statsd	unpinnable	1	20
pcp-pmda-summary	unpinnable	2	12
pcp-pmda-systemd	unpinnable	1	10
pcp-pmda-trace	unpinnable	1	15
pcp-pmda-weblog	unpinnable	3	24
pcp-system-tools	unpinnable	4	32
pcp-testsuite	unpinnable	7	40
pcre	moderate	11	13
pcre-cpp	unpinnable	2	8
pcre-utf16	moderate	10	9
pcre-utf32	moderate	10	8
pcre2	moderate	13	10
pcre2-tools	expensive	31	26
pcre2-utf16	moderate	10	10
pcre2-utf32	moderate	10	9
pcsc-lite	project	67	29
pcsc-lite-ccid	unpinnable	3	25
pcsc-lite-devel	unpinnable	1	7
pcsc-lite-libs	unpinnable	1	17
perf	unpinnable	17	47
perftest	project	69	26
peripety	unpinnable	4	19
perl-B	cheap	1	4
perl-Bit-Vector	cheap	2	6
perl-Class-XSAccessor	moderate	8	7
perl-Clone	cheap	1	1
perl-Compress-Bzip2	cheap	1	4
perl-Compress-Raw-Bzip2	cheap	4	3
perl-Compress-Raw-Lzma	cheap	1	4
perl-Compress-Raw-Zlib	cheap	4	6
perl-Crypt-OpenSSL-Bignum	cheap	1	2
perl-Crypt-OpenSSL-RSA	cheap	1	2
perl-Crypt-OpenSSL-Random	cheap	1	2
perl-DBD-MySQL	unpinnable	1	10
perl-DBD-Pg	moderate	11	9
perl-DBD-SQLite	cheap	5	6
perl-DBI	moderate	12	10
perl-DB_File	cheap	2	2
perl-Data-Dumper	cheap	4	5
perl-Data-UUID	moderate	16	12
perl-DateTime	cheap	1	1
perl-Devel-CallChecker	free	0	1
perl-Devel-Caller	cheap	1	1
perl-Devel-LexAlias	cheap	1	2
perl-Devel-PPPort	moderate	6	6
perl-Devel-Peek	cheap	1	1
perl-Devel-Size	cheap	1	2
perl-Digest-CRC	free	0	2
perl-Digest-MD5	free	0	3
perl-Digest-SHA	free	0	5
perl-Digest-SHA1	free	0	4
perl-Encode	cheap	2	5
perl-Encode-Detect	free	0	4
perl-FCGI	unpinnable	1	16
perl-Fcntl	free	0	1
perl-File-DosGlob	free	0	1
perl-Filter	unpinnable	2	6
perl-GDBM_File	free	0	4
perl-GSSAPI	cheap	1	4
perl-HTML-Parser	cheap	2	6
perl-Hash-Util	free	0	2
perl-Hash-Util-FieldHash	free	0	2
perl-I18N-Langinfo	free	0	3
perl-IO	cheap	4	3
perl-IO-Tty	unpinnable	1	8
perl-IPC-SysV	cheap	5	5
perl-JSON-XS	moderate	6	6
perl-List-MoreUtils-XS	cheap	1	3
perl-Locale-gettext	unpinnable	5	2
perl-MIME-Base64	cheap	1	2
perl-Math-BigInt-FastCalc	free	0	2
perl-Mozilla-LDAP	moderate	7	6
perl-NDBM_File	free	0	3
perl-NKF	unpinnable	1	10
perl-Net-SSLeay	unpinnable	1	11
perl-NetAddr-IP	cheap	3	2
perl-ODBM_File	cheap	1	6
perl-Opcode	free	0	4
perl-PCP-LogImport	free	0	1
perl-PCP-MMV	cheap	2	7
perl-PCP-PMDA	unpinnable	1	16
perl-POSIX	project	115	7
perl-Package-Stash-XS	cheap	1	3
perl-PadWalker	cheap	2	3
perl-Params-Classify	free	0	4
perl-Params-Util	cheap	1	3
perl-Params-Validate	cheap	1	3
perl-PathTools	moderate	6	6
perl-Perl-Destruct-Level	cheap	1	1
perl-PerlIO-utf8_strict	cheap	3	3
perl-Ref-Util-XS	free	0	1
perl-Scalar-List-Utils	cheap	1	3
perl-Socket	moderate	6	4
perl-Socket6	moderate	10	5
perl-Storable	cheap	1	5
perl-String-CRC32	cheap	1	2
perl-Sub-Identify	cheap	1	2
perl-Sub-Name	cheap	3	3
perl-Sys-CPU	moderate	7	4
perl-Sys-Guestfs	cheap	2	5
perl-Sys-Hostname	cheap	1	2
perl-Sys-MemInfo	cheap	3	3
perl-Sys-Syslog	cheap	5	2
perl-Sys-Virt	cheap	3	7
perl-Taint-Runtime	cheap	1	1
perl-TermReadKey	moderate	9	5
perl-Test-Taint	cheap	1	1
perl-Text-CharWidth	cheap	4	3
perl-Text-Soundex	cheap	2	2
perl-Time-HiRes	moderate	12	6
perl-Time-Piece	moderate	6	8
perl-Tk	unpinnable	1	19
perl-Unicode-Collate	cheap	1	3
perl-Unicode-LineBreak	moderate	6	6
perl-Unicode-Normalize	cheap	1	4
perl-Unicode-UTF8	free	0	2
perl-Unix-Syslog	cheap	5	2
perl-Variable-Magic	cheap	4	5
perl-XML-LibXML	unpinnable	1	9
perl-XML-Parser	cheap	2	5
perl-YAML-LibYAML	moderate	9	14
perl-YAML-Syck	unpinnable	1	18
perl-hivex	cheap	1	6
perl-interpreter	cheap	2	2
perl-ldns	cheap	2	5
perl-libintl-perl	unpinnable	5	1
perl-libs	unpinnable	26	36
perl-mro	cheap	1	2
perl-threads	expensive	21	7
perl-threads-shared	moderate	11	4
perl-version	cheap	4	3
pesign	unpinnable	5	24
pg_repack	unpinnable	3	25
pgaudit	cheap	1	5
php	unpinnable	8	37
php-bcmath	unpinnable	1	6
php-cli	unpinnable	9	39
php-common	unpinnable	10	23
php-dba	moderate	6	7
php-dbg	unpinnable	9	38
php-embedded	unpinnable	8	38
php-enchant	free	0	4
php-ffi	moderate	11	9
php-fpm	unpinnable	12	38
php-gd	cheap	2	9
php-gmp	cheap	2	2
php-intl	moderate	10	10
php-json	cheap	2	6
php-ldap	cheap	1	5
php-mbstring	moderate	9	9
php-mysqlnd	moderate	15	10
php-odbc	cheap	5	8
php-opcache	unpinnable	5	27
php-pdo	cheap	3	9
php-pecl-apcu	expensive	26	15
php-pecl-rrd	cheap	1	5
php-pecl-xdebug	unpinnable	1	25
php-pecl-xdebug3	unpinnable	1	27
php-pecl-zip	moderate	7	8
php-pgsql	moderate	10	7
php-process	expensive	44	8
php-recode	free	0	4
php-snmp	moderate	6	10
php-soap	moderate	19	15
php-xml	cheap	4	12
php-xmlrpc	unpinnable	3	8
pidgin	unpinnable	5	25
pigz	project	55	24
pinentry	unpinnable	3	28
pinentry-emacs	unpinnable	3	26
pinentry-gnome3	unpinnable	3	28
pinentry-gtk	unpinnable	3	28
pinfo	unpinnable	3	26
pipewire	moderate	19	21
pipewire-libs	unpinnable	8	29
pipewire-utils	expensive	32	24
pipewire0.2-libs	unpinnable	9	24
pixman	unpinnable	1	12
pkgconf	moderate	8	13
platform-python	cheap	2	2
platform-python-coverage	unpinnable	1	4
platform-python-debug	unpinnable	26	48
plotutils	unpinnable	3	30
plymouth	expensive	37	18
plymouth-core-libs	unpinnable	4	25
plymouth-devel	cheap	3	6
plymouth-graphics-libs	expensive	24	19
plymouth-plugin-fade-throbber	moderate	7	5
plymouth-plugin-label	cheap	2	3
plymouth-plugin-script	moderate	17	10
plymouth-plugin-space-flares	moderate	12	6
plymouth-plugin-throbgress	moderate	7	5
plymouth-plugin-two-step	unpinnable	1	7
pmdk-convert	unpinnable	3	32
pmempool	unpinnable	1	31
pmix	unpinnable	4	35
pnm2ppa	expensive	29	18
podman	unpinnable	9	31
podman-gvproxy	unpinnable	3	11
podman-plugins	unpinnable	3	10
podman-remote	unpinnable	9	30
policycoreutils	unpinnable	3	23
policycoreutils-devel	unpinnable	1	19
policycoreutils-newrole	unpinnable	5	18
policycoreutils-restorecond	unpinnable	3	16
policycoreutils-sandbox	unpinnable	3	16
polkit	unpinnable	9	20
polkit-libs	moderate	20	15
polkit-pkla-compat	unpinnable	2	5
poppler	unpinnable	3	29
poppler-cpp	unpinnable	3	11
poppler-glib	unpinnable	1	14
poppler-qt5	unpinnable	1	10
poppler-utils	expensive	37	21
popt	unpinnable	8	21
portreserve	expensive	29	16
postfix	unpinnable	5	29
postfix-cdb	cheap	3	5
postfix-ldap	moderate	7	5
postfix-mysql	cheap	2	3
postfix-pcre	cheap	2	4
postfix-pgsql	cheap	1	3
postfix-sqlite	free	0	3
postgres-decoderbufs	cheap	1	4
postgresql	unpinnable	6	34
postgresql-contrib	unpinnable	6	34
postgresql-docs	cheap	1	3
postgresql-odbc	expensive	39	18
postgresql-plperl	cheap	3	5
postgresql-plpython3	unpinnable	2	7
postgresql-pltcl	cheap	1	4
postgresql-private-libs	unpinnable	6	25
postgresql-server	unpinnable	17	37
postgresql-server-devel	unpinnable	5	29
postgresql-test	moderate	9	6
postgresql-upgrade	unpinnable	13	36
postgresql-upgrade-devel	project	67	26
potrace	expensive	22	22
powertop	unpinnable	4	30
ppp	unpinnable	5	40
pptp	unpinnable	1	22
prefixdevname	unpinnable	3	19
procmail	project	77	25
procps-ng	unpinnable	5	39
protobuf	unpinnable	1	14
protobuf-c	cheap	1	9
protobuf-c-compiler	moderate	15	7
protobuf-compiler	expensive	23	15
protobuf-lite	unpinnable	1	12
psacct	unpinnable	1	21
psmisc	unpinnable	4	30
pstoedit	unpinnable	3	21
ptscotch-mpich	unpinnable	3	29
ptscotch-openmpi	unpinnable	3	29
pulseaudio	unpinnable	8	25
pulseaudio-libs	unpinnable	14	34
pulseaudio-libs-glib2	cheap	1	2
pulseaudio-module-bluetooth	unpinnable	1	6
pulseaudio-module-x11	cheap	4	5
pulseaudio-utils	unpinnable	4	13
purple-sipe	unpinnable	5	13
pygobject2	moderate	6	6
pygtk2	unpinnable	1	8
python2	cheap	1	1
python2-Cython	cheap	1	4
python2-bson	moderate	8	8
python2-cairo	cheap	1	4
python2-coverage	unpinnable	1	4
python2-debug	unpinnable	23	44
python2-libs	unpinnable	23	44
python2-lxml	cheap	4	10
python2-markupsafe	free	0	2
python2-numpy	unpinnable	3	27
python2-psycopg2	moderate	18	11
python2-psycopg2-debug	moderate	18	11
python2-pymongo	cheap	4	5
python2-pyyaml	cheap	1	4
python2-scipy	unpinnable	3	26
python2-sqlalchemy	cheap	1	2
python2-test	unpinnable	1	9
python2-tkinter	unpinnable	1	7
python3-Cython	cheap	1	4
python3-abrt	free	0	2
python3-audit	moderate	7	14
python3-babeltrace	unpinnable	1	13
python3-brlapi	cheap	5	5
python3-brotli	cheap	2	8
python3-bson	moderate	8	8
python3-cairo	cheap	1	4
python3-cffi	unpinnable	1	17
python3-createrepo_c	cheap	3	4
python3-cryptography	cheap	1	6
python3-cups	unpinnable	4	20
python3-dbus	unpinnable	1	6
python3-dmidecode	unpinnable	1	23
python3-ethtool	unpinnable	1	11
python3-evdev	unpinnable	1	8
python3-freeradius	unpinnable	1	5
python3-gevent	cheap	3	6
python3-gobject	free	0	2
python3-gobject-base	cheap	4	8
python3-gpg	unpinnable	1	14
python3-greenlet	free	0	3
python3-gssapi	cheap	2	5
python3-hawkey	unpinnable	1	10
python3-hivex	cheap	1	7
python3-iscsi-initiator-utils	cheap	3	4
python3-kmod	free	0	2
python3-lasso	unpinnable	1	4
python3-ldap	cheap	2	5
python3-ldb	unpinnable	1	8
python3-ldns	moderate	8	16
python3-libcomps	cheap	1	8
python3-libdnf	moderate	9	14
python3-libguestfs	cheap	5	6
python3-libipa_hbac	cheap	2	4
python3-libmount	unpinnable	1	12
python3-libnbd	unpinnable	1	6
python3-libnl3	unpinnable	2	11
python3-libpfm	unpinnable	1	11
python3-librepo	cheap	1	7
python3-libreport	cheap	1	3
python3-libs	unpinnable	26	49
python3-libselinux	unpinnable	2	20
python3-libsemanage	cheap	4	11
python3-libsss_nss_idmap	cheap	1	4
python3-libstoragemgmt	free	0	3
python3-libuser	unpinnable	1	3
python3-libvirt	cheap	4	8
python3-libxml2	unpinnable	1	8
python3-lxml	cheap	4	9
python3-markupsafe	free	0	2
python3-mod_wsgi	unpinnable	1	17
python3-netifaces	moderate	12	9
python3-newt	free	0	3
python3-numpy	unpinnable	3	27
python3-openipmi	unpinnable	1	14
python3-pcp	unpinnable	1	9
python3-perf	unpinnable	6	29
python3-pillow	unpinnable	1	17
python3-pillow-tk	cheap	2	2
python3-psutil	unpinnable	3	9
python3-psycopg2	moderate	18	11
python3-pwquality	free	0	3
python3-pycurl	unpinnable	1	6
python3-pymongo	cheap	4	5
python3-pyodbc	moderate	13	7
python3-pyparted	cheap	4	5
python3-pyqt5-sip	unpinnable	2	6
python3-pyverbs	moderate	10	12
python3-pyxattr	moderate	13	5
python3-pyyaml	cheap	1	3
python3-qt5	cheap	2	5
python3-qt5-base	unpinnable	3	18
python3-reportlab	unpinnable	2	16
python3-rpm	unpinnable	1	8
python3-rrdtool	cheap	4	6
python3-samba	unpinnable	3	18
python3-samba-dc	cheap	1	3
python3-sanlock	cheap	1	6
python3-schedutils	unpinnable	1	4
python3-scipy	unpinnable	3	27
python3-setools	cheap	5	6
python3-solv	moderate	10	21
python3-sqlalchemy	cheap	1	2
python3-sss	unpinnable	4	14
python3-sss-murmur	free	0	2
python3-subscription-manager-rhsm	cheap	1	6
python3-subversion	cheap	2	9
python3-systemd	moderate	10	8
python3-talloc	unpinnable	1	2
python3-tbb	cheap	5	11
python3-tdb	free	0	4
python3-test	unpinnable	1	13
python3-tevent	free	0	2
python3-tkinter	unpinnable	1	5
python3-unbound	moderate	6	12
python3-urwid	free	0	2
python3-wx-siplib	unpinnable	2	6
python3.11	cheap	1	1
python3.11-Cython	cheap	1	4
python3.11-cffi	unpinnable	1	17
python3.11-cryptography	unpinnable	3	15
python3.11-debug	unpinnable	40	47
python3.11-libs	unpinnable	35	48
python3.11-lxml	cheap	4	9
python3.11-mod_wsgi	unpinnable	1	17
python3.11-numpy	unpinnable	3	26
python3.11-psycopg2	unpinnable	1	13
python3.11-psycopg2-debug	unpinnable	1	13
python3.11-pyyaml	cheap	1	3
python3.11-scipy	unpinnable	3	28
python3.11-test	unpinnable	1	11
python3.11-tkinter	unpinnable	1	5
python3.12	cheap	1	1
python3.12-Cython	cheap	1	4
python3.12-cffi	unpinnable	1	17
python3.12-cryptography	unpinnable	3	15
python3.12-debug	unpinnable	42	47
python3.12-libs	unpinnable	37	48
python3.12-lxml	cheap	4	9
python3.12-mod_wsgi	unpinnable	1	17
python3.12-numpy	unpinnable	3	26
python3.12-psycopg2	unpinnable	1	13
python3.12-psycopg2-debug	unpinnable	1	13
python3.12-pyyaml	cheap	1	3
python3.12-scipy	unpinnable	3	27
python3.12-test	unpinnable	2	14
python3.12-tkinter	unpinnable	1	5
python38	cheap	1	1
python38-Cython	cheap	1	4
python38-cffi	unpinnable	1	17
python38-cryptography	unpinnable	1	10
python38-debug	unpinnable	30	47
python38-libs	unpinnable	30	48
python38-lxml	cheap	4	9
python38-markupsafe	free	0	2
python38-mod_wsgi	unpinnable	1	17
python38-numpy	unpinnable	3	26
python38-psutil	unpinnable	3	9
python38-psycopg2	moderate	19	11
python38-pyyaml	cheap	1	3
python38-scipy	unpinnable	3	27
python38-test	unpinnable	1	13
python38-tkinter	unpinnable	1	5
python39	cheap	1	1
python39-Cython	cheap	1	4
python39-cffi	unpinnable	1	17
python39-cryptography	cheap	1	6
python39-debug	unpinnable	36	47
python39-libs	unpinnable	31	48
python39-lxml	cheap	4	9
python39-mod_wsgi	unpinnable	1	17
python39-numpy	unpinnable	3	25
python39-psutil	unpinnable	2	9
python39-psycopg2	moderate	19	11
python39-pyyaml	cheap	1	3
python39-scipy	unpinnable	3	25
python39-test	unpinnable	1	12
python39-tkinter	unpinnable	1	5
qatengine	unpinnable	5	12
qatlib	unpinnable	2	22
qatlib-service	unpinnable	2	18
qatlib-tests	unpinnable	5	22
qatzip	unpinnable	2	25
qatzip-libs	unpinnable	2	8
qemu-guest-agent	unpinnable	6	33
qemu-img	unpinnable	14	38
qemu-kvm-block-curl	cheap	4	3
qemu-kvm-block-gluster	cheap	4	4
qemu-kvm-block-iscsi	cheap	3	5
qemu-kvm-block-rbd	cheap	2	5
qemu-kvm-block-ssh	unpinnable	1	8
qemu-kvm-common	unpinnable	15	41
qemu-kvm-core	unpinnable	16	42
qemu-kvm-hw-usbredir	unpinnable	1	5
qemu-kvm-ui-opengl	unpinnable	1	5
qemu-kvm-ui-spice	unpinnable	1	12
qgnomeplatform	cheap	5	5
qgpgme	moderate	6	9
qpdf	moderate	8	10
qpdf-libs	unpinnable	2	19
qperf	project	59	21
qrencode	moderate	12	15
qrencode-libs	unpinnable	1	10
qt5-assistant	unpinnable	3	8
qt5-designer	unpinnable	1	7
qt5-doctools	unpinnable	2	14
qt5-linguist	unpinnable	3	12
qt5-qdbusviewer	cheap	2	5
qt5-qt3d	unpinnable	3	28
qt5-qt3d-devel	unpinnable	2	27
qt5-qt3d-examples	cheap	2	7
qt5-qtbase	unpinnable	17	41
qt5-qtbase-devel	unpinnable	6	29
qt5-qtbase-examples	unpinnable	3	15
qt5-qtbase-gui	project	62	20
qt5-qtbase-mysql	cheap	1	6
qt5-qtbase-odbc	cheap	3	8
qt5-qtbase-postgresql	cheap	4	5
qt5-qtcanvas3d	cheap	4	8
qt5-qtcanvas3d-examples	cheap	2	2
qt5-qtconnectivity	unpinnable	2	14
qt5-qtconnectivity-examples	cheap	3	7
qt5-qtdeclarative	unpinnable	2	22
qt5-qtdeclarative-devel	unpinnable	3	14
qt5-qtdeclarative-examples	unpinnable	3	10
qt5-qtgraphicaleffects	cheap	2	7
qt5-qtimageformats	cheap	4	7
qt5-qtlocation	project	63	22
qt5-qtlocation-examples	unpinnable	1	7
qt5-qtmultimedia	moderate	12	12
qt5-qtmultimedia-examples	unpinnable	1	8
qt5-qtquickcontrols	cheap	5	7
qt5-qtquickcontrols-examples	cheap	3	7
qt5-qtquickcontrols2	moderate	6	8
qt5-qtquickcontrols2-examples	cheap	2	7
qt5-qtscript	unpinnable	2	17
qt5-qtscript-examples	unpinnable	3	9
qt5-qtsensors	moderate	6	10
qt5-qtsensors-examples	cheap	2	7
qt5-qtserialbus	unpinnable	1	10
qt5-qtserialbus-examples	cheap	2	5
qt5-qtserialport	moderate	12	8
qt5-qtserialport-examples	unpinnable	2	4
qt5-qtsvg	moderate	8	7
qt5-qtsvg-examples	cheap	5	6
qt5-qttools	unpinnable	2	6
qt5-qttools-devel	unpinnable	1	8
qt5-qttools-examples	cheap	3	5
qt5-qttools-libs-designer	unpinnable	1	6
qt5-qttools-libs-designercomponents	cheap	2	5
qt5-qttools-libs-help	cheap	1	5
qt5-qtwayland	unpinnable	2	16
qt5-qtwayland-devel	unpinnable	1	5
qt5-qtwayland-examples	cheap	2	7
qt5-qtwebchannel	unpinnable	1	8
qt5-qtwebchannel-examples	cheap	1	4
qt5-qtwebsockets	cheap	1	5
qt5-qtwebsockets-devel	cheap	1	7
qt5-qtwebsockets-examples	unpinnable	1	5
qt5-qtx11extras	free	0	2
qt5-qtxmlpatterns	unpinnable	1	8
qt5-qtxmlpatterns-devel	unpinnable	2	4
qt5-qtxmlpatterns-examples	cheap	2	5
quota	unpinnable	7	25
quota-nld	unpinnable	5	19
quota-rpc	unpinnable	7	20
quota-warnquota	unpinnable	5	22
radvd	unpinnable	1	27
raptor2	unpinnable	3	23
rarian	unpinnable	3	21
rarian-compat	expensive	27	20
rasdaemon	project	54	26
rasqal	unpinnable	3	24
rdma-core	expensive	27	15
re2c	moderate	20	16
readline	unpinnable	3	25
realmd	unpinnable	4	14
recode	unpinnable	4	30
redis	unpinnable	11	45
redland	unpinnable	1	24
rest	cheap	2	5
rhnsd	unpinnable	3	17
rhythmbox	unpinnable	5	24
rmt	unpinnable	3	19
rng-tools	unpinnable	3	28
rpaste	unpinnable	3	9
rpcbind	unpinnable	2	23
rpcgen	unpinnable	2	22
rpm	unpinnable	3	12
rpm-build	unpinnable	4	23
rpm-build-libs	unpinnable	6	25
rpm-devel	unpinnable	2	7
rpm-libs	unpinnable	7	37
rpm-ostree	unpinnable	19	43
rpm-ostree-libs	unpinnable	3	20
rpm-plugin-fapolicyd	cheap	4	8
rpm-plugin-ima	cheap	2	4
rpm-plugin-prioreset	unpinnable	2	3
rpm-plugin-selinux	free	0	4
rpm-plugin-syslog	cheap	3	2
rpm-plugin-systemd-inhibit	cheap	1	3
rpm-sign	unpinnable	4	11
rpmemd	unpinnable	1	31
rrdtool	unpinnable	4	30
rrdtool-lua	cheap	3	3
rrdtool-perl	cheap	4	6
rrdtool-ruby	cheap	3	4
rrdtool-tcl	moderate	7	8
rshim	unpinnable	4	22
rsync	unpinnable	4	29
rsyslog	unpinnable	15	35
rsyslog-crypto	unpinnable	1	17
rsyslog-elasticsearch	moderate	11	12
rsyslog-gnutls	moderate	13	10
rsyslog-gssapi	moderate	15	11
rsyslog-kafka	moderate	17	11
rsyslog-mmaudit	cheap	1	5
rsyslog-mmfields	cheap	3	5
rsyslog-mmjsonparse	cheap	2	8
rsyslog-mmkubernetes	moderate	11	12
rsyslog-mmnormalize	cheap	3	7
rsyslog-mmsnmptrapd	cheap	3	9
rsyslog-mysql	cheap	3	8
rsyslog-omamqp1	unpinnable	1	22
rsyslog-openssl	moderate	13	9
rsyslog-pgsql	cheap	3	6
rsyslog-relp	moderate	8	11
rsyslog-snmp	cheap	5	7
rsyslog-udpspoof	moderate	10	5
rt-tests	unpinnable	4	35
rtkit	unpinnable	6	16
rtla	unpinnable	2	18
ruby	cheap	2	2
ruby-bundled-gems	cheap	1	2
ruby-hivex	cheap	1	6
ruby-libguestfs	unpinnable	1	7
ruby-libs	unpinnable	21	43
rubygem-bigdecimal	moderate	6	8
rubygem-bson	cheap	5	6
rubygem-io-console	moderate	6	2
rubygem-json	cheap	1	3
rubygem-mysql2	unpinnable	1	9
rubygem-openssl	unpinnable	1	10
rubygem-pg	moderate	10	9
rubygem-psych	free	0	3
rubygem-racc	free	0	2
rubygem-rbs	cheap	2	5
runc	unpinnable	7	16
rust	unpinnable	15	28
rust-analyzer	unpinnable	8	9
rust-std-static	unpinnable	11	22
rustfmt	unpinnable	6	16
samba	unpinnable	3	26
samba-client	unpinnable	3	35
samba-client-libs	unpinnable	20	41
samba-common-libs	unpinnable	1	23
samba-common-tools	unpinnable	7	30
samba-dc-libs	free	0	3
samba-dcerpc	unpinnable	4	30
samba-krb5-printing	unpinnable	1	9
samba-ldb-ldap-modules	unpinnable	1	6
samba-libs	unpinnable	2	16
samba-test	unpinnable	8	36
samba-test-libs	cheap	1	4
samba-vfs-iouring	free	0	3
samba-winbind	unpinnable	1	19
samba-winbind-clients	unpinnable	4	18
samba-winbind-krb5-locator	unpinnable	1	13
samba-winbind-modules	unpinnable	3	19
samba-winexe	unpinnable	2	8
sane-backends	unpinnable	3	33
sane-backends-daemon	project	53	20
sane-backends-drivers-cameras	unpinnable	2	20
sane-backends-drivers-scanners	unpinnable	5	35
sane-backends-libs	unpinnable	3	27
sane-frontends	unpinnable	1	27
sanlk-reset	expensive	31	13
sanlock	unpinnable	6	29
sanlock-lib	expensive	28	16
satyr	unpinnable	2	21
sbc	moderate	14	13
sbd	unpinnable	3	25
sblim-cmpi-base	unpinnable	1	23
sblim-gather	unpinnable	2	26
sblim-gather-provider	unpinnable	1	14
sblim-indication_helper	unpinnable	1	9
sblim-sfcCommon	moderate	9	10
sblim-sfcb	unpinnable	3	35
sblim-sfcc	unpinnable	1	24
sblim-wbemcli	expensive	29	18
scap-workbench	moderate	7	8
scl-utils	expensive	29	23
scotch	unpinnable	3	30
scrub	expensive	38	18
seahorse	unpinnable	5	11
sed	unpinnable	7	30
sendmail	project	154	31
sendmail-milter	expensive	46	13
setroubleshoot-server	moderate	11	7
setserial	moderate	9	10
sevctl	unpinnable	9	18
sg3_utils	project	71	32
sg3_utils-libs	unpinnable	2	16
sgpio	moderate	18	9
shadow-utils	unpinnable	18	39
shadow-utils-subid	unpinnable	19	35
shared-mime-info	moderate	15	19
sharutils	unpinnable	3	35
sip	moderate	18	24
skopeo	unpinnable	7	28
slang	unpinnable	3	33
slapi-nis	project	57	17
slirp4netns	unpinnable	6	27
smartmontools	project	76	28
smc-tools	unpinnable	1	23
snappy	cheap	4	5
socat	unpinnable	1	36
socket_wrapper	unpinnable	1	14
softhsm	project	65	28
sombok	cheap	3	7
soundtouch	moderate	14	13
source-highlight	unpinnable	3	25
spamassassin	expensive	46	19
spax	unpinnable	4	29
speech-dispatcher	unpinnable	5	29
speech-dispatcher-espeak-ng	expensive	39	17
speex	unpinnable	1	10
speexdsp	unpinnable	1	8
spice-glib	unpinnable	3	23
spice-gtk-tools	moderate	8	13
spice-gtk3	cheap	2	6
spice-server	unpinnable	1	26
spice-streaming-agent	expensive	40	22
spice-vdagent	expensive	32	18
spirv-tools	unpinnable	1	24
spirv-tools-libs	expensive	31	11
splix	expensive	38	17
sqlite	unpinnable	1	35
sqlite-libs	unpinnable	1	20
squashfs-tools	project	88	34
squid	unpinnable	8	38
srp_daemon	project	53	21
sscg	unpinnable	1	14
sshpass	expensive	24	15
sssd-ad	unpinnable	2	20
sssd-client	unpinnable	4	18
sssd-common	unpinnable	13	40
sssd-common-pac	unpinnable	1	15
sssd-dbus	unpinnable	1	15
sssd-idp	unpinnable	1	14
sssd-ipa	unpinnable	2	19
sssd-kcm	unpinnable	1	15
sssd-krb5	free	0	2
sssd-krb5-common	unpinnable	4	22
sssd-ldap	free	0	2
sssd-nfs-idmap	unpinnable	1	14
sssd-proxy	unpinnable	1	11
sssd-tools	unpinnable	3	23
sssd-winbind-idmap	free	0	3
stalld	unpinnable	1	21
star	unpinnable	4	29
startup-notification	unpinnable	1	12
strace	unpinnable	5	29
stratisd	unpinnable	9	22
stratisd-dracut	unpinnable	2	18
stress-ng	unpinnable	73	46
stunnel	unpinnable	1	26
subscription-manager	unpinnable	3	13
subversion	unpinnable	4	15
subversion-gnome	free	0	2
subversion-libs	unpinnable	7	24
subversion-perl	moderate	12	9
subversion-ruby	unpinnable	2	7
subversion-tools	unpinnable	4	22
sudo	unpinnable	13	39
suitesparse	unpinnable	3	20
supermin	unpinnable	3	31
sushi	cheap	2	5
swig	expensive	36	28
switcheroo-control	cheap	3	6
swtpm	moderate	19	11
swtpm-libs	unpinnable	1	23
swtpm-tools	unpinnable	1	23
symlinks	moderate	15	12
synce4l	expensive	37	21
sysfsutils	moderate	8	15
syslinux	expensive	44	23
syslinux-extlinux	unpinnable	3	18
sysstat	unpinnable	3	29
system-config-printer-udev	expensive	25	18
systemd	unpinnable	46	51
systemd-container	unpinnable	39	46
systemd-journal-remote	expensive	25	20
systemd-libs	unpinnable	36	45
systemd-pam	unpinnable	36	45
systemd-tests	unpinnable	41	47
systemd-udev	unpinnable	11	39
systemtap-client	unpinnable	4	33
systemtap-devel	unpinnable	4	33
systemtap-runtime	unpinnable	12	40
systemtap-runtime-java	cheap	1	3
systemtap-runtime-python3	free	0	3
systemtap-runtime-virthost	moderate	14	12
systemtap-server	unpinnable	5	24
taglib	expensive	21	13
tang	expensive	21	14
tar	unpinnable	7	35
tbb	unpinnable	3	23
tboot	expensive	27	18
tcl	unpinnable	4	30
tcl-brlapi	cheap	1	4
tcpdump	unpinnable	1	27
tcsh	unpinnable	5	26
tdb-tools	unpinnable	3	18
teamd	unpinnable	1	20
teckit	moderate	14	19
telnet	unpinnable	2	26
telnet-server	project	64	23
tesseract	unpinnable	4	29
texlive-bibtex	moderate	18	11
texlive-dvipng	expensive	32	22
texlive-dvips	expensive	42	29
texlive-dvisvgm	project	87	29
texlive-fontware	moderate	12	10
texlive-gsftopk	expensive	33	14
texlive-kpathsea	moderate	12	10
texlive-lib	unpinnable	4	38
texlive-luatex	project	157	43
texlive-makeindex	moderate	19	17
texlive-metafont	expensive	25	20
texlive-metapost	project	63	29
texlive-mfware	moderate	14	12
texlive-pdftex	project	59	29
texlive-tex	expensive	31	19
texlive-tex4ht	expensive	21	14
texlive-xdvi	unpinnable	3	32
texlive-xetex	project	84	33
tftp	expensive	32	20
tftp-server	project	69	21
theora-tools	expensive	31	22
thermald	unpinnable	4	21
thunderbird	unpinnable	19	55
tigervnc	unpinnable	7	29
tigervnc-server	unpinnable	2	28
tigervnc-server-minimal	unpinnable	8	43
tigervnc-server-module	unpinnable	2	25
time	moderate	13	14
timedatex	unpinnable	1	8
tinycdb	expensive	22	20
tinyxml2	unpinnable	1	12
tix	unpinnable	1	15
tk	expensive	36	16
tlog	unpinnable	4	23
tmpwatch	unpinnable	1	20
tmux	unpinnable	1	32
tog-pegasus	expensive	22	15
tog-pegasus-libs	unpinnable	7	32
tokyocabinet	unpinnable	3	27
toolbox	unpinnable	3	11
torque	expensive	21	16
torque-libs	unpinnable	5	38
totem	unpinnable	5	11
totem-nautilus	unpinnable	2	2
totem-pl-parser	unpinnable	3	16
tpm-quote-tools	unpinnable	3	14
tpm-tools	unpinnable	6	24
tpm-tools-pkcs11	unpinnable	6	16
tpm2-abrmd	moderate	19	11
tpm2-pkcs11	unpinnable	1	18
tpm2-tools	expensive	33	29
tpm2-tss	unpinnable	1	14
trace-cmd	unpinnable	2	33
traceroute	expensive	46	23
tracker	unpinnable	8	21
tracker-miners	unpinnable	8	21
transfig	unpinnable	3	34
tree	expensive	36	17
trousers	project	70	23
trousers-lib	unpinnable	4	17
tss2	unpinnable	1	25
ttmkfdir	expensive	29	22
turbojpeg	unpinnable	1	14
twolame-libs	unpinnable	1	6
ucx	unpinnable	15	32
ucx-cma	unpinnable	3	4
ucx-ib	expensive	33	11
ucx-rdmacm	moderate	7	8
udftools	project	60	23
udisks2	unpinnable	1	20
udisks2-iscsi	free	0	5
udisks2-lsm	free	0	5
udisks2-lvm2	cheap	3	5
uid_wrapper	unpinnable	1	10
unbound	unpinnable	5	34
unbound-libs	unpinnable	3	32
unifdef	expensive	24	16
units	unpinnable	3	27
unixODBC	unpinnable	4	28
unzip	unpinnable	3	38
upower	expensive	21	12
urlview	moderate	19	15
usb_modeswitch	expensive	22	18
usbguard	unpinnable	1	15
usbguard-dbus	cheap	5	5
usbguard-notifier	moderate	9	5
usbguard-tools	cheap	4	5
usbmuxd	project	68	22
usbredir	unpinnable	1	8
usbutils	unpinnable	3	21
usermode	unpinnable	4	20
usermode-gtk	unpinnable	5	17
userspace-rcu	unpinnable	3	10
ustr	unpinnable	1	16
utf8proc	cheap	1	4
util-linux	unpinnable	32	48
util-linux-user	unpinnable	4	18
uuid	expensive	21	21
uuidd	unpinnable	4	23
vala	unpinnable	2	29
valgrind	unpinnable	1	18
valgrind-gdb	unpinnable	1	24
varnish	unpinnable	9	35
varnish-modules	moderate	14	9
vdo	unpinnable	6	24
vdo-support	unpinnable	6	24
veritysetup	unpinnable	3	20
vhostmd	unpinnable	3	21
vim-X11	unpinnable	8	45
vim-common	moderate	10	15
vim-enhanced	unpinnable	8	45
vim-minimal	unpinnable	3	40
vinagre	unpinnable	5	11
vino	unpinnable	5	21
virt-dib	unpinnable	11	36
virt-top	unpinnable	9	33
virt-v2v	unpinnable	11	39
virt-viewer	unpinnable	5	11
virt-what	cheap	2	3
vm-dump-metrics	unpinnable	2	18
voikko-tools	moderate	16	9
volume_key	unpinnable	3	15
volume_key-libs	unpinnable	1	10
vorbis-tools	unpinnable	6	28
vsftpd	unpinnable	4	20
vte291	unpinnable	2	12
vte291-devel	unpinnable	2	3
vulkan-loader	unpinnable	1	17
vulkan-tools	expensive	21	17
vulkan-validation-layers	unpinnable	2	17
watchdog	unpinnable	7	28
wavpack	unpinnable	4	29
wayland-devel	moderate	16	18
webkit2gtk3	unpinnable	9	35
webkit2gtk3-devel	unpinnable	1	7
webkit2gtk3-jsc	unpinnable	11	33
webkit2gtk3-jsc-devel	unpinnable	3	18
webrtc-audio-processing	unpinnable	6	20
weldr-client	unpinnable	3	10
wget	unpinnable	8	38
which	expensive	22	17
whois	unpinnable	6	23
wireshark	unpinnable	3	25
wireshark-cli	unpinnable	8	35
wodim	unpinnable	1	28
woff2	unpinnable	1	7
wpa_supplicant	project	97	32
wpebackend-fdo	moderate	6	7
wsmancli	moderate	9	11
x3270	project	107	37
x3270-text	project	103	37
x3270-x11	project	103	37
xapian-core	moderate	14	10
xapian-core-libs	project	73	19
xcb-util	cheap	1	4
xcb-util-image	unpinnable	1	7
xcb-util-keysyms	cheap	1	3
xcb-util-renderutil	cheap	3	4
xcb-util-wm	cheap	2	7
xdelta	expensive	29	21
xdg-desktop-portal	unpinnable	4	22
xdg-desktop-portal-gtk	unpinnable	4	10
xdg-user-dirs	unpinnable	6	17
xdg-user-dirs-gtk	unpinnable	4	9
xdp-tools	project	54	24
xfsdump	unpinnable	4	31
xfsprogs	unpinnable	13	41
xinetd	unpinnable	4	28
xmlrpc-c	unpinnable	3	24
xmlrpc-c-c++	unpinnable	3	17
xmlrpc-c-client	unpinnable	1	10
xmlrpc-c-client++	cheap	2	5
xmlsec1	moderate	12	18
xmlsec1-gcrypt	cheap	2	4
xmlsec1-gnutls	cheap	2	5
xmlsec1-nss	cheap	2	8
xmlsec1-openssl	cheap	3	10
xmlstarlet	expensive	22	17
xmlto	moderate	12	10
xorg-x11-apps	unpinnable	6	34
xorg-x11-drv-ati	moderate	13	16
xorg-x11-drv-dummy	cheap	1	4
xorg-x11-drv-evdev	moderate	10	10
xorg-x11-drv-fbdev	cheap	2	4
xorg-x11-drv-intel	unpinnable	1	26
xorg-x11-drv-libinput	moderate	11	9
xorg-x11-drv-nouveau	moderate	7	11
xorg-x11-drv-qxl	unpinnable	1	16
xorg-x11-drv-v4l	moderate	6	12
xorg-x11-drv-vesa	cheap	3	5
xorg-x11-drv-vmware	moderate	10	12
xorg-x11-drv-wacom	expensive	29	23
xorg-x11-drv-wacom-devel	moderate	18	10
xorg-x11-drv-wacom-serial-support	moderate	20	12
xorg-x11-font-utils	expensive	47	25
xorg-x11-server-Xdmx	unpinnable	5	44
xorg-x11-server-Xephyr	unpinnable	5	42
xorg-x11-server-Xnest	unpinnable	6	40
xorg-x11-server-Xorg	unpinnable	10	42
xorg-x11-server-Xspice	unpinnable	3	18
xorg-x11-server-Xvfb	unpinnable	6	41
xorg-x11-server-Xwayland	unpinnable	5	42
xorg-x11-server-utils	project	69	32
xorg-x11-utils	unpinnable	3	27
xorg-x11-xauth	expensive	30	24
xorg-x11-xinit	expensive	28	16
xorg-x11-xkb-utils	expensive	29	21
xorriso	cheap	2	5
xrestop	moderate	8	6
xsane	unpinnable	4	31
xsane-gimp	unpinnable	4	31
xterm	project	97	35
xterm-resize	moderate	18	18
xxhash	moderate	8	21
xxhash-libs	free	0	6
xz	unpinnable	4	27
xz-libs	expensive	21	8
xz-lzma-compat	unpinnable	3	13
yajl	moderate	11	14
yara	unpinnable	3	24
yasm	unpinnable	2	29
yelp	unpinnable	4	4
yelp-libs	unpinnable	2	10
yp-tools	unpinnable	4	21
ypbind	unpinnable	6	20
ypserv	unpinnable	13	34
zenity	unpinnable	4	7
zip	project	58	39
zlib	moderate	7	11
zsh	unpinnable	5	40
zstd	expensive	44	28
zziplib	unpinnable	1	16
zziplib-utils	moderate	14	19
