__argc	data	-	__argc
__argv	data	-	__argv
__check_rhosts_file	data	-	__check_rhosts_file
__ctype_ptr__	data	-	__ctype_ptr__
__cygwin_user_data	data	-	__cygwin_user_data
__mb_cur_max	data	-	__mb_cur_max
__progname	data	-	__progname
__rcmd_errstr	data	-	__rcmd_errstr
__stack_chk_guard	data	-	__stack_chk_guard
_check_for_executable	data	-	_check_for_executable
_ctype_	data	-	_ctype_
_daylight	data	-	_daylight
_fe_dfl_env	data	-	_fe_dfl_env
_fe_nomask_env	data	-	_fe_nomask_env
_impure_ptr	data	-	_impure_ptr
_sys_errlist	data	-	_sys_errlist
_sys_nerr	data	-	_sys_nerr
_timezone	data	-	_timezone
_tzname	data	-	_tzname
environ	data	-	environ
error_message_count	data	-	error_message_count
error_one_per_line	data	-	error_one_per_line
error_print_progname	data	-	error_print_progname
h_errno	data	-	h_errno
in6addr_any	data	-	in6addr_any
in6addr_loopback	data	-	in6addr_loopback
optarg	data	-	optarg
opterr	data	-	opterr
optind	data	-	optind
optopt	data	-	optopt
optreset	data	-	optreset
program_invocation_name	data	-	program_invocation_name
program_invocation_short_name	data	-	program_invocation_short_name
reent_data	data	-	reent_data
sys_errlist	data	-	_sys_errlist
sys_nerr	data	-	_sys_nerr
sys_sigabbrev	data	-	sys_sigabbrev
sys_siglist	data	-	sys_siglist
__assert	sv2ms	NOSIGFE	__assert
__assert_func	sv2ms	NOSIGFE	__assert_func
__assertfail	sv2ms	NOSIGFE	__assertfail
__b64_ntop	sv2ms	NOSIGFE	__b64_ntop
__b64_pton	sv2ms	NOSIGFE	__b64_pton
__bsd_qsort_r	sv2ms	NOSIGFE	__bsd_qsort_r
__chk_fail	sv2ms	SIGFE	__chk_fail
__cpuset_alloc	sv2ms	SIGFE	__cpuset_alloc
__cpuset_free	sv2ms	SIGFE	__cpuset_free
__cxa_atexit	sv2ms	SIGFE	cygwin__cxa_atexit
__cxa_finalize	sv2ms	SIGFE	__cxa_finalize
__dn_comp	sv2ms	SIGFE	__dn_comp
__dn_expand	sv2ms	SIGFE	__dn_expand
__dn_skipname	sv2ms	SIGFE	__dn_skipname
__eprintf	sv2ms	SIGFE	__eprintf
__errno	sv2ms	NOSIGFE	__errno
__fbufsize	sv2ms	NOSIGFE	__fbufsize
__flbf	sv2ms	NOSIGFE	__flbf
__fpclassifyd	sv2ms	NOSIGFE	__fpclassifyd
__fpclassifyf	sv2ms	NOSIGFE	__fpclassifyf
__fpending	sv2ms	NOSIGFE	__fpending
__fpurge	sv2ms	SIGFE	__fpurge
__freadable	sv2ms	NOSIGFE	__freadable
__freading	sv2ms	NOSIGFE	__freading
__fsetlocking	sv2ms	SIGFE	__fsetlocking
__fwritable	sv2ms	NOSIGFE	__fwritable
__fwriting	sv2ms	NOSIGFE	__fwriting
__getpagesize	sv2ms	SIGFE	getpagesize
__getreent	sv2ms	NOSIGFE	__getreent
__gets_chk	sv2ms	SIGFE	__gets_chk
__gnu_basename	sv2ms	NOSIGFE	__gnu_basename
__infinity	sv2ms	NOSIGFE	__infinity
__isinfd	sv2ms	NOSIGFE	isinf
__isinff	sv2ms	NOSIGFE	isinff
__isnand	sv2ms	NOSIGFE	isnan
__isnanf	sv2ms	NOSIGFE	isnanf
__locale_ctype_ptr	sv2ms	NOSIGFE	__locale_ctype_ptr
__locale_ctype_ptr_l	sv2ms	NOSIGFE	__locale_ctype_ptr_l
__locale_mb_cur_max	sv2ms	NOSIGFE	__locale_mb_cur_max
__main	sv2ms	NOSIGFE	__main
__memcpy_chk	sv2ms	NOSIGFE	__memcpy_chk
__memmove_chk	sv2ms	NOSIGFE	__memmove_chk
__mempcpy	sv2ms	NOSIGFE	mempcpy
__mempcpy_chk	sv2ms	NOSIGFE	__mempcpy_chk
__memset_chk	sv2ms	NOSIGFE	__memset_chk
__opendir_with_d_ino	sv2ms	SIGFE	__opendir_with_d_ino
__res_close	sv2ms	SIGFE	__res_close
__res_init	sv2ms	SIGFE	__res_init
__res_mkquery	sv2ms	SIGFE	__res_mkquery
__res_nclose	sv2ms	SIGFE	__res_nclose
__res_ninit	sv2ms	SIGFE	__res_ninit
__res_nmkquery	sv2ms	SIGFE	__res_nmkquery
__res_nquery	sv2ms	SIGFE	__res_nquery
__res_nquerydomain	sv2ms	SIGFE	__res_nquerydomain
__res_nsearch	sv2ms	SIGFE	__res_nsearch
__res_nsend	sv2ms	SIGFE	__res_nsend
__res_query	sv2ms	SIGFE	__res_query
__res_querydomain	sv2ms	SIGFE	__res_querydomain
__res_search	sv2ms	SIGFE	__res_search
__res_send	sv2ms	SIGFE	__res_send
__res_state	sv2ms	SIGFE	__res_state
__sched_getaffinity_sys	sv2ms	SIGFE	__sched_getaffinity_sys
__signbitd	sv2ms	NOSIGFE	__signbitd
__signbitf	sv2ms	NOSIGFE	__signbitf
__signgam	sv2ms	NOSIGFE	__signgam
__snprintf_chk	variadic	SIGFE	__snprintf_chk
__sprintf_chk	variadic	SIGFE	__sprintf_chk
__srget	sv2ms	SIGFE	__srget
__srget_r	sv2ms	SIGFE	__srget_r
__stack_chk_fail	sv2ms	SIGFE	__stack_chk_fail
__stack_chk_fail_local	sv2ms	SIGFE	__stack_chk_fail
__stpcpy_chk	sv2ms	NOSIGFE	__stpcpy_chk
__stpncpy_chk	sv2ms	NOSIGFE	__stpncpy_chk
__strcat_chk	sv2ms	NOSIGFE	__strcat_chk
__strcpy_chk	sv2ms	NOSIGFE	__strcpy_chk
__strncat_chk	sv2ms	NOSIGFE	__strncat_chk
__strncpy_chk	sv2ms	NOSIGFE	__strncpy_chk
__swbuf	sv2ms	SIGFE	__swbuf
__swbuf_r	sv2ms	SIGFE	__swbuf_r
__vsnprintf_chk	variadic	SIGFE	__vsnprintf_chk
__vsprintf_chk	variadic	SIGFE	__vsprintf_chk
__wrap__ZdaPv	sv2ms	NOSIGFE	__wrap__ZdaPv
__wrap__ZdaPvRKSt9nothrow_t	sv2ms	NOSIGFE	__wrap__ZdaPvRKSt9nothrow_t
__wrap__ZdlPv	sv2ms	NOSIGFE	__wrap__ZdlPv
__wrap__ZdlPvRKSt9nothrow_t	sv2ms	NOSIGFE	__wrap__ZdlPvRKSt9nothrow_t
__wrap__Znam	sv2ms	NOSIGFE	__wrap__Znam
__wrap__ZnamRKSt9nothrow_t	sv2ms	NOSIGFE	__wrap__ZnamRKSt9nothrow_t
__wrap__Znwm	sv2ms	NOSIGFE	__wrap__Znwm
__wrap__ZnwmRKSt9nothrow_t	sv2ms	NOSIGFE	__wrap__ZnwmRKSt9nothrow_t
__xdrrec_getrec	sv2ms	SIGFE	__xdrrec_getrec
__xdrrec_setnonblock	sv2ms	SIGFE	__xdrrec_setnonblock
__xpg_sigpause	sv2ms	SIGFE	__xpg_sigpause
__xpg_strerror_r	sv2ms	SIGFE	__xpg_strerror_r
_alloca	sv2ms	NOSIGFE	__alloca
_dll_crt0	sv2ms	NOSIGFE	_dll_crt0
_Exit	sv2ms	SIGFE	_Exit
_exit	sv2ms	SIGFE	_exit
_feinitialise	sv2ms	NOSIGFE	_feinitialise
_fscanf_r	variadic	SIGFE	_fscanf_r
_get_osfhandle	sv2ms	SIGFE	_get_osfhandle
_longjmp	sv2ms	NOSIGFE	longjmp
_pipe	sv2ms	SIGFE	_pipe
_pthread_cleanup_pop	sv2ms	SIGFE	_pthread_cleanup_pop
_pthread_cleanup_push	sv2ms	SIGFE	_pthread_cleanup_push
_setjmp	sv2ms	NOSIGFE	setjmp
_setmode	sv2ms	SIGFE	cygwin_setmode
a64l	sv2ms	NOSIGFE	a64l
abort	sv2ms	NOSIGFE	abort
abs	sv2ms	NOSIGFE	abs
accept	sv2ms	SIGFE	cygwin_accept
accept4	sv2ms	SIGFE	accept4
access	sv2ms	SIGFE	access
acl	sv2ms	SIGFE	acl
acl_add_perm	sv2ms	NOSIGFE	acl_add_perm
acl_calc_mask	sv2ms	SIGFE	acl_calc_mask
acl_check	sv2ms	NOSIGFE	acl_check
acl_clear_perms	sv2ms	NOSIGFE	acl_clear_perms
acl_cmp	sv2ms	SIGFE	acl_cmp
acl_copy_entry	sv2ms	NOSIGFE	acl_copy_entry
acl_copy_ext	sv2ms	NOSIGFE	acl_copy_ext
acl_copy_int	sv2ms	NOSIGFE	acl_copy_int
acl_create_entry	sv2ms	SIGFE	acl_create_entry
acl_delete_def_file	sv2ms	SIGFE	acl_delete_def_file
acl_delete_entry	sv2ms	NOSIGFE	acl_delete_entry
acl_delete_perm	sv2ms	NOSIGFE	acl_delete_perm
acl_dup	sv2ms	SIGFE	acl_dup
acl_entries	sv2ms	NOSIGFE	acl_entries
acl_equiv_mode	sv2ms	SIGFE	acl_equiv_mode
acl_error	sv2ms	NOSIGFE	acl_error
acl_extended_fd	sv2ms	SIGFE	acl_extended_fd
acl_extended_file	sv2ms	SIGFE	acl_extended_file
acl_extended_file_nofollow	sv2ms	SIGFE	acl_extended_file_nofollow
acl_free	sv2ms	SIGFE	acl_free
acl_from_mode	sv2ms	NOSIGFE	acl_from_mode
acl_from_text	sv2ms	SIGFE	acl_from_text
acl_get_entry	sv2ms	NOSIGFE	acl_get_entry
acl_get_fd	sv2ms	SIGFE	acl_get_fd
acl_get_file	sv2ms	SIGFE	acl_get_file
acl_get_perm	sv2ms	NOSIGFE	acl_get_perm
acl_get_permset	sv2ms	NOSIGFE	acl_get_permset
acl_get_qualifier	sv2ms	SIGFE	acl_get_qualifier
acl_get_tag_type	sv2ms	NOSIGFE	acl_get_tag_type
acl_init	sv2ms	SIGFE	acl_init
acl_set_fd	sv2ms	SIGFE	acl_set_fd
acl_set_file	sv2ms	SIGFE	acl_set_file
acl_set_permset	sv2ms	NOSIGFE	acl_set_permset
acl_set_qualifier	sv2ms	NOSIGFE	acl_set_qualifier
acl_set_tag_type	sv2ms	NOSIGFE	acl_set_tag_type
acl_size	sv2ms	NOSIGFE	acl_size
acl_to_any_text	sv2ms	SIGFE	acl_to_any_text
acl_to_text	sv2ms	SIGFE	acl_to_text
acl_valid	sv2ms	NOSIGFE	acl_valid
aclcheck	sv2ms	NOSIGFE	aclcheck
aclfrommode	sv2ms	SIGFE	aclfrommode
aclfrompbits	sv2ms	SIGFE	aclfrompbits
aclfromtext	sv2ms	SIGFE	aclfromtext
aclsort	sv2ms	SIGFE	aclsort
acltomode	sv2ms	SIGFE	acltomode
acltopbits	sv2ms	SIGFE	acltopbits
acltotext	sv2ms	SIGFE	acltotext
acos	sv2ms	NOSIGFE	acos
acosf	sv2ms	NOSIGFE	acosf
acosh	sv2ms	NOSIGFE	acosh
acoshf	sv2ms	NOSIGFE	acoshf
acoshl	sv2ms	NOSIGFE	acoshl
acosl	sv2ms	NOSIGFE	acosl
aio_cancel	sv2ms	SIGFE	aio_cancel
aio_error	sv2ms	NOSIGFE	aio_error
aio_fsync	sv2ms	SIGFE	aio_fsync
aio_read	sv2ms	SIGFE	aio_read
aio_return	sv2ms	NOSIGFE	aio_return
aio_suspend	sv2ms	SIGFE	aio_suspend
aio_write	sv2ms	SIGFE	aio_write
alarm	sv2ms	SIGFE	alarm
aligned_alloc	sv2ms	SIGFE	aligned_alloc
alphasort	sv2ms	NOSIGFE	alphasort
arc4random	sv2ms	NOSIGFE	arc4random
arc4random_addrandom	sv2ms	NOSIGFE	arc4random_addrandom
arc4random_buf	sv2ms	NOSIGFE	arc4random_buf
arc4random_stir	sv2ms	NOSIGFE	arc4random_stir
arc4random_uniform	sv2ms	NOSIGFE	arc4random_uniform
argz_add	sv2ms	SIGFE	argz_add
argz_add_sep	sv2ms	SIGFE	argz_add_sep
argz_append	sv2ms	SIGFE	argz_append
argz_count	sv2ms	NOSIGFE	argz_count
argz_create	sv2ms	SIGFE	argz_create
argz_create_sep	sv2ms	SIGFE	argz_create_sep
argz_delete	sv2ms	SIGFE	argz_delete
argz_extract	sv2ms	NOSIGFE	argz_extract
argz_insert	sv2ms	SIGFE	argz_insert
argz_next	sv2ms	NOSIGFE	argz_next
argz_replace	sv2ms	SIGFE	argz_replace
argz_stringify	sv2ms	NOSIGFE	argz_stringify
asctime	sv2ms	SIGFE	asctime
asctime_r	sv2ms	SIGFE	asctime_r
asin	sv2ms	NOSIGFE	asin
asinf	sv2ms	NOSIGFE	asinf
asinh	sv2ms	NOSIGFE	asinh
asinhf	sv2ms	NOSIGFE	asinhf
asinhl	sv2ms	NOSIGFE	asinhl
asinl	sv2ms	NOSIGFE	asinl
asnprintf	variadic	SIGFE	asnprintf
asprintf	variadic	SIGFE	asprintf
at_quick_exit	sv2ms	SIGFE	at_quick_exit
atan	sv2ms	NOSIGFE	atan
atan2	sv2ms	NOSIGFE	atan2
atan2f	sv2ms	NOSIGFE	atan2f
atan2l	sv2ms	NOSIGFE	atan2l
atanf	sv2ms	NOSIGFE	atanf
atanh	sv2ms	NOSIGFE	atanh
atanhf	sv2ms	NOSIGFE	atanhf
atanhl	sv2ms	NOSIGFE	atanhl
atanl	sv2ms	NOSIGFE	atanl
atexit	sv2ms	SIGFE	cygwin_atexit
atof	sv2ms	SIGFE	atof
atoff	sv2ms	SIGFE	atoff
atoi	sv2ms	NOSIGFE	atoi
atol	sv2ms	NOSIGFE	atol
atoll	sv2ms	NOSIGFE	atoll
basename	sv2ms	NOSIGFE	basename
bcmp	sv2ms	NOSIGFE	bcmp
bcopy	sv2ms	NOSIGFE	bcopy
bind	sv2ms	SIGFE	cygwin_bind
bindresvport	sv2ms	SIGFE	cygwin_bindresvport
bindresvport_sa	sv2ms	SIGFE	cygwin_bindresvport_sa
bsearch	sv2ms	NOSIGFE	bsearch
btowc	sv2ms	NOSIGFE	btowc
bzero	sv2ms	NOSIGFE	bzero
c16rtomb	sv2ms	NOSIGFE	c16rtomb
c32rtomb	sv2ms	NOSIGFE	c32rtomb
cabs	sv2ms	NOSIGFE	cabs
cabsf	sv2ms	NOSIGFE	cabsf
cabsl	sv2ms	NOSIGFE	cabsl
cacos	sv2ms	NOSIGFE	cacos
cacosf	sv2ms	NOSIGFE	cacosf
cacosh	sv2ms	NOSIGFE	cacosh
cacoshf	sv2ms	NOSIGFE	cacoshf
cacoshl	sv2ms	NOSIGFE	cacoshl
cacosl	sv2ms	NOSIGFE	cacosl
call_once	sv2ms	SIGFE	call_once
calloc	sv2ms	SIGFE	calloc
canonicalize_file_name	sv2ms	SIGFE	canonicalize_file_name
carg	sv2ms	NOSIGFE	carg
cargf	sv2ms	NOSIGFE	cargf
cargl	sv2ms	NOSIGFE	cargl
casin	sv2ms	NOSIGFE	casin
casinf	sv2ms	NOSIGFE	casinf
casinh	sv2ms	NOSIGFE	casinh
casinhf	sv2ms	NOSIGFE	casinhf
casinhl	sv2ms	NOSIGFE	casinhl
casinl	sv2ms	NOSIGFE	casinl
catan	sv2ms	NOSIGFE	catan
catanf	sv2ms	NOSIGFE	catanf
catanh	sv2ms	NOSIGFE	catanh
catanhf	sv2ms	NOSIGFE	catanhf
catanhl	sv2ms	NOSIGFE	catanhl
catanl	sv2ms	NOSIGFE	catanl
catclose	sv2ms	SIGFE	catclose
catgets	sv2ms	SIGFE	catgets
catopen	sv2ms	SIGFE	catopen
cbrt	sv2ms	NOSIGFE	cbrt
cbrtf	sv2ms	NOSIGFE	cbrtf
cbrtl	sv2ms	NOSIGFE	cbrtl
ccos	sv2ms	NOSIGFE	ccos
ccosf	sv2ms	NOSIGFE	ccosf
ccosh	sv2ms	NOSIGFE	ccosh
ccoshf	sv2ms	NOSIGFE	ccoshf
ccoshl	sv2ms	NOSIGFE	ccoshl
ccosl	sv2ms	NOSIGFE	ccosl
ceil	sv2ms	NOSIGFE	ceil
ceilf	sv2ms	NOSIGFE	ceilf
ceill	sv2ms	NOSIGFE	ceill
cexp	sv2ms	NOSIGFE	cexp
cexpf	sv2ms	NOSIGFE	cexpf
cexpl	sv2ms	NOSIGFE	cexpl
cfgetispeed	sv2ms	NOSIGFE	cfgetispeed
cfgetospeed	sv2ms	NOSIGFE	cfgetospeed
cfmakeraw	sv2ms	NOSIGFE	cfmakeraw
cfsetispeed	sv2ms	SIGFE	cfsetispeed
cfsetospeed	sv2ms	SIGFE	cfsetospeed
cfsetspeed	sv2ms	SIGFE	cfsetspeed
chdir	sv2ms	SIGFE	chdir
chmod	sv2ms	SIGFE	chmod
chown	sv2ms	SIGFE	chown
chroot	sv2ms	SIGFE	chroot
cimag	sv2ms	NOSIGFE	cimag
cimagf	sv2ms	NOSIGFE	cimagf
cimagl	sv2ms	NOSIGFE	cimagl
clearenv	sv2ms	SIGFE	clearenv
clearerr	sv2ms	SIGFE	clearerr
clearerr_unlocked	sv2ms	SIGFE	clearerr_unlocked
clock	sv2ms	SIGFE	clock
clock_getcpuclockid	sv2ms	SIGFE	clock_getcpuclockid
clock_getres	sv2ms	SIGFE	clock_getres
clock_gettime	sv2ms	SIGFE	clock_gettime
clock_nanosleep	sv2ms	SIGFE	clock_nanosleep
clock_setres	sv2ms	SIGFE	clock_setres
clock_settime	sv2ms	SIGFE	clock_settime
clog	sv2ms	NOSIGFE	clog
clog10	sv2ms	NOSIGFE	clog10
clog10f	sv2ms	NOSIGFE	clog10f
clog10l	sv2ms	NOSIGFE	clog10l
clogf	sv2ms	NOSIGFE	clogf
clogl	sv2ms	NOSIGFE	clogl
close	sv2ms	SIGFE	close
close_range	sv2ms	SIGFE	close_range
closedir	sv2ms	SIGFE	closedir
closelog	sv2ms	SIGFE	closelog
cnd_broadcast	sv2ms	SIGFE	cnd_broadcast
cnd_destroy	sv2ms	SIGFE	cnd_destroy
cnd_init	sv2ms	SIGFE	cnd_init
cnd_signal	sv2ms	SIGFE	cnd_signal
cnd_timedwait	sv2ms	SIGFE	cnd_timedwait
cnd_wait	sv2ms	SIGFE	cnd_wait
confstr	sv2ms	NOSIGFE	confstr
conj	sv2ms	NOSIGFE	conj
conjf	sv2ms	NOSIGFE	conjf
conjl	sv2ms	NOSIGFE	conjl
connect	sv2ms	SIGFE	cygwin_connect
copysign	sv2ms	NOSIGFE	copysign
copysignf	sv2ms	NOSIGFE	copysignf
copysignl	sv2ms	NOSIGFE	copysignl
cos	sv2ms	NOSIGFE	cos
cosf	sv2ms	NOSIGFE	cosf
cosh	sv2ms	NOSIGFE	cosh
coshf	sv2ms	NOSIGFE	coshf
coshl	sv2ms	NOSIGFE	coshl
cosl	sv2ms	NOSIGFE	cosl
cpow	sv2ms	NOSIGFE	cpow
cpowf	sv2ms	NOSIGFE	cpowf
cpowl	sv2ms	NOSIGFE	cpowl
cproj	sv2ms	NOSIGFE	cproj
cprojf	sv2ms	NOSIGFE	cprojf
cprojl	sv2ms	NOSIGFE	cprojl
creal	sv2ms	NOSIGFE	creal
crealf	sv2ms	NOSIGFE	crealf
creall	sv2ms	NOSIGFE	creall
creat	sv2ms	SIGFE	creat
csin	sv2ms	NOSIGFE	csin
csinf	sv2ms	NOSIGFE	csinf
csinh	sv2ms	NOSIGFE	csinh
csinhf	sv2ms	NOSIGFE	csinhf
csinhl	sv2ms	NOSIGFE	csinhl
csinl	sv2ms	NOSIGFE	csinl
csqrt	sv2ms	NOSIGFE	csqrt
csqrtf	sv2ms	NOSIGFE	csqrtf
csqrtl	sv2ms	NOSIGFE	csqrtl
ctan	sv2ms	NOSIGFE	ctan
ctanf	sv2ms	NOSIGFE	ctanf
ctanh	sv2ms	NOSIGFE	ctanh
ctanhf	sv2ms	NOSIGFE	ctanhf
ctanhl	sv2ms	NOSIGFE	ctanhl
ctanl	sv2ms	NOSIGFE	ctanl
ctermid	sv2ms	SIGFE	ctermid
ctime	sv2ms	SIGFE	ctime
ctime_r	sv2ms	SIGFE	ctime_r
cuserid	sv2ms	NOSIGFE	cuserid
cwait	sv2ms	SIGFE	cwait
cygwin_attach_handle_to_fd	sv2ms	SIGFE	cygwin_attach_handle_to_fd
cygwin_conv_path	sv2ms	SIGFE	cygwin_conv_path
cygwin_conv_path_list	sv2ms	SIGFE	cygwin_conv_path_list
cygwin_create_path	sv2ms	SIGFE	cygwin_create_path
cygwin_detach_dll	sv2ms	SIGFE_MAYBE	cygwin_detach_dll
cygwin_dll_init	sv2ms	NOSIGFE	cygwin_dll_init
cygwin_internal	variadic	NOSIGFE	cygwin_internal
cygwin_logon_user	sv2ms	SIGFE	cygwin_logon_user
cygwin_posix_path_list_p	sv2ms	NOSIGFE	cygwin_posix_path_list_p
cygwin_set_impersonation_token	sv2ms	SIGFE	cygwin_set_impersonation_token
cygwin_split_path	sv2ms	NOSIGFE	cygwin_split_path
cygwin_stackdump	sv2ms	SIGFE	cygwin_stackdump
cygwin_umount	sv2ms	SIGFE	cygwin_umount
cygwin_winpid_to_pid	sv2ms	SIGFE	cygwin_winpid_to_pid
daemon	sv2ms	SIGFE	daemon
dbm_clearerr	sv2ms	SIGFE	dbm_clearerr
dbm_close	sv2ms	SIGFE	dbm_close
dbm_delete	sv2ms	SIGFE	dbm_delete
dbm_dirfno	sv2ms	SIGFE	dbm_dirfno
dbm_error	sv2ms	SIGFE	dbm_error
dbm_fetch	sv2ms	SIGFE	dbm_fetch
dbm_firstkey	sv2ms	SIGFE	dbm_firstkey
dbm_nextkey	sv2ms	SIGFE	dbm_nextkey
dbm_open	sv2ms	SIGFE	dbm_open
dbm_store	sv2ms	SIGFE	dbm_store
difftime	sv2ms	NOSIGFE	difftime
dirfd	sv2ms	SIGFE	dirfd
dirname	sv2ms	NOSIGFE	dirname
div	sv2ms	NOSIGFE	div
dladdr	sv2ms	SIGFE	dladdr
dlclose	sv2ms	SIGFE	dlclose
dlerror	sv2ms	NOSIGFE	dlerror
dlfork	sv2ms	NOSIGFE	dlfork
dll_crt0__FP11per_process	sv2ms	NOSIGFE	dll_crt0__FP11per_process
dll_dllcrt0	sv2ms	NOSIGFE	dll_dllcrt0
dll_entry	sv2ms	NOSIGFE	dll_entry
dlopen	sv2ms	SIGFE	dlopen
dlsym	sv2ms	SIGFE	dlsym
dn_comp	sv2ms	SIGFE	__dn_comp
dn_expand	sv2ms	SIGFE	__dn_expand
dn_skipname	sv2ms	SIGFE	__dn_skipname
dprintf	variadic	SIGFE	dprintf
drand48	sv2ms	NOSIGFE	drand48
drem	sv2ms	NOSIGFE	remainder
dremf	sv2ms	NOSIGFE	remainderf
dreml	sv2ms	NOSIGFE	remainderl
dup	sv2ms	SIGFE	dup
dup2	sv2ms	SIGFE	dup2
dup3	sv2ms	SIGFE	dup3
duplocale	sv2ms	SIGFE	duplocale
eaccess	sv2ms	SIGFE	euidaccess
ecvt	sv2ms	SIGFE	ecvt
ecvtbuf	sv2ms	SIGFE	ecvtbuf
ecvtf	sv2ms	SIGFE	ecvtf
endgrent	sv2ms	NOSIGFE	endgrent
endhostent	sv2ms	NOSIGFE	endhostent
endmntent	sv2ms	NOSIGFE	endmntent
endprotoent	sv2ms	SIGFE	cygwin_endprotoent
endpwent	sv2ms	NOSIGFE	endpwent
endservent	sv2ms	SIGFE	cygwin_endservent
endusershell	sv2ms	SIGFE	endusershell
endutent	sv2ms	SIGFE	endutent
endutxent	sv2ms	SIGFE	endutxent
envz_add	sv2ms	SIGFE	envz_add
envz_entry	sv2ms	NOSIGFE	envz_entry
envz_get	sv2ms	NOSIGFE	envz_get
envz_merge	sv2ms	SIGFE	envz_merge
envz_remove	sv2ms	SIGFE	envz_remove
envz_strip	sv2ms	SIGFE	envz_strip
erand48	sv2ms	NOSIGFE	erand48
erf	sv2ms	NOSIGFE	erf
erfc	sv2ms	NOSIGFE	erfc
erfcf	sv2ms	NOSIGFE	erfcf
erfcl	sv2ms	NOSIGFE	erfcl
erff	sv2ms	NOSIGFE	erff
erfl	sv2ms	NOSIGFE	erfl
err	variadic	SIGFE	err
error	variadic	SIGFE	error
error_at_line	variadic	SIGFE	error_at_line
errx	variadic	SIGFE	errx
euidaccess	sv2ms	SIGFE	euidaccess
execl	variadic	SIGFE	execl
execle	variadic	SIGFE	execle
execlp	variadic	SIGFE	execlp
execv	sv2ms	SIGFE	execv
execve	sv2ms	SIGFE	execve
execvp	sv2ms	SIGFE	execvp
execvpe	sv2ms	SIGFE	execvpe
exit	sv2ms	SIGFE	cygwin_exit
exp	sv2ms	NOSIGFE	exp
exp10	sv2ms	NOSIGFE	exp10
exp10f	sv2ms	NOSIGFE	exp10f
exp10l	sv2ms	NOSIGFE	exp10l
exp2	sv2ms	NOSIGFE	exp2
exp2f	sv2ms	NOSIGFE	exp2f
exp2l	sv2ms	NOSIGFE	exp2l
expf	sv2ms	NOSIGFE	expf
expl	sv2ms	NOSIGFE	expl
explicit_bzero	sv2ms	NOSIGFE	explicit_bzero
expm1	sv2ms	NOSIGFE	expm1
expm1f	sv2ms	NOSIGFE	expm1f
expm1l	sv2ms	NOSIGFE	expm1l
fabs	sv2ms	NOSIGFE	fabs
fabsf	sv2ms	NOSIGFE	fabsf
fabsl	sv2ms	NOSIGFE	fabsl
faccessat	sv2ms	SIGFE	faccessat
facl	sv2ms	SIGFE	facl
fallocate	sv2ms	SIGFE	fallocate
fchdir	sv2ms	SIGFE	fchdir
fchmod	sv2ms	SIGFE	fchmod
fchmodat	sv2ms	SIGFE	fchmodat
fchown	sv2ms	SIGFE	fchown
fchownat	sv2ms	SIGFE	fchownat
fclose	sv2ms	SIGFE	fclose
fcloseall	sv2ms	SIGFE	fcloseall
fcntl	variadic	SIGFE	fcntl
fcvt	sv2ms	SIGFE	fcvt
fcvtbuf	sv2ms	SIGFE	fcvtbuf
fcvtf	sv2ms	SIGFE	fcvtf
fdatasync	sv2ms	SIGFE	fdatasync
fdclosedir	sv2ms	SIGFE	fdclosedir
fdim	sv2ms	NOSIGFE	fdim
fdimf	sv2ms	NOSIGFE	fdimf
fdiml	sv2ms	NOSIGFE	fdiml
fdopen	sv2ms	SIGFE	fdopen
fdopendir	sv2ms	SIGFE	fdopendir
feclearexcept	sv2ms	NOSIGFE	feclearexcept
fedisableexcept	sv2ms	NOSIGFE	fedisableexcept
feenableexcept	sv2ms	SIGFE	feenableexcept
fegetenv	sv2ms	NOSIGFE	fegetenv
fegetexcept	sv2ms	NOSIGFE	fegetexcept
fegetexceptflag	sv2ms	NOSIGFE	fegetexceptflag
fegetprec	sv2ms	NOSIGFE	fegetprec
fegetround	sv2ms	NOSIGFE	fegetround
feholdexcept	sv2ms	SIGFE	feholdexcept
feof	sv2ms	SIGFE	feof
feof_unlocked	sv2ms	SIGFE	feof_unlocked
feraiseexcept	sv2ms	NOSIGFE	feraiseexcept
ferror	sv2ms	SIGFE	ferror
ferror_unlocked	sv2ms	SIGFE	ferror_unlocked
fesetenv	sv2ms	SIGFE	fesetenv
fesetexceptflag	sv2ms	SIGFE	fesetexceptflag
fesetprec	sv2ms	NOSIGFE	fesetprec
fesetround	sv2ms	NOSIGFE	fesetround
fetestexcept	sv2ms	NOSIGFE	fetestexcept
feupdateenv	sv2ms	SIGFE	feupdateenv
fexecve	sv2ms	SIGFE	fexecve
fflush	sv2ms	SIGFE	fflush
fflush_unlocked	sv2ms	SIGFE	fflush_unlocked
ffs	sv2ms	NOSIGFE	ffs
ffsl	sv2ms	NOSIGFE	ffsl
ffsll	sv2ms	NOSIGFE	ffsll
fgetc	sv2ms	SIGFE	fgetc
fgetc_unlocked	sv2ms	SIGFE	fgetc_unlocked
fgetpos	sv2ms	SIGFE	fgetpos
fgets	sv2ms	SIGFE	fgets
fgets_unlocked	sv2ms	SIGFE	fgets_unlocked
fgetwc	sv2ms	SIGFE	fgetwc
fgetwc_unlocked	sv2ms	SIGFE	fgetwc_unlocked
fgetws	sv2ms	SIGFE	fgetws
fgetws_unlocked	sv2ms	SIGFE	fgetws_unlocked
fgetxattr	sv2ms	SIGFE	fgetxattr
fileno	sv2ms	SIGFE	fileno
fileno_unlocked	sv2ms	SIGFE	fileno_unlocked
finite	sv2ms	NOSIGFE	finite
finitef	sv2ms	NOSIGFE	finitef
finitel	sv2ms	NOSIGFE	finitel
fiprintf	variadic	SIGFE	fiprintf
flistxattr	sv2ms	SIGFE	flistxattr
flock	sv2ms	SIGFE	flock
flockfile	sv2ms	SIGFE	flockfile
floor	sv2ms	NOSIGFE	floor
floorf	sv2ms	NOSIGFE	floorf
floorl	sv2ms	NOSIGFE	floorl
fls	sv2ms	NOSIGFE	fls
flsl	sv2ms	NOSIGFE	flsl
flsll	sv2ms	NOSIGFE	flsll
fma	sv2ms	NOSIGFE	fma
fmaf	sv2ms	NOSIGFE	fmaf
fmal	sv2ms	NOSIGFE	fmal
fmax	sv2ms	NOSIGFE	fmax
fmaxf	sv2ms	NOSIGFE	fmaxf
fmaxl	sv2ms	NOSIGFE	fmaxl
fmemopen	sv2ms	SIGFE	fmemopen
fmin	sv2ms	NOSIGFE	fmin
fminf	sv2ms	NOSIGFE	fminf
fminl	sv2ms	NOSIGFE	fminl
fmod	sv2ms	NOSIGFE	fmod
fmodf	sv2ms	NOSIGFE	fmodf
fmodl	sv2ms	NOSIGFE	fmodl
fnmatch	sv2ms	NOSIGFE	fnmatch
fopen	sv2ms	SIGFE	fopen
fopencookie	sv2ms	SIGFE	fopencookie
fork	sv2ms	SIGFE	fork
forkpty	sv2ms	SIGFE	forkpty
fpathconf	sv2ms	SIGFE	fpathconf
fprintf	variadic	SIGFE	fprintf
fpurge	sv2ms	SIGFE	fpurge
fputc	sv2ms	SIGFE	fputc
fputc_unlocked	sv2ms	SIGFE	fputc_unlocked
fputs	sv2ms	SIGFE	fputs
fputs_unlocked	sv2ms	SIGFE	fputs_unlocked
fputwc	sv2ms	SIGFE	fputwc
fputwc_unlocked	sv2ms	SIGFE	fputwc_unlocked
fputws	sv2ms	SIGFE	fputws
fputws_unlocked	sv2ms	SIGFE	fputws_unlocked
fread	sv2ms	SIGFE	fread
fread_unlocked	sv2ms	SIGFE	fread_unlocked
free	sv2ms	SIGFE	free
freeaddrinfo	sv2ms	SIGFE	cygwin_freeaddrinfo
freeifaddrs	sv2ms	SIGFE	freeifaddrs
freelocale	sv2ms	SIGFE	freelocale
fremovexattr	sv2ms	SIGFE	fremovexattr
freopen	sv2ms	SIGFE	freopen
frexp	sv2ms	NOSIGFE	frexp
frexpf	sv2ms	NOSIGFE	frexpf
frexpl	sv2ms	NOSIGFE	frexpl
fscanf	variadic	SIGFE	fscanf
fseek	sv2ms	SIGFE	fseek
fseeko	sv2ms	SIGFE	fseeko
fsetpos	sv2ms	SIGFE	fsetpos
fsetxattr	sv2ms	SIGFE	fsetxattr
fstat	sv2ms	SIGFE	fstat
fstatat	sv2ms	SIGFE	fstatat
fstatfs	sv2ms	SIGFE	fstatfs
fstatvfs	sv2ms	SIGFE	fstatvfs
fsync	sv2ms	SIGFE	fsync
ftell	sv2ms	SIGFE	ftell
ftello	sv2ms	SIGFE	ftello
ftime	sv2ms	SIGFE	ftime
ftok	sv2ms	SIGFE	ftok
ftruncate	sv2ms	SIGFE	ftruncate
ftrylockfile	sv2ms	SIGFE	ftrylockfile
fts_children	sv2ms	SIGFE	fts_children
fts_close	sv2ms	SIGFE	fts_close
fts_get_clientptr	sv2ms	NOSIGFE	fts_get_clientptr
fts_get_stream	sv2ms	NOSIGFE	fts_get_stream
fts_open	sv2ms	SIGFE	fts_open
fts_read	sv2ms	SIGFE	fts_read
fts_set	sv2ms	NOSIGFE	fts_set
fts_set_clientptr	sv2ms	NOSIGFE	fts_set_clientptr
ftw	sv2ms	SIGFE	ftw
funlockfile	sv2ms	SIGFE	funlockfile
funopen	sv2ms	SIGFE	funopen
futimens	sv2ms	SIGFE	futimens
futimes	sv2ms	SIGFE	futimes
futimesat	sv2ms	SIGFE	futimesat
fwide	sv2ms	SIGFE	fwide
fwprintf	variadic	SIGFE	fwprintf
fwrite	sv2ms	SIGFE	fwrite
fwrite_unlocked	sv2ms	SIGFE	fwrite_unlocked
fwscanf	variadic	SIGFE	fwscanf
gai_strerror	sv2ms	NOSIGFE	cygwin_gai_strerror
gamma	sv2ms	NOSIGFE	gamma
gamma_r	sv2ms	NOSIGFE	gamma_r
gammaf	sv2ms	NOSIGFE	gammaf
gammaf_r	sv2ms	NOSIGFE	gammaf_r
gcvt	sv2ms	SIGFE	gcvt
gcvtf	sv2ms	SIGFE	gcvtf
get_avphys_pages	sv2ms	SIGFE	get_avphys_pages
get_current_dir_name	sv2ms	SIGFE	get_current_dir_name
get_nprocs	sv2ms	SIGFE	get_nprocs
get_nprocs_conf	sv2ms	SIGFE	get_nprocs_conf
get_phys_pages	sv2ms	SIGFE	get_phys_pages
getaddrinfo	sv2ms	SIGFE	cygwin_getaddrinfo
getc	sv2ms	SIGFE	getc
getc_unlocked	sv2ms	SIGFE	getc_unlocked
getchar	sv2ms	SIGFE	getchar
getchar_unlocked	sv2ms	SIGFE	getchar_unlocked
GetCommandLineA@0	sv2ms	NOSIGFE	cygwin_GetCommandLineA@0
GetCommandLineW@0	sv2ms	NOSIGFE	cygwin_GetCommandLineW@0
getcontext	sv2ms	NOSIGFE	getcontext
getcwd	sv2ms	SIGFE	getcwd
getdelim	sv2ms	SIGFE	__getdelim
getdomainname	sv2ms	SIGFE	getdomainname
getdtablesize	sv2ms	NOSIGFE	getdtablesize
getegid	sv2ms	NOSIGFE	getegid
getentropy	sv2ms	SIGFE	getentropy
getenv	sv2ms	NOSIGFE	getenv
geteuid	sv2ms	NOSIGFE	geteuid
getgid	sv2ms	NOSIGFE	getgid
getgrent	sv2ms	SIGFE	getgrent
getgrgid	sv2ms	SIGFE	getgrgid
getgrgid_r	sv2ms	SIGFE	getgrgid_r
getgrnam	sv2ms	SIGFE	getgrnam
getgrnam_r	sv2ms	SIGFE	getgrnam_r
getgrouplist	sv2ms	SIGFE	getgrouplist
getgroups	sv2ms	SIGFE	getgroups
gethostbyaddr	sv2ms	SIGFE	cygwin_gethostbyaddr
gethostbyname	sv2ms	SIGFE	cygwin_gethostbyname
gethostbyname2	sv2ms	SIGFE	gethostbyname2
gethostid	sv2ms	SIGFE	gethostid
gethostname	sv2ms	SIGFE	cygwin_gethostname
getifaddrs	sv2ms	SIGFE	getifaddrs
getitimer	sv2ms	SIGFE	getitimer
getline	sv2ms	SIGFE	__getline
getloadavg	sv2ms	SIGFE	getloadavg
getlocalename_l	sv2ms	SIGFE	getlocalename_l
getlogin	sv2ms	NOSIGFE	getlogin
getlogin_r	sv2ms	NOSIGFE	getlogin_r
getmntent	sv2ms	SIGFE	getmntent
getmntent_r	sv2ms	SIGFE	getmntent_r
getmode	sv2ms	SIGFE	getmode
getnameinfo	sv2ms	SIGFE	cygwin_getnameinfo
getopt	sv2ms	SIGFE	getopt
getopt_long	sv2ms	SIGFE	getopt_long
getopt_long_only	sv2ms	SIGFE	getopt_long_only
getpagesize	sv2ms	SIGFE	getpagesize
getpass	sv2ms	SIGFE	getpass
getpeereid	sv2ms	SIGFE	getpeereid
getpeername	sv2ms	SIGFE	cygwin_getpeername
getpgid	sv2ms	SIGFE	getpgid
getpgrp	sv2ms	SIGFE	getpgrp
getpid	sv2ms	NOSIGFE	getpid
getppid	sv2ms	NOSIGFE	getppid
getpriority	sv2ms	SIGFE	getpriority
getprogname	sv2ms	NOSIGFE	getprogname
getprotobyname	sv2ms	SIGFE	cygwin_getprotobyname
getprotobynumber	sv2ms	SIGFE	cygwin_getprotobynumber
getprotoent	sv2ms	SIGFE	cygwin_getprotoent
getpt	sv2ms	SIGFE	getpt
getpwent	sv2ms	SIGFE	getpwent
getpwnam	sv2ms	SIGFE	getpwnam
getpwnam_r	sv2ms	SIGFE	getpwnam_r
getpwuid	sv2ms	SIGFE	getpwuid
getpwuid_r	sv2ms	SIGFE	getpwuid_r
getrandom	sv2ms	SIGFE	getrandom
getrlimit	sv2ms	SIGFE	getrlimit
getrusage	sv2ms	SIGFE	getrusage
gets	sv2ms	SIGFE	gets
getservbyname	sv2ms	SIGFE	cygwin_getservbyname
getservbyport	sv2ms	SIGFE	cygwin_getservbyport
getservent	sv2ms	SIGFE	cygwin_getservent
getsid	sv2ms	SIGFE	getsid
getsockname	sv2ms	SIGFE	cygwin_getsockname
getsockopt	sv2ms	SIGFE	cygwin_getsockopt
getsubopt	sv2ms	NOSIGFE	getsubopt
gettimeofday	sv2ms	SIGFE	gettimeofday
getuid	sv2ms	NOSIGFE	getuid
getusershell	sv2ms	SIGFE	getusershell
getutent	sv2ms	SIGFE	getutent
getutid	sv2ms	SIGFE	getutid
getutline	sv2ms	SIGFE	getutline
getutxent	sv2ms	SIGFE	getutxent
getutxid	sv2ms	SIGFE	getutxid
getutxline	sv2ms	SIGFE	getutxline
getw	sv2ms	SIGFE	getw
getwc	sv2ms	SIGFE	getwc
getwc_unlocked	sv2ms	SIGFE	getwc_unlocked
getwchar	sv2ms	SIGFE	getwchar
getwchar_unlocked	sv2ms	SIGFE	getwchar_unlocked
getwd	sv2ms	SIGFE	getwd
getxattr	sv2ms	SIGFE	getxattr
glob	sv2ms	SIGFE	glob
glob_pattern_p	sv2ms	none	glob_pattern_p
globfree	sv2ms	SIGFE	globfree
gmtime	sv2ms	SIGFE	gmtime
gmtime_r	sv2ms	SIGFE	gmtime_r
grantpt	sv2ms	NOSIGFE	grantpt
hcreate	sv2ms	SIGFE	hcreate
hcreate_r	sv2ms	SIGFE	hcreate_r
hdestroy	sv2ms	SIGFE	hdestroy
hdestroy_r	sv2ms	SIGFE	hdestroy_r
herror	sv2ms	SIGFE	cygwin_herror
hsearch	sv2ms	SIGFE	hsearch
hsearch_r	sv2ms	SIGFE	hsearch_r
hstrerror	sv2ms	NOSIGFE	cygwin_hstrerror
htonl	sv2ms	NOSIGFE	htonl
htons	sv2ms	NOSIGFE	htons
hypot	sv2ms	NOSIGFE	hypot
hypotf	sv2ms	NOSIGFE	hypotf
hypotl	sv2ms	NOSIGFE	hypotl
if_freenameindex	sv2ms	SIGFE	if_freenameindex
if_indextoname	sv2ms	SIGFE	cygwin_if_indextoname
if_nameindex	sv2ms	SIGFE	if_nameindex
if_nametoindex	sv2ms	SIGFE	cygwin_if_nametoindex
ilogb	sv2ms	NOSIGFE	ilogb
ilogbf	sv2ms	NOSIGFE	ilogbf
ilogbl	sv2ms	NOSIGFE	ilogbl
imaxabs	sv2ms	NOSIGFE	llabs
imaxdiv	sv2ms	NOSIGFE	lldiv
index	sv2ms	NOSIGFE	index
inet_addr	sv2ms	SIGFE	cygwin_inet_addr
inet_aton	sv2ms	SIGFE	cygwin_inet_aton
inet_makeaddr	sv2ms	NOSIGFE	inet_makeaddr
inet_netof	sv2ms	NOSIGFE	inet_netof
inet_network	sv2ms	SIGFE	cygwin_inet_network
inet_ntoa	sv2ms	SIGFE	cygwin_inet_ntoa
inet_ntop	sv2ms	SIGFE	cygwin_inet_ntop
inet_pton	sv2ms	SIGFE	cygwin_inet_pton
infinity	sv2ms	NOSIGFE	infinity
infinityf	sv2ms	NOSIGFE	infinityf
initgroups	sv2ms	SIGFE	initgroups
initstate	sv2ms	NOSIGFE	initstate
insque	sv2ms	NOSIGFE	insque
ioctl	variadic	SIGFE	ioctl
iprintf	variadic	SIGFE	iprintf
iruserok	sv2ms	SIGFE	iruserok
iruserok_sa	sv2ms	SIGFE	iruserok_sa
isalnum	sv2ms	NOSIGFE	isalnum
isalnum_l	sv2ms	NOSIGFE	isalnum_l
isalpha	sv2ms	NOSIGFE	isalpha
isalpha_l	sv2ms	NOSIGFE	isalpha_l
isascii	sv2ms	NOSIGFE	isascii
isascii_l	sv2ms	NOSIGFE	isascii_l
isatty	sv2ms	SIGFE	isatty
isblank	sv2ms	NOSIGFE	isblank
isblank_l	sv2ms	NOSIGFE	isblank_l
iscntrl	sv2ms	NOSIGFE	iscntrl
iscntrl_l	sv2ms	NOSIGFE	iscntrl_l
isdigit	sv2ms	NOSIGFE	isdigit
isdigit_l	sv2ms	NOSIGFE	isdigit_l
isgraph	sv2ms	NOSIGFE	isgraph
isgraph_l	sv2ms	NOSIGFE	isgraph_l
isinf	sv2ms	NOSIGFE	isinf
isinff	sv2ms	NOSIGFE	isinff
isinfl	sv2ms	NOSIGFE	isinfl
islower	sv2ms	NOSIGFE	islower
islower_l	sv2ms	NOSIGFE	islower_l
isnan	sv2ms	NOSIGFE	isnan
isnanf	sv2ms	NOSIGFE	isnanf
isnanl	sv2ms	NOSIGFE	isnanl
isprint	sv2ms	NOSIGFE	isprint
isprint_l	sv2ms	NOSIGFE	isprint_l
ispunct	sv2ms	NOSIGFE	ispunct
ispunct_l	sv2ms	NOSIGFE	ispunct_l
issetugid	sv2ms	NOSIGFE	issetugid
isspace	sv2ms	NOSIGFE	isspace
isspace_l	sv2ms	NOSIGFE	isspace_l
isupper	sv2ms	NOSIGFE	isupper
isupper_l	sv2ms	NOSIGFE	isupper_l
iswalnum	sv2ms	NOSIGFE	iswalnum
iswalnum_l	sv2ms	NOSIGFE	iswalnum_l
iswalpha	sv2ms	NOSIGFE	iswalpha
iswalpha_l	sv2ms	NOSIGFE	iswalpha_l
iswblank	sv2ms	NOSIGFE	iswblank
iswblank_l	sv2ms	NOSIGFE	iswblank_l
iswcntrl	sv2ms	NOSIGFE	iswcntrl
iswcntrl_l	sv2ms	NOSIGFE	iswcntrl_l
iswctype	sv2ms	NOSIGFE	iswctype
iswctype_l	sv2ms	NOSIGFE	iswctype_l
iswdigit	sv2ms	NOSIGFE	iswdigit
iswdigit_l	sv2ms	NOSIGFE	iswdigit_l
iswgraph	sv2ms	NOSIGFE	iswgraph
iswgraph_l	sv2ms	NOSIGFE	iswgraph_l
iswlower	sv2ms	NOSIGFE	iswlower
iswlower_l	sv2ms	NOSIGFE	iswlower_l
iswprint	sv2ms	NOSIGFE	iswprint
iswprint_l	sv2ms	NOSIGFE	iswprint_l
iswpunct	sv2ms	NOSIGFE	iswpunct
iswpunct_l	sv2ms	NOSIGFE	iswpunct_l
iswspace	sv2ms	NOSIGFE	iswspace
iswspace_l	sv2ms	NOSIGFE	iswspace_l
iswupper	sv2ms	NOSIGFE	iswupper
iswupper_l	sv2ms	NOSIGFE	iswupper_l
iswxdigit	sv2ms	NOSIGFE	iswxdigit
iswxdigit_l	sv2ms	NOSIGFE	iswxdigit_l
isxdigit	sv2ms	NOSIGFE	isxdigit
isxdigit_l	sv2ms	NOSIGFE	isxdigit_l
j0	sv2ms	NOSIGFE	j0
j0f	sv2ms	NOSIGFE	j0f
j1	sv2ms	NOSIGFE	j1
j1f	sv2ms	NOSIGFE	j1f
jn	sv2ms	NOSIGFE	jn
jnf	sv2ms	NOSIGFE	jnf
jrand48	sv2ms	NOSIGFE	jrand48
kill	sv2ms	SIGFE	kill
killpg	sv2ms	SIGFE	killpg
l64a	sv2ms	NOSIGFE	l64a
labs	sv2ms	NOSIGFE	labs
lchown	sv2ms	SIGFE	lchown
lcong48	sv2ms	NOSIGFE	lcong48
ldexp	sv2ms	NOSIGFE	ldexp
ldexpf	sv2ms	NOSIGFE	ldexpf
ldexpl	sv2ms	NOSIGFE	ldexpl
ldiv	sv2ms	NOSIGFE	ldiv
lfind	sv2ms	NOSIGFE	lfind
lgamma	sv2ms	NOSIGFE	lgamma
lgamma_r	sv2ms	NOSIGFE	lgamma_r
lgammaf	sv2ms	NOSIGFE	lgammaf
lgammaf_r	sv2ms	NOSIGFE	lgammaf_r
lgammal	sv2ms	NOSIGFE	lgammal
lgammal_r	sv2ms	NOSIGFE	lgammal_r
lgetxattr	sv2ms	SIGFE	lgetxattr
link	sv2ms	SIGFE	link
linkat	sv2ms	SIGFE	linkat
lio_listio	sv2ms	SIGFE	lio_listio
listen	sv2ms	SIGFE	cygwin_listen
listxattr	sv2ms	SIGFE	listxattr
llabs	sv2ms	NOSIGFE	llabs
lldiv	sv2ms	NOSIGFE	lldiv
llistxattr	sv2ms	SIGFE	llistxattr
llrint	sv2ms	NOSIGFE	llrint
llrintf	sv2ms	NOSIGFE	llrintf
llrintl	sv2ms	NOSIGFE	llrintl
llround	sv2ms	NOSIGFE	llround
llroundf	sv2ms	NOSIGFE	llroundf
llroundl	sv2ms	NOSIGFE	llroundl
localeconv	sv2ms	NOSIGFE	localeconv
localtime	sv2ms	SIGFE	localtime
localtime_r	sv2ms	SIGFE	localtime_r
lockf	sv2ms	SIGFE	lockf
log	sv2ms	NOSIGFE	log
log10	sv2ms	NOSIGFE	log10
log10f	sv2ms	NOSIGFE	log10f
log10l	sv2ms	NOSIGFE	log10l
log1p	sv2ms	NOSIGFE	log1p
log1pf	sv2ms	NOSIGFE	log1pf
log1pl	sv2ms	NOSIGFE	log1pl
log2	sv2ms	NOSIGFE	log2
log2f	sv2ms	NOSIGFE	log2f
log2l	sv2ms	NOSIGFE	log2l
logb	sv2ms	NOSIGFE	logb
logbf	sv2ms	NOSIGFE	logbf
logbl	sv2ms	NOSIGFE	logbl
logf	sv2ms	NOSIGFE	logf
login	sv2ms	SIGFE	login
login_tty	sv2ms	SIGFE	login_tty
logl	sv2ms	NOSIGFE	logl
logout	sv2ms	SIGFE	logout
logwtmp	sv2ms	SIGFE	logwtmp
longjmp	sv2ms	NOSIGFE	longjmp
lrand48	sv2ms	NOSIGFE	lrand48
lremovexattr	sv2ms	SIGFE	lremovexattr
lrint	sv2ms	NOSIGFE	lrint
lrintf	sv2ms	NOSIGFE	lrintf
lrintl	sv2ms	NOSIGFE	lrintl
lround	sv2ms	NOSIGFE	lround
lroundf	sv2ms	NOSIGFE	lroundf
lroundl	sv2ms	NOSIGFE	lroundl
lsearch	sv2ms	NOSIGFE	lsearch
lseek	sv2ms	SIGFE	lseek
lsetxattr	sv2ms	SIGFE	lsetxattr
lstat	sv2ms	SIGFE	lstat
lutimes	sv2ms	SIGFE	lutimes
madvise	sv2ms	SIGFE	posix_madvise
makecontext	sv2ms	NOSIGFE	makecontext
mallinfo	sv2ms	SIGFE	mallinfo
malloc	sv2ms	SIGFE	malloc
malloc_stats	sv2ms	SIGFE	malloc_stats
malloc_trim	sv2ms	SIGFE	malloc_trim
malloc_usable_size	sv2ms	SIGFE	malloc_usable_size
mallopt	sv2ms	SIGFE	mallopt
mblen	sv2ms	NOSIGFE	mblen
mbrtoc16	sv2ms	NOSIGFE	mbrtoc16
mbrtoc32	sv2ms	NOSIGFE	mbrtoc32
mbrlen	sv2ms	NOSIGFE	mbrlen
mbrtowc	sv2ms	NOSIGFE	mbrtowc
mbsinit	sv2ms	NOSIGFE	mbsinit
mbsnrtowcs	sv2ms	NOSIGFE	mbsnrtowcs
mbsrtowcs	sv2ms	NOSIGFE	mbsrtowcs
mbstowcs	sv2ms	NOSIGFE	mbstowcs
mbtowc	sv2ms	NOSIGFE	mbtowc
memalign	sv2ms	SIGFE	memalign
memccpy	sv2ms	NOSIGFE	memccpy
memchr	sv2ms	NOSIGFE	memchr
memcmp	sv2ms	NOSIGFE	memcmp
memcpy	sv2ms	NOSIGFE	memcpy
memmem	sv2ms	NOSIGFE	memmem
memmove	sv2ms	NOSIGFE	memmove
mempcpy	sv2ms	NOSIGFE	mempcpy
memrchr	sv2ms	NOSIGFE	memrchr
memset	sv2ms	NOSIGFE	memset
mkdir	sv2ms	SIGFE	mkdir
mkdirat	sv2ms	SIGFE	mkdirat
mkdtemp	sv2ms	SIGFE	mkdtemp
mkfifo	sv2ms	SIGFE	mkfifo
mkfifoat	sv2ms	SIGFE	mkfifoat
mknod	sv2ms	SIGFE	mknod
mknodat	sv2ms	SIGFE	mknodat
mkostemp	sv2ms	SIGFE	mkostemp
mkostemps	sv2ms	SIGFE	mkostemps
mkstemp	sv2ms	SIGFE	mkstemp
mkstemps	sv2ms	SIGFE	mkstemps
mktemp	sv2ms	SIGFE	mktemp
mktime	sv2ms	SIGFE	mktime
mlock	sv2ms	SIGFE	mlock
mmap	sv2ms	SIGFE	mmap
modf	sv2ms	NOSIGFE	modf
modff	sv2ms	NOSIGFE	modff
modfl	sv2ms	NOSIGFE	modfl
mount	sv2ms	SIGFE	mount
mprotect	sv2ms	SIGFE	mprotect
mq_close	sv2ms	SIGFE	mq_close
mq_getattr	sv2ms	SIGFE	mq_getattr
mq_notify	sv2ms	SIGFE	mq_notify
mq_open	variadic	SIGFE	mq_open
mq_receive	sv2ms	SIGFE	mq_receive
mq_send	sv2ms	SIGFE	mq_send
mq_setattr	sv2ms	SIGFE	mq_setattr
mq_timedreceive	sv2ms	SIGFE	mq_timedreceive
mq_timedsend	sv2ms	SIGFE	mq_timedsend
mq_unlink	sv2ms	SIGFE	mq_unlink
mrand48	sv2ms	NOSIGFE	mrand48
msgctl	sv2ms	SIGFE	msgctl
msgget	sv2ms	SIGFE	msgget
msgrcv	sv2ms	SIGFE	msgrcv
msgsnd	sv2ms	SIGFE	msgsnd
msync	sv2ms	SIGFE	msync
mtx_destroy	sv2ms	SIGFE	mtx_destroy
mtx_init	sv2ms	SIGFE	mtx_init
mtx_lock	sv2ms	SIGFE	mtx_lock
mtx_timedlock	sv2ms	SIGFE	mtx_timedlock
mtx_trylock	sv2ms	SIGFE	mtx_trylock
mtx_unlock	sv2ms	SIGFE	mtx_unlock
munlock	sv2ms	SIGFE	munlock
munmap	sv2ms	SIGFE	munmap
nan	sv2ms	NOSIGFE	nan
nanf	sv2ms	NOSIGFE	nanf
nanl	sv2ms	NOSIGFE	nanl
nanosleep	sv2ms	SIGFE	nanosleep
nearbyint	sv2ms	NOSIGFE	nearbyint
nearbyintf	sv2ms	NOSIGFE	nearbyintf
nearbyintl	sv2ms	NOSIGFE	nearbyintl
newlocale	sv2ms	SIGFE	newlocale
nextafter	sv2ms	NOSIGFE	nextafter
nextafterf	sv2ms	NOSIGFE	nextafterf
nextafterl	sv2ms	NOSIGFE	nextafterl
nexttoward	sv2ms	NOSIGFE	nexttoward
nexttowardf	sv2ms	NOSIGFE	nexttowardf
nexttowardl	sv2ms	NOSIGFE	nexttowardl
nftw	sv2ms	SIGFE	nftw
nice	sv2ms	SIGFE	nice
nl_langinfo	sv2ms	SIGFE	nl_langinfo
nl_langinfo_l	sv2ms	SIGFE	nl_langinfo_l
nrand48	sv2ms	NOSIGFE	nrand48
ntohl	sv2ms	NOSIGFE	ntohl
ntohs	sv2ms	NOSIGFE	ntohs
on_exit	sv2ms	SIGFE	on_exit
open	variadic	SIGFE	open
open_memstream	sv2ms	SIGFE	open_memstream
open_wmemstream	sv2ms	SIGFE	open_wmemstream
openat	variadic	SIGFE	openat
opendir	sv2ms	SIGFE	opendir
openlog	sv2ms	SIGFE	openlog
openpty	sv2ms	SIGFE	openpty
pathconf	sv2ms	SIGFE	pathconf
pause	sv2ms	SIGFE	pause
pclose	sv2ms	SIGFE	pclose
perror	sv2ms	SIGFE	perror
pipe	sv2ms	SIGFE	pipe
pipe2	sv2ms	SIGFE	pipe2
poll	sv2ms	SIGFE	poll
popen	sv2ms	SIGFE	popen
posix_close	sv2ms	SIGFE	posix_close
posix_fadvise	sv2ms	SIGFE	posix_fadvise
posix_fallocate	sv2ms	SIGFE	posix_fallocate
posix_getdents	sv2ms	SIGFE	posix_getdents
posix_madvise	sv2ms	SIGFE	posix_madvise
posix_memalign	sv2ms	SIGFE	posix_memalign
posix_openpt	sv2ms	SIGFE	posix_openpt
posix_spawn	sv2ms	SIGFE	posix_spawn
posix_spawn_file_actions_addchdir	sv2ms	SIGFE	posix_spawn_file_actions_addchdir_np
posix_spawn_file_actions_addchdir_np	sv2ms	SIGFE	posix_spawn_file_actions_addchdir_np
posix_spawn_file_actions_addclose	sv2ms	SIGFE	posix_spawn_file_actions_addclose
posix_spawn_file_actions_adddup2	sv2ms	SIGFE	posix_spawn_file_actions_adddup2
posix_spawn_file_actions_addfchdir	sv2ms	SIGFE	posix_spawn_file_actions_addfchdir_np
posix_spawn_file_actions_addfchdir_np	sv2ms	SIGFE	posix_spawn_file_actions_addfchdir_np
posix_spawn_file_actions_addopen	sv2ms	SIGFE	posix_spawn_file_actions_addopen
posix_spawn_file_actions_destroy	sv2ms	SIGFE	posix_spawn_file_actions_destroy
posix_spawn_file_actions_init	sv2ms	SIGFE	posix_spawn_file_actions_init
posix_spawnattr_destroy	sv2ms	SIGFE	posix_spawnattr_destroy
posix_spawnattr_getflags	sv2ms	NOSIGFE	posix_spawnattr_getflags
posix_spawnattr_getpgroup	sv2ms	NOSIGFE	posix_spawnattr_getpgroup
posix_spawnattr_getschedparam	sv2ms	NOSIGFE	posix_spawnattr_getschedparam
posix_spawnattr_getschedpolicy	sv2ms	NOSIGFE	posix_spawnattr_getschedpolicy
posix_spawnattr_getsigdefault	sv2ms	NOSIGFE	posix_spawnattr_getsigdefault
posix_spawnattr_getsigmask	sv2ms	NOSIGFE	posix_spawnattr_getsigmask
posix_spawnattr_init	sv2ms	SIGFE	posix_spawnattr_init
posix_spawnattr_setflags	sv2ms	NOSIGFE	posix_spawnattr_setflags
posix_spawnattr_setpgroup	sv2ms	NOSIGFE	posix_spawnattr_setpgroup
posix_spawnattr_setschedparam	sv2ms	NOSIGFE	posix_spawnattr_setschedparam
posix_spawnattr_setschedpolicy	sv2ms	NOSIGFE	posix_spawnattr_setschedpolicy
posix_spawnattr_setsigdefault	sv2ms	NOSIGFE	posix_spawnattr_setsigdefault
posix_spawnattr_setsigmask	sv2ms	NOSIGFE	posix_spawnattr_setsigmask
posix_spawnp	sv2ms	SIGFE	posix_spawnp
pow	sv2ms	NOSIGFE	pow
pow10	sv2ms	NOSIGFE	pow10
pow10f	sv2ms	NOSIGFE	pow10f
pow10l	sv2ms	NOSIGFE	pow10l
powf	sv2ms	NOSIGFE	powf
powl	sv2ms	NOSIGFE	powl
ppoll	sv2ms	SIGFE	ppoll
pread	sv2ms	SIGFE	pread
printf	variadic	SIGFE	printf
pselect	sv2ms	SIGFE	pselect
psiginfo	sv2ms	SIGFE	psiginfo
psignal	sv2ms	SIGFE	psignal
pthread_atfork	sv2ms	SIGFE	pthread_atfork
pthread_attr_destroy	sv2ms	SIGFE	pthread_attr_destroy
pthread_attr_getdetachstate	sv2ms	SIGFE	pthread_attr_getdetachstate
pthread_attr_getguardsize	sv2ms	SIGFE	pthread_attr_getguardsize
pthread_attr_getinheritsched	sv2ms	SIGFE	pthread_attr_getinheritsched
pthread_attr_getschedparam	sv2ms	SIGFE	pthread_attr_getschedparam
pthread_attr_getschedpolicy	sv2ms	SIGFE	pthread_attr_getschedpolicy
pthread_attr_getscope	sv2ms	SIGFE	pthread_attr_getscope
pthread_attr_getstack	sv2ms	SIGFE	pthread_attr_getstack
pthread_attr_getstackaddr	sv2ms	SIGFE	pthread_attr_getstackaddr
pthread_attr_getstacksize	sv2ms	SIGFE	pthread_attr_getstacksize
pthread_attr_init	sv2ms	SIGFE	pthread_attr_init
pthread_attr_setdetachstate	sv2ms	SIGFE	pthread_attr_setdetachstate
pthread_attr_setguardsize	sv2ms	SIGFE	pthread_attr_setguardsize
pthread_attr_setinheritsched	sv2ms	SIGFE	pthread_attr_setinheritsched
pthread_attr_setschedparam	sv2ms	SIGFE	pthread_attr_setschedparam
pthread_attr_setschedpolicy	sv2ms	SIGFE	pthread_attr_setschedpolicy
pthread_attr_setscope	sv2ms	SIGFE	pthread_attr_setscope
pthread_attr_setstack	sv2ms	SIGFE	pthread_attr_setstack
pthread_attr_setstackaddr	sv2ms	SIGFE	pthread_attr_setstackaddr
pthread_attr_setstacksize	sv2ms	SIGFE	pthread_attr_setstacksize
pthread_barrier_destroy	sv2ms	SIGFE	pthread_barrier_destroy
pthread_barrier_init	sv2ms	SIGFE	pthread_barrier_init
pthread_barrier_wait	sv2ms	SIGFE	pthread_barrier_wait
pthread_barrierattr_destroy	sv2ms	SIGFE	pthread_barrierattr_destroy
pthread_barrierattr_getpshared	sv2ms	SIGFE	pthread_barrierattr_getpshared
pthread_barrierattr_init	sv2ms	SIGFE	pthread_barrierattr_init
pthread_barrierattr_setpshared	sv2ms	SIGFE	pthread_barrierattr_setpshared
pthread_cancel	sv2ms	SIGFE	pthread_cancel
pthread_cond_broadcast	sv2ms	SIGFE	pthread_cond_broadcast
pthread_cond_clockwait	sv2ms	SIGFE	pthread_cond_clockwait
pthread_cond_destroy	sv2ms	SIGFE	pthread_cond_destroy
pthread_cond_init	sv2ms	SIGFE	pthread_cond_init
pthread_cond_signal	sv2ms	SIGFE	pthread_cond_signal
pthread_cond_timedwait	sv2ms	SIGFE	pthread_cond_timedwait
pthread_cond_wait	sv2ms	SIGFE	pthread_cond_wait
pthread_condattr_destroy	sv2ms	SIGFE	pthread_condattr_destroy
pthread_condattr_getclock	sv2ms	SIGFE	pthread_condattr_getclock
pthread_condattr_getpshared	sv2ms	SIGFE	pthread_condattr_getpshared
pthread_condattr_init	sv2ms	SIGFE	pthread_condattr_init
pthread_condattr_setclock	sv2ms	SIGFE	pthread_condattr_setclock
pthread_condattr_setpshared	sv2ms	SIGFE	pthread_condattr_setpshared
pthread_continue	sv2ms	SIGFE	pthread_continue
pthread_create	sv2ms	SIGFE	pthread_create
pthread_detach	sv2ms	SIGFE	pthread_detach
pthread_equal	sv2ms	SIGFE	pthread_equal
pthread_exit	sv2ms	SIGFE	pthread_exit
pthread_getaffinity_np	sv2ms	SIGFE	pthread_getaffinity_np
pthread_getattr_np	sv2ms	SIGFE	pthread_getattr_np
pthread_getconcurrency	sv2ms	SIGFE	pthread_getconcurrency
pthread_getcpuclockid	sv2ms	SIGFE	pthread_getcpuclockid
pthread_getname_np	sv2ms	SIGFE	pthread_getname_np
pthread_getschedparam	sv2ms	SIGFE	pthread_getschedparam
pthread_getsequence_np	sv2ms	SIGFE	pthread_getsequence_np
pthread_getspecific	sv2ms	SIGFE	pthread_getspecific
pthread_join	sv2ms	SIGFE	pthread_join
pthread_key_create	sv2ms	SIGFE	pthread_key_create
pthread_key_delete	sv2ms	SIGFE	pthread_key_delete
pthread_kill	sv2ms	SIGFE	pthread_kill
pthread_mutex_clocklock	sv2ms	SIGFE	pthread_mutex_clocklock
pthread_mutex_destroy	sv2ms	SIGFE	pthread_mutex_destroy
pthread_mutex_getprioceiling	sv2ms	SIGFE	pthread_mutex_getprioceiling
pthread_mutex_init	sv2ms	SIGFE	pthread_mutex_init
pthread_mutex_lock	sv2ms	SIGFE	pthread_mutex_lock
pthread_mutex_setprioceiling	sv2ms	SIGFE	pthread_mutex_setprioceiling
pthread_mutex_timedlock	sv2ms	SIGFE	pthread_mutex_timedlock
pthread_mutex_trylock	sv2ms	SIGFE	pthread_mutex_trylock
pthread_mutex_unlock	sv2ms	SIGFE	pthread_mutex_unlock
pthread_mutexattr_destroy	sv2ms	SIGFE	pthread_mutexattr_destroy
pthread_mutexattr_getprioceiling	sv2ms	SIGFE	pthread_mutexattr_getprioceiling
pthread_mutexattr_getprotocol	sv2ms	SIGFE	pthread_mutexattr_getprotocol
pthread_mutexattr_getpshared	sv2ms	SIGFE	pthread_mutexattr_getpshared
pthread_mutexattr_gettype	sv2ms	SIGFE	pthread_mutexattr_gettype
pthread_mutexattr_init	sv2ms	SIGFE	pthread_mutexattr_init
pthread_mutexattr_setprioceiling	sv2ms	SIGFE	pthread_mutexattr_setprioceiling
pthread_mutexattr_setprotocol	sv2ms	SIGFE	pthread_mutexattr_setprotocol
pthread_mutexattr_setpshared	sv2ms	SIGFE	pthread_mutexattr_setpshared
pthread_mutexattr_settype	sv2ms	SIGFE	pthread_mutexattr_settype
pthread_once	sv2ms	SIGFE	pthread_once
pthread_rwlock_clockrdlock	sv2ms	SIGFE	pthread_rwlock_clockrdlock
pthread_rwlock_clockwrlock	sv2ms	SIGFE	pthread_rwlock_clockwrlock
pthread_rwlock_destroy	sv2ms	SIGFE	pthread_rwlock_destroy
pthread_rwlock_init	sv2ms	SIGFE	pthread_rwlock_init
pthread_rwlock_rdlock	sv2ms	SIGFE	pthread_rwlock_rdlock
pthread_rwlock_timedrdlock	sv2ms	SIGFE	pthread_rwlock_timedrdlock
pthread_rwlock_timedwrlock	sv2ms	SIGFE	pthread_rwlock_timedwrlock
pthread_rwlock_tryrdlock	sv2ms	SIGFE	pthread_rwlock_tryrdlock
pthread_rwlock_trywrlock	sv2ms	SIGFE	pthread_rwlock_trywrlock
pthread_rwlock_unlock	sv2ms	SIGFE	pthread_rwlock_unlock
pthread_rwlock_wrlock	sv2ms	SIGFE	pthread_rwlock_wrlock
pthread_rwlockattr_destroy	sv2ms	SIGFE	pthread_rwlockattr_destroy
pthread_rwlockattr_getpshared	sv2ms	SIGFE	pthread_rwlockattr_getpshared
pthread_rwlockattr_init	sv2ms	SIGFE	pthread_rwlockattr_init
pthread_rwlockattr_setpshared	sv2ms	SIGFE	pthread_rwlockattr_setpshared
pthread_self	sv2ms	SIGFE	pthread_self
pthread_setaffinity_np	sv2ms	SIGFE	pthread_setaffinity_np
pthread_setcancelstate	sv2ms	SIGFE	pthread_setcancelstate
pthread_setcanceltype	sv2ms	SIGFE	pthread_setcanceltype
pthread_setconcurrency	sv2ms	SIGFE	pthread_setconcurrency
pthread_setname_np	sv2ms	SIGFE	pthread_setname_np
pthread_setschedparam	sv2ms	SIGFE	pthread_setschedparam
pthread_setschedprio	sv2ms	SIGFE	pthread_setschedprio
pthread_setspecific	sv2ms	SIGFE	pthread_setspecific
pthread_sigmask	sv2ms	SIGFE	pthread_sigmask
pthread_sigqueue	sv2ms	SIGFE	pthread_sigqueue
pthread_spin_destroy	sv2ms	SIGFE	pthread_spin_destroy
pthread_spin_init	sv2ms	SIGFE	pthread_spin_init
pthread_spin_lock	sv2ms	SIGFE	pthread_spin_lock
pthread_spin_trylock	sv2ms	SIGFE	pthread_spin_trylock
pthread_spin_unlock	sv2ms	SIGFE	pthread_spin_unlock
pthread_suspend	sv2ms	SIGFE	pthread_suspend
pthread_testcancel	sv2ms	SIGFE	pthread_testcancel
pthread_timedjoin_np	sv2ms	SIGFE	pthread_timedjoin_np
pthread_tryjoin_np	sv2ms	SIGFE	pthread_tryjoin_np
pthread_yield	sv2ms	SIGFE	pthread_yield
ptsname	sv2ms	SIGFE	ptsname
ptsname_r	sv2ms	SIGFE	ptsname_r
putc	sv2ms	SIGFE	putc
putc_unlocked	sv2ms	SIGFE	putc_unlocked
putchar	sv2ms	SIGFE	putchar
putchar_unlocked	sv2ms	SIGFE	putchar_unlocked
putenv	sv2ms	SIGFE	putenv
puts	sv2ms	SIGFE	puts
pututline	sv2ms	SIGFE	pututline
pututxline	sv2ms	SIGFE	pututxline
putw	sv2ms	SIGFE	putw
putwc	sv2ms	SIGFE	putwc
putwc_unlocked	sv2ms	SIGFE	putwc_unlocked
putwchar	sv2ms	SIGFE	putwchar
putwchar_unlocked	sv2ms	SIGFE	putwchar_unlocked
pwrite	sv2ms	SIGFE	pwrite
qsort	sv2ms	NOSIGFE	qsort
qsort_r	sv2ms	NOSIGFE	qsort_r
quick_exit	sv2ms	SIGFE	quick_exit
quotactl	sv2ms	SIGFE	quotactl
raise	sv2ms	SIGFE	raise
rand	sv2ms	NOSIGFE	rand
rand_r	sv2ms	NOSIGFE	rand_r
random	sv2ms	NOSIGFE	random
rawmemchr	sv2ms	NOSIGFE	rawmemchr
rcmd	sv2ms	SIGFE	cygwin_rcmd
rcmd_af	sv2ms	SIGFE	cygwin_rcmd_af
read	sv2ms	SIGFE	read
readdir	sv2ms	SIGFE	readdir
readdir_r	sv2ms	SIGFE	readdir_r
readlink	sv2ms	SIGFE	readlink
readlinkat	sv2ms	SIGFE	readlinkat
readv	sv2ms	SIGFE	readv
realloc	sv2ms	SIGFE	realloc
reallocarray	sv2ms	SIGFE	reallocarray
reallocf	sv2ms	SIGFE	reallocf
realpath	sv2ms	SIGFE	realpath
recv	sv2ms	SIGFE	cygwin_recv
recvfrom	sv2ms	SIGFE	cygwin_recvfrom
recvmsg	sv2ms	SIGFE	cygwin_recvmsg
regcomp	sv2ms	SIGFE	regcomp
regerror	sv2ms	SIGFE	regerror
regexec	sv2ms	SIGFE	regexec
regfree	sv2ms	SIGFE	regfree
remainder	sv2ms	NOSIGFE	remainder
remainderf	sv2ms	NOSIGFE	remainderf
remainderl	sv2ms	NOSIGFE	remainderl
remove	sv2ms	SIGFE	remove
removexattr	sv2ms	SIGFE	removexattr
remque	sv2ms	NOSIGFE	remque
remquo	sv2ms	NOSIGFE	remquo
remquof	sv2ms	NOSIGFE	remquof
remquol	sv2ms	NOSIGFE	remquol
rename	sv2ms	SIGFE	rename
renameat	sv2ms	SIGFE	renameat
renameat2	sv2ms	SIGFE	renameat2
res_close	sv2ms	SIGFE	__res_close
res_init	sv2ms	SIGFE	__res_init
res_mkquery	sv2ms	SIGFE	__res_mkquery
res_nclose	sv2ms	SIGFE	__res_nclose
res_ninit	sv2ms	SIGFE	__res_ninit
res_nmkquery	sv2ms	SIGFE	__res_nmkquery
res_nquery	sv2ms	SIGFE	__res_nquery
res_nquerydomain	sv2ms	SIGFE	__res_nquerydomain
res_nsearch	sv2ms	SIGFE	__res_nsearch
res_nsend	sv2ms	SIGFE	__res_nsend
res_query	sv2ms	SIGFE	__res_query
res_querydomain	sv2ms	SIGFE	__res_querydomain
res_search	sv2ms	SIGFE	__res_search
res_send	sv2ms	SIGFE	__res_send
revoke	sv2ms	SIGFE	revoke
rewind	sv2ms	SIGFE	rewind
rewinddir	sv2ms	SIGFE	rewinddir
rexec	sv2ms	SIGFE	cygwin_rexec
rindex	sv2ms	NOSIGFE	rindex
rint	sv2ms	NOSIGFE	rint
rintf	sv2ms	NOSIGFE	rintf
rintl	sv2ms	NOSIGFE	rintl
rmdir	sv2ms	SIGFE	rmdir
round	sv2ms	NOSIGFE	round
roundf	sv2ms	NOSIGFE	roundf
roundl	sv2ms	NOSIGFE	roundl
rpmatch	sv2ms	SIGFE	rpmatch
rresvport	sv2ms	SIGFE	cygwin_rresvport
rresvport_af	sv2ms	SIGFE	cygwin_rresvport_af
ruserok	sv2ms	SIGFE	ruserok
sbrk	sv2ms	SIGFE	sbrk
scalb	sv2ms	NOSIGFE	scalb
scalbf	sv2ms	NOSIGFE	scalbf
scalbl	sv2ms	NOSIGFE	scalbl
scalbln	sv2ms	NOSIGFE	scalbln
scalblnf	sv2ms	NOSIGFE	scalblnf
scalblnl	sv2ms	NOSIGFE	scalblnl
scalbn	sv2ms	NOSIGFE	scalbn
scalbnf	sv2ms	NOSIGFE	scalbnf
scalbnl	sv2ms	NOSIGFE	scalbnl
scandir	sv2ms	SIGFE	scandir
scandirat	sv2ms	SIGFE	scandirat
scanf	variadic	SIGFE	scanf
sched_get_priority_max	sv2ms	SIGFE	sched_get_priority_max
sched_get_priority_min	sv2ms	SIGFE	sched_get_priority_min
sched_getaffinity	sv2ms	SIGFE	sched_getaffinity
sched_getcpu	sv2ms	SIGFE	sched_getcpu
sched_getparam	sv2ms	SIGFE	sched_getparam
sched_getscheduler	sv2ms	NOSIGFE	sched_getscheduler
sched_rr_get_interval	sv2ms	SIGFE	sched_rr_get_interval
sched_setaffinity	sv2ms	SIGFE	sched_setaffinity
sched_setparam	sv2ms	SIGFE	sched_setparam
sched_setscheduler	sv2ms	SIGFE	sched_setscheduler
sched_yield	sv2ms	SIGFE	sched_yield
secure_getenv	sv2ms	NOSIGFE	secure_getenv
seed48	sv2ms	NOSIGFE	seed48
seekdir	sv2ms	SIGFE	seekdir
select	sv2ms	SIGFE	cygwin_select
sem_clockwait	sv2ms	SIGFE	sem_clockwait
sem_close	sv2ms	SIGFE	sem_close
sem_destroy	sv2ms	SIGFE	sem_destroy
sem_getvalue	sv2ms	SIGFE	sem_getvalue
sem_init	sv2ms	SIGFE	sem_init
sem_open	variadic	SIGFE	sem_open
sem_post	sv2ms	SIGFE	sem_post
sem_timedwait	sv2ms	SIGFE	sem_timedwait
sem_trywait	sv2ms	SIGFE	sem_trywait
sem_unlink	sv2ms	SIGFE	sem_unlink
sem_wait	sv2ms	SIGFE	sem_wait
semctl	variadic	SIGFE	semctl
semget	sv2ms	SIGFE	semget
semop	sv2ms	SIGFE	semop
send	sv2ms	SIGFE	cygwin_send
sendmsg	sv2ms	SIGFE	cygwin_sendmsg
sendto	sv2ms	SIGFE	cygwin_sendto
setbuf	sv2ms	SIGFE	setbuf
setbuffer	sv2ms	SIGFE	setbuffer
setcontext	sv2ms	NOSIGFE	setcontext
setdtablesize	sv2ms	SIGFE	setdtablesize
setegid	sv2ms	SIGFE	setegid
setenv	sv2ms	SIGFE	setenv
seteuid	sv2ms	SIGFE	seteuid
setgid	sv2ms	SIGFE	setgid
setgrent	sv2ms	NOSIGFE	setgrent
setgroups	sv2ms	SIGFE	setgroups
sethostent	sv2ms	NOSIGFE	sethostent
sethostname	sv2ms	SIGFE	sethostname
setitimer	sv2ms	SIGFE	setitimer
setjmp	sv2ms	NOSIGFE	setjmp
setlinebuf	sv2ms	SIGFE	setlinebuf
setlocale	sv2ms	NOSIGFE	setlocale
setlogmask	sv2ms	NOSIGFE	setlogmask
setmntent	sv2ms	SIGFE	setmntent
setpassent	sv2ms	NOSIGFE	setpassent
setpgid	sv2ms	SIGFE	setpgid
setpgrp	sv2ms	SIGFE	setpgrp
setpriority	sv2ms	SIGFE	setpriority
setproctitle	variadic	SIGFE	setproctitle
setprogname	sv2ms	NOSIGFE	setprogname
setprotoent	sv2ms	SIGFE	cygwin_setprotoent
setpwent	sv2ms	NOSIGFE	setpwent
setregid	sv2ms	SIGFE	setregid
setreuid	sv2ms	SIGFE	setreuid
setrlimit	sv2ms	SIGFE	setrlimit
setservent	sv2ms	SIGFE	cygwin_setservent
setsid	sv2ms	SIGFE	setsid
setsockopt	sv2ms	SIGFE	cygwin_setsockopt
setstate	sv2ms	NOSIGFE	setstate
settimeofday	sv2ms	SIGFE	settimeofday
setuid	sv2ms	SIGFE	setuid
setusershell	sv2ms	SIGFE	setusershell
setutent	sv2ms	SIGFE	setutent
setutxent	sv2ms	SIGFE	setutxent
setvbuf	sv2ms	SIGFE	setvbuf
setxattr	sv2ms	SIGFE	setxattr
shm_open	sv2ms	SIGFE	shm_open
shm_unlink	sv2ms	SIGFE	shm_unlink
shmat	sv2ms	SIGFE	shmat
shmctl	sv2ms	SIGFE	shmctl
shmdt	sv2ms	SIGFE	shmdt
shmget	sv2ms	SIGFE	shmget
shutdown	sv2ms	SIGFE	cygwin_shutdown
sig2str	sv2ms	SIGFE	sig2str
sigaction	sv2ms	SIGFE	sigaction
sigaddset	sv2ms	SIGFE	sigaddset
sigaltstack	sv2ms	SIGFE	sigaltstack
sigdelset	sv2ms	SIGFE	sigdelset
sigemptyset	sv2ms	NOSIGFE	sigemptyset
sigfillset	sv2ms	NOSIGFE	sigfillset
sighold	sv2ms	SIGFE	sighold
sigignore	sv2ms	SIGFE	sigignore
siginterrupt	sv2ms	SIGFE	siginterrupt
sigismember	sv2ms	SIGFE	sigismember
siglongjmp	sv2ms	NOSIGFE	siglongjmp
signal	sv2ms	SIGFE	signal
signalfd	sv2ms	SIGFE	signalfd
significand	sv2ms	NOSIGFE	significand
significandf	sv2ms	NOSIGFE	significandf
sigpause	sv2ms	SIGFE	sigpause
sigpending	sv2ms	SIGFE	sigpending
sigprocmask	sv2ms	SIGFE	sigprocmask
sigqueue	sv2ms	SIGFE	sigqueue
sigrelse	sv2ms	SIGFE	sigrelse
sigset	sv2ms	SIGFE	sigset
sigsetjmp	sv2ms	NOSIGFE	sigsetjmp
sigsuspend	sv2ms	SIGFE	sigsuspend
sigtimedwait	sv2ms	SIGFE	sigtimedwait
sigwait	sv2ms	SIGFE	sigwait
sigwaitinfo	sv2ms	SIGFE	sigwaitinfo
sin	sv2ms	NOSIGFE	sin
sincos	sv2ms	NOSIGFE	sincos
sincosf	sv2ms	NOSIGFE	sincosf
sincosl	sv2ms	NOSIGFE	sincosl
sinf	sv2ms	NOSIGFE	sinf
sinh	sv2ms	NOSIGFE	sinh
sinhf	sv2ms	NOSIGFE	sinhf
sinhl	sv2ms	NOSIGFE	sinhl
sinl	sv2ms	NOSIGFE	sinl
siprintf	variadic	SIGFE	siprintf
sleep	sv2ms	SIGFE	sleep
snprintf	variadic	SIGFE	snprintf
sockatmark	sv2ms	SIGFE	sockatmark
socket	sv2ms	SIGFE	cygwin_socket
socketpair	sv2ms	SIGFE	socketpair
spawnl	variadic	SIGFE	spawnl
spawnle	variadic	SIGFE	spawnle
spawnlp	variadic	SIGFE	spawnlp
spawnlpe	sv2ms	SIGFE	spawnlpe
spawnv	sv2ms	SIGFE	spawnv
spawnve	sv2ms	SIGFE	spawnve
spawnvp	sv2ms	SIGFE	spawnvp
spawnvpe	sv2ms	SIGFE	spawnvpe
sprintf	variadic	SIGFE	sprintf
sqrt	sv2ms	NOSIGFE	sqrt
sqrtf	sv2ms	NOSIGFE	sqrtf
sqrtl	sv2ms	NOSIGFE	sqrtl
srand	sv2ms	NOSIGFE	srand
srand48	sv2ms	NOSIGFE	srand48
srandom	sv2ms	NOSIGFE	srandom
sscanf	variadic	SIGFE	sscanf
stat	sv2ms	SIGFE	stat
statfs	sv2ms	SIGFE	statfs
statvfs	sv2ms	SIGFE	statvfs
stime	sv2ms	SIGFE	stime
stpcpy	sv2ms	NOSIGFE	stpcpy
stpncpy	sv2ms	NOSIGFE	stpncpy
str2sig	sv2ms	SIGFE	str2sig
strcasecmp	sv2ms	NOSIGFE	strcasecmp
strcasecmp_l	sv2ms	NOSIGFE	strcasecmp_l
strcasestr	sv2ms	NOSIGFE	strcasestr
strcat	sv2ms	NOSIGFE	strcat
strchr	sv2ms	NOSIGFE	strchr
strchrnul	sv2ms	NOSIGFE	strchrnul
strcmp	sv2ms	NOSIGFE	strcmp
strcoll	sv2ms	NOSIGFE	strcoll
strcoll_l	sv2ms	NOSIGFE	strcoll_l
strcpy	sv2ms	NOSIGFE	strcpy
strcspn	sv2ms	NOSIGFE	strcspn
strdup	sv2ms	SIGFE	strdup
strerror	sv2ms	SIGFE	strerror
strerror_l	sv2ms	SIGFE	strerror_l
strerror_r	sv2ms	SIGFE	strerror_r
strfmon	sv2ms	SIGFE	strfmon
strfmon_l	sv2ms	SIGFE	strfmon_l
strftime	sv2ms	SIGFE	strftime
strftime_l	sv2ms	SIGFE	strftime_l
strlcat	sv2ms	NOSIGFE	strlcat
strlcpy	sv2ms	NOSIGFE	strlcpy
strlen	sv2ms	NOSIGFE	strlen
strlwr	sv2ms	NOSIGFE	strlwr
strncasecmp	sv2ms	NOSIGFE	strncasecmp
strncasecmp_l	sv2ms	NOSIGFE	strncasecmp_l
strncat	sv2ms	NOSIGFE	strncat
strncmp	sv2ms	NOSIGFE	strncmp
strncpy	sv2ms	NOSIGFE	strncpy
strndup	sv2ms	SIGFE	strndup
strnlen	sv2ms	NOSIGFE	strnlen
strnstr	sv2ms	NOSIGFE	strnstr
strpbrk	sv2ms	NOSIGFE	strpbrk
strptime	sv2ms	SIGFE	strptime
strptime_l	sv2ms	SIGFE	strptime_l
strrchr	sv2ms	NOSIGFE	strrchr
strsep	sv2ms	NOSIGFE	strsep
strsignal	sv2ms	SIGFE	strsignal
strspn	sv2ms	NOSIGFE	strspn
strstr	sv2ms	NOSIGFE	strstr
strtod	sv2ms	SIGFE	strtod
strtod_l	sv2ms	SIGFE	strtod_l
strtof	sv2ms	SIGFE	strtof
strtof_l	sv2ms	SIGFE	strtof_l
strtoimax	sv2ms	NOSIGFE	strtoll
strtok	sv2ms	NOSIGFE	strtok
strtok_r	sv2ms	NOSIGFE	strtok_r
strtol	sv2ms	NOSIGFE	strtol
strtol_l	sv2ms	NOSIGFE	strtol_l
strtold	sv2ms	SIGFE	strtold
strtold_l	sv2ms	SIGFE	strtold_l
strtoll	sv2ms	NOSIGFE	strtoll
strtoll_l	sv2ms	NOSIGFE	strtoll_l
strtosigno	sv2ms	NOSIGFE	strtosigno
strtoul	sv2ms	NOSIGFE	strtoul
strtoul_l	sv2ms	NOSIGFE	strtoul_l
strtoull	sv2ms	NOSIGFE	strtoull
strtoull_l	sv2ms	NOSIGFE	strtoull_l
strtoumax	sv2ms	NOSIGFE	strtoull
strupr	sv2ms	NOSIGFE	strupr
strverscmp	sv2ms	NOSIGFE	strverscmp
strxfrm	sv2ms	NOSIGFE	strxfrm
strxfrm_l	sv2ms	NOSIGFE	strxfrm_l
swab	sv2ms	NOSIGFE	swab
swapcontext	sv2ms	NOSIGFE	swapcontext
swprintf	variadic	SIGFE	swprintf
swscanf	variadic	SIGFE	swscanf
symlink	sv2ms	SIGFE	symlink
symlinkat	sv2ms	SIGFE	symlinkat
sync	sv2ms	SIGFE	sync
sysconf	sv2ms	SIGFE	sysconf
sysinfo	sv2ms	SIGFE	sysinfo
syslog	variadic	SIGFE	syslog
system	sv2ms	SIGFE	system
tan	sv2ms	NOSIGFE	tan
tanf	sv2ms	NOSIGFE	tanf
tanh	sv2ms	NOSIGFE	tanh
tanhf	sv2ms	NOSIGFE	tanhf
tanhl	sv2ms	NOSIGFE	tanhl
tanl	sv2ms	NOSIGFE	tanl
tcdrain	sv2ms	SIGFE	tcdrain
tcflow	sv2ms	SIGFE	tcflow
tcflush	sv2ms	SIGFE	tcflush
tcgetattr	sv2ms	SIGFE	tcgetattr
tcgetpgrp	sv2ms	SIGFE	tcgetpgrp
tcgetsid	sv2ms	SIGFE	tcgetsid
tcgetwinsize	sv2ms	SIGFE	tcgetwinsize
tcsendbreak	sv2ms	SIGFE	tcsendbreak
tcsetattr	sv2ms	SIGFE	tcsetattr
tcsetpgrp	sv2ms	SIGFE	tcsetpgrp
tcsetwinsize	sv2ms	SIGFE	tcsetwinsize
tdelete	sv2ms	SIGFE	tdelete
tdestroy	sv2ms	NOSIGFE	tdestroy
telldir	sv2ms	SIGFE	telldir
tempnam	sv2ms	SIGFE	tempnam
tfind	sv2ms	NOSIGFE	tfind
tgamma	sv2ms	NOSIGFE	tgamma
tgammaf	sv2ms	NOSIGFE	tgammaf
tgammal	sv2ms	NOSIGFE	tgammal
thrd_create	sv2ms	SIGFE	thrd_create
thrd_current	sv2ms	SIGFE	thrd_current
thrd_detach	sv2ms	SIGFE	thrd_detach
thrd_equal	sv2ms	SIGFE	thrd_equal
thrd_exit	sv2ms	SIGFE	thrd_exit
thrd_join	sv2ms	SIGFE	thrd_join
thrd_sleep	sv2ms	SIGFE	thrd_sleep
thrd_yield	sv2ms	SIGFE	thrd_yield
time	sv2ms	SIGFE	time
timegm	sv2ms	NOSIGFE	timegm
timelocal	sv2ms	SIGFE	timelocal
timer_create	sv2ms	SIGFE	timer_create
timer_delete	sv2ms	SIGFE	timer_delete
timer_getoverrun	sv2ms	SIGFE	timer_getoverrun
timer_gettime	sv2ms	SIGFE	timer_gettime
timer_settime	sv2ms	SIGFE	timer_settime
timerfd_create	sv2ms	SIGFE	timerfd_create
timerfd_gettime	sv2ms	SIGFE	timerfd_gettime
timerfd_settime	sv2ms	SIGFE	timerfd_settime
times	sv2ms	SIGFE	times
timespec_get	sv2ms	SIGFE	timespec_get
timezone	sv2ms	SIGFE	timezone
timingsafe_bcmp	sv2ms	NOSIGFE	timingsafe_bcmp
timingsafe_memcmp	sv2ms	NOSIGFE	timingsafe_memcmp
tmpfile	sv2ms	SIGFE	tmpfile
tmpnam	sv2ms	SIGFE	tmpnam
toascii	sv2ms	NOSIGFE	toascii
toascii_l	sv2ms	NOSIGFE	toascii_l
tolower	sv2ms	NOSIGFE	tolower
tolower_l	sv2ms	NOSIGFE	tolower_l
toupper	sv2ms	NOSIGFE	toupper
toupper_l	sv2ms	NOSIGFE	toupper_l
towctrans	sv2ms	NOSIGFE	towctrans
towctrans_l	sv2ms	NOSIGFE	towctrans_l
towlower	sv2ms	NOSIGFE	towlower
towlower_l	sv2ms	NOSIGFE	towlower_l
towupper	sv2ms	NOSIGFE	towupper
towupper_l	sv2ms	NOSIGFE	towupper_l
trunc	sv2ms	NOSIGFE	trunc
truncate	sv2ms	SIGFE	truncate
truncf	sv2ms	NOSIGFE	truncf
truncl	sv2ms	NOSIGFE	truncl
tsearch	sv2ms	SIGFE	tsearch
tss_create	sv2ms	SIGFE	tss_create
tss_delete	sv2ms	SIGFE	tss_delete
tss_get	sv2ms	SIGFE	tss_get
tss_set	sv2ms	SIGFE	tss_set
ttyname	sv2ms	SIGFE	ttyname
ttyname_r	sv2ms	SIGFE	ttyname_r
ttyslot	sv2ms	NOSIGFE	ttyslot
twalk	sv2ms	NOSIGFE	twalk
tzset	sv2ms	SIGFE	tzset
ualarm	sv2ms	SIGFE	ualarm
umask	sv2ms	NOSIGFE	umask
umount	sv2ms	SIGFE	umount
uname	sv2ms	SIGFE	uname
uname_x	sv2ms	SIGFE	uname_x
ungetc	sv2ms	SIGFE	ungetc
ungetwc	sv2ms	SIGFE	ungetwc
unlink	sv2ms	SIGFE	unlink
unlinkat	sv2ms	SIGFE	unlinkat
unlockpt	sv2ms	NOSIGFE	unlockpt
unsetenv	sv2ms	SIGFE	unsetenv
updwtmp	sv2ms	SIGFE	updwtmp
updwtmpx	sv2ms	SIGFE	updwtmpx
uselocale	sv2ms	SIGFE	uselocale
usleep	sv2ms	SIGFE	usleep
utime	sv2ms	SIGFE	utime
utimensat	sv2ms	SIGFE	utimensat
utimes	sv2ms	SIGFE	utimes
utmpname	sv2ms	SIGFE	utmpname
utmpxname	sv2ms	SIGFE	utmpxname
valloc	sv2ms	SIGFE	valloc
vasnprintf	variadic	SIGFE	vasnprintf
vasprintf	variadic	SIGFE	vasprintf
vdprintf	variadic	SIGFE	vdprintf
verr	variadic	SIGFE	verr
verrx	variadic	SIGFE	verrx
versionsort	sv2ms	NOSIGFE	versionsort
vfiprintf	variadic	SIGFE	vfiprintf
vfork	sv2ms	SIGFE	vfork
vfprintf	variadic	SIGFE	vfprintf
vfscanf	variadic	SIGFE	vfscanf
vfwprintf	variadic	SIGFE	vfwprintf
vfwscanf	variadic	SIGFE	vfwscanf
vhangup	sv2ms	SIGFE	vhangup
vprintf	variadic	SIGFE	vprintf
vscanf	variadic	SIGFE	vscanf
vsnprintf	variadic	SIGFE	vsnprintf
vsprintf	variadic	SIGFE	vsprintf
vsscanf	variadic	SIGFE	vsscanf
vswprintf	variadic	SIGFE	vswprintf
vswscanf	variadic	SIGFE	vswscanf
vsyslog	variadic	SIGFE	vsyslog
vwarn	variadic	SIGFE	vwarn
vwarnx	variadic	SIGFE	vwarnx
vwprintf	variadic	SIGFE	vwprintf
vwscanf	variadic	SIGFE	vwscanf
wait	sv2ms	SIGFE	wait
wait3	sv2ms	SIGFE	wait3
wait4	sv2ms	SIGFE	wait4
waitpid	sv2ms	SIGFE	waitpid
warn	variadic	SIGFE	warn
warnx	variadic	SIGFE	warnx
wcpcpy	sv2ms	NOSIGFE	wcpcpy
wcpncpy	sv2ms	NOSIGFE	wcpncpy
wcrtomb	sv2ms	NOSIGFE	wcrtomb
wcscasecmp	sv2ms	NOSIGFE	wcscasecmp
wcscasecmp_l	sv2ms	NOSIGFE	wcscasecmp_l
wcscat	sv2ms	NOSIGFE	wcscat
wcschr	sv2ms	NOSIGFE	wcschr
wcscmp	sv2ms	NOSIGFE	wcscmp
wcscoll	sv2ms	NOSIGFE	wcscoll
wcscoll_l	sv2ms	NOSIGFE	wcscoll_l
wcscpy	sv2ms	NOSIGFE	wcscpy
wcscspn	sv2ms	NOSIGFE	wcscspn
wcsdup	sv2ms	NOSIGFE	wcsdup
wcsftime	sv2ms	SIGFE	wcsftime
wcsftime_l	sv2ms	SIGFE	wcsftime_l
wcslcat	sv2ms	NOSIGFE	wcslcat
wcslcpy	sv2ms	NOSIGFE	wcslcpy
wcslen	sv2ms	NOSIGFE	wcslen
wcsncasecmp	sv2ms	NOSIGFE	wcsncasecmp
wcsncasecmp_l	sv2ms	NOSIGFE	wcsncasecmp_l
wcsncat	sv2ms	NOSIGFE	wcsncat
wcsncmp	sv2ms	NOSIGFE	wcsncmp
wcsncpy	sv2ms	NOSIGFE	wcsncpy
wcsnlen	sv2ms	NOSIGFE	wcsnlen
wcsnrtombs	sv2ms	NOSIGFE	wcsnrtombs
wcspbrk	sv2ms	NOSIGFE	wcspbrk
wcsrchr	sv2ms	NOSIGFE	wcsrchr
wcsrtombs	sv2ms	NOSIGFE	wcsrtombs
wcsspn	sv2ms	NOSIGFE	wcsspn
wcsstr	sv2ms	NOSIGFE	wcsstr
wcstod	sv2ms	NOSIGFE	wcstod
wcstod_l	sv2ms	NOSIGFE	wcstod_l
wcstof	sv2ms	NOSIGFE	wcstof
wcstof_l	sv2ms	NOSIGFE	wcstof_l
wcstoimax	sv2ms	NOSIGFE	wcstoll
wcstok	sv2ms	NOSIGFE	wcstok
wcstol	sv2ms	NOSIGFE	wcstol
wcstol_l	sv2ms	NOSIGFE	wcstol_l
wcstold	sv2ms	NOSIGFE	wcstold
wcstold_l	sv2ms	NOSIGFE	wcstold_l
wcstoll	sv2ms	NOSIGFE	wcstoll
wcstoll_l	sv2ms	NOSIGFE	wcstoll_l
wcstombs	sv2ms	NOSIGFE	wcstombs
wcstoul	sv2ms	NOSIGFE	wcstoul
wcstoul_l	sv2ms	NOSIGFE	wcstoul_l
wcstoull	sv2ms	NOSIGFE	wcstoull
wcstoull_l	sv2ms	NOSIGFE	wcstoull_l
wcstoumax	sv2ms	NOSIGFE	wcstoull
wcswidth	sv2ms	NOSIGFE	wcswidth
wcsxfrm	sv2ms	NOSIGFE	wcsxfrm
wcsxfrm_l	sv2ms	NOSIGFE	wcsxfrm_l
wctob	sv2ms	NOSIGFE	wctob
wctomb	sv2ms	NOSIGFE	wctomb
wctrans	sv2ms	NOSIGFE	wctrans
wctrans_l	sv2ms	NOSIGFE	wctrans_l
wctype	sv2ms	NOSIGFE	wctype
wctype_l	sv2ms	NOSIGFE	wctype_l
wcwidth	sv2ms	NOSIGFE	wcwidth
wmemchr	sv2ms	NOSIGFE	wmemchr
wmemcmp	sv2ms	NOSIGFE	wmemcmp
wmemcpy	sv2ms	NOSIGFE	wmemcpy
wmemmove	sv2ms	NOSIGFE	wmemmove
wmempcpy	sv2ms	NOSIGFE	wmempcpy
wmemset	sv2ms	NOSIGFE	wmemset
wordexp	sv2ms	NOSIGFE	wordexp
wordfree	sv2ms	NOSIGFE	wordfree
wprintf	variadic	SIGFE	wprintf
write	sv2ms	SIGFE	write
writev	sv2ms	SIGFE	writev
wscanf	variadic	SIGFE	wscanf
xdr_array	sv2ms	SIGFE	xdr_array
xdr_bool	sv2ms	SIGFE	xdr_bool
xdr_bytes	sv2ms	SIGFE	xdr_bytes
xdr_char	sv2ms	SIGFE	xdr_char
xdr_double	sv2ms	SIGFE	xdr_double
xdr_enum	sv2ms	SIGFE	xdr_enum
xdr_float	sv2ms	SIGFE	xdr_float
xdr_free	sv2ms	SIGFE	xdr_free
xdr_hyper	sv2ms	SIGFE	xdr_hyper
xdr_int	sv2ms	SIGFE	xdr_int
xdr_int16_t	sv2ms	SIGFE	xdr_int16_t
xdr_int32_t	sv2ms	SIGFE	xdr_int32_t
xdr_int64_t	sv2ms	SIGFE	xdr_int64_t
xdr_int8_t	sv2ms	SIGFE	xdr_int8_t
xdr_long	sv2ms	SIGFE	xdr_long
xdr_longlong_t	sv2ms	SIGFE	xdr_longlong_t
xdr_netobj	sv2ms	SIGFE	xdr_netobj
xdr_opaque	sv2ms	SIGFE	xdr_opaque
xdr_pointer	sv2ms	SIGFE	xdr_pointer
xdr_reference	sv2ms	SIGFE	xdr_reference
xdr_short	sv2ms	SIGFE	xdr_short
xdr_sizeof	sv2ms	SIGFE	xdr_sizeof
xdr_string	sv2ms	SIGFE	xdr_string
xdr_u_char	sv2ms	SIGFE	xdr_u_char
xdr_u_hyper	sv2ms	SIGFE	xdr_u_hyper
xdr_u_int	sv2ms	SIGFE	xdr_u_int
xdr_u_int16_t	sv2ms	SIGFE	xdr_u_int16_t
xdr_u_int32_t	sv2ms	SIGFE	xdr_u_int32_t
xdr_u_int64_t	sv2ms	SIGFE	xdr_u_int64_t
xdr_u_int8_t	sv2ms	SIGFE	xdr_u_int8_t
xdr_u_long	sv2ms	SIGFE	xdr_u_long
xdr_u_longlong_t	sv2ms	SIGFE	xdr_u_longlong_t
xdr_u_short	sv2ms	SIGFE	xdr_u_short
xdr_uint16_t	sv2ms	SIGFE	xdr_uint16_t
xdr_uint32_t	sv2ms	SIGFE	xdr_uint32_t
xdr_uint64_t	sv2ms	SIGFE	xdr_uint64_t
xdr_uint8_t	sv2ms	SIGFE	xdr_uint8_t
xdr_union	sv2ms	SIGFE	xdr_union
xdr_vector	sv2ms	SIGFE	xdr_vector
xdr_void	sv2ms	SIGFE	xdr_void
xdr_wrapstring	sv2ms	SIGFE	xdr_wrapstring
xdrmem_create	sv2ms	SIGFE	xdrmem_create
xdrrec_create	sv2ms	SIGFE	xdrrec_create
xdrrec_endofrecord	sv2ms	SIGFE	xdrrec_endofrecord
xdrrec_eof	sv2ms	SIGFE	xdrrec_eof
xdrrec_skiprecord	sv2ms	SIGFE	xdrrec_skiprecord
xdrstdio_create	sv2ms	SIGFE	xdrstdio_create
y0	sv2ms	NOSIGFE	y0
y0f	sv2ms	NOSIGFE	y0f
y1	sv2ms	NOSIGFE	y1
y1f	sv2ms	NOSIGFE	y1f
yn	sv2ms	NOSIGFE	yn
ynf	sv2ms	NOSIGFE	ynf
