__assert	unlisted	-
__assert_func	unlisted	-
__assertfail	unlisted	-
__b64_ntop	int	int __b64_ntop (const u_char *, size_t, char *, size_t)
__b64_pton	int	int __b64_pton (const char *, u_char *, size_t)
__bsd_qsort_r	unlisted	-
__chk_fail	unlisted	-
__cpuset_alloc	int	cpu_set_t *__cpuset_alloc (int)
__cpuset_free	int	void __cpuset_free (cpu_set_t *)
__cxa_atexit	unlisted	-
__cxa_finalize	unlisted	-
__dn_comp	int	int __dn_comp (const char *, u_char *, int, u_char **, u_char **)
__dn_expand	int	int __dn_expand (const u_char *, const u_char *, const u_char *, char *, int)
__dn_skipname	int	int __dn_skipname (const u_char *, const u_char *)
__eprintf	int	void __eprintf (const char *, const char *, unsigned int, const char *)
__errno	int	int *__errno (void)
__fbufsize	unlisted	-
__flbf	unlisted	-
__fpclassifyd	fp	int __fpclassifyd (double)
__fpclassifyf	fp	int __fpclassifyf (float)
__fpending	unlisted	-
__fpurge	int	void __fpurge (FILE *)
__freadable	unlisted	-
__freading	unlisted	-
__fsetlocking	int	int __fsetlocking (FILE *, int)
__fwritable	unlisted	-
__fwriting	unlisted	-
__getpagesize	int	int __getpagesize (void)
__getreent	int	struct _reent *__getreent (void)
__gets_chk	unlisted	-
__gnu_basename	unlisted	-
__infinity	unlisted	-
__isinfd	fp	int __isinfd (double)
__isinff	fp	int __isinff (float)
__isnand	fp	int __isnand (double)
__isnanf	fp	int __isnanf (float)
__locale_ctype_ptr	int	const char *__locale_ctype_ptr (void)
__locale_ctype_ptr_l	int	const char *__locale_ctype_ptr_l (locale_t)
__locale_mb_cur_max	int	int __locale_mb_cur_max (void)
__main	unlisted	-
__memcpy_chk	unlisted	-
__memmove_chk	unlisted	-
__mempcpy	unlisted	-
__mempcpy_chk	unlisted	-
__memset_chk	unlisted	-
__opendir_with_d_ino	unlisted	-
__res_close	int	void __res_close (void)
__res_init	int	int __res_init (void)
__res_mkquery	int	int __res_mkquery (int, const char *, int, int, const u_char *, int, const u_char *, u_char *, int)
__res_nclose	int	void __res_nclose (res_state)
__res_ninit	int	int __res_ninit (res_state)
__res_nmkquery	int	int __res_nmkquery (res_state, int, const char *, int, int, const u_char *, int, const u_char *, u_char *, int)
__res_nquery	int	int __res_nquery (res_state, const char *, int, int, u_char *, int)
__res_nquerydomain	int	int __res_nquerydomain (res_state, const char *, const char *, int, int, u_char *, int)
__res_nsearch	int	int __res_nsearch (res_state, const char *, int, int, u_char *, int)
__res_nsend	int	int __res_nsend (res_state, const u_char *, int, u_char *, int)
__res_query	int	int __res_query (const char *, int, int, u_char *, int)
__res_querydomain	int	int __res_querydomain (const char *, const char *, int, int, u_char *, int)
__res_search	int	int __res_search (const char *, int, int, u_char *, int)
__res_send	int	int __res_send (const u_char *, int, u_char *, int)
__res_state	int	struct __res_state *__res_state (void)
__sched_getaffinity_sys	int	int __sched_getaffinity_sys (__pid_t, __size_t, cpu_set_t *)
__signbitd	fp	int __signbitd (double)
__signbitf	fp	int __signbitf (float)
__signgam	int	int *__signgam (void)
__srget	unlisted	-
__srget_r	int	int __srget_r (struct _reent *, FILE *)
__stack_chk_fail	unlisted	-
__stack_chk_fail_local	unlisted	-
__stpcpy_chk	unlisted	-
__stpncpy_chk	unlisted	-
__strcat_chk	unlisted	-
__strcpy_chk	unlisted	-
__strncat_chk	unlisted	-
__strncpy_chk	unlisted	-
__swbuf	unlisted	-
__swbuf_r	int	int __swbuf_r (struct _reent *, int, FILE *)
__wrap__ZdaPv	unlisted	-
__wrap__ZdaPvRKSt9nothrow_t	unlisted	-
__wrap__ZdlPv	unlisted	-
__wrap__ZdlPvRKSt9nothrow_t	unlisted	-
__wrap__Znam	unlisted	-
__wrap__ZnamRKSt9nothrow_t	unlisted	-
__wrap__Znwm	unlisted	-
__wrap__ZnwmRKSt9nothrow_t	unlisted	-
__xdrrec_getrec	unlisted	-
__xdrrec_setnonblock	unlisted	-
__xpg_sigpause	unlisted	-
__xpg_strerror_r	unlisted	-
_alloca	unlisted	-
_dll_crt0	unlisted	-
_Exit	int	void _Exit (int)
_exit	int	void _exit (int)
_feinitialise	unlisted	-
_get_osfhandle	unlisted	-
_longjmp	int	void _longjmp (long int *, int)
_pipe	unlisted	-
_pthread_cleanup_pop	int	void _pthread_cleanup_pop (int)
_pthread_cleanup_push	int	void _pthread_cleanup_push (__pthread_cleanup_handler *)
_setjmp	int	int _setjmp (long int *)
_setmode	unlisted	-
a64l	int	long int a64l (const char *)
abort	int	void abort (void)
abs	int	int abs (int)
accept	int	int accept (int, struct sockaddr *, socklen_t *)
accept4	int	int accept4 (int, struct sockaddr *, socklen_t *, int)
access	int	int access (const char *, int)
acl	unlisted	-
acl_add_perm	int	int acl_add_perm (acl_permset_t, acl_perm_t)
acl_calc_mask	int	int acl_calc_mask (acl_t *)
acl_check	unlisted	-
acl_clear_perms	int	int acl_clear_perms (acl_permset_t)
acl_cmp	unlisted	-
acl_copy_entry	int	int acl_copy_entry (acl_entry_t, acl_entry_t)
acl_copy_ext	int	ssize_t acl_copy_ext (void *, acl_t, ssize_t)
acl_copy_int	int	acl_t acl_copy_int (const void *)
acl_create_entry	int	int acl_create_entry (acl_t *, acl_entry_t *)
acl_delete_def_file	int	int acl_delete_def_file (const char *)
acl_delete_entry	int	int acl_delete_entry (acl_t, acl_entry_t)
acl_delete_perm	int	int acl_delete_perm (acl_permset_t, acl_perm_t)
acl_dup	int	acl_t acl_dup (acl_t)
acl_entries	unlisted	-
acl_equiv_mode	unlisted	-
acl_error	unlisted	-
acl_extended_fd	unlisted	-
acl_extended_file	unlisted	-
acl_extended_file_nofollow	unlisted	-
acl_free	int	int acl_free (void *)
acl_from_mode	unlisted	-
acl_from_text	int	acl_t acl_from_text (const char *)
acl_get_entry	int	int acl_get_entry (acl_t, int, acl_entry_t *)
acl_get_fd	int	acl_t acl_get_fd (int)
acl_get_file	int	acl_t acl_get_file (const char *, acl_type_t)
acl_get_perm	unlisted	-
acl_get_permset	int	int acl_get_permset (acl_entry_t, acl_permset_t *)
acl_get_qualifier	int	void *acl_get_qualifier (acl_entry_t)
acl_get_tag_type	int	int acl_get_tag_type (acl_entry_t, acl_tag_t *)
acl_init	int	acl_t acl_init (int)
acl_set_fd	int	int acl_set_fd (int, acl_t)
acl_set_file	int	int acl_set_file (const char *, acl_type_t, acl_t)
acl_set_permset	int	int acl_set_permset (acl_entry_t, acl_permset_t)
acl_set_qualifier	int	int acl_set_qualifier (acl_entry_t, const void *)
acl_set_tag_type	int	int acl_set_tag_type (acl_entry_t, acl_tag_t)
acl_size	int	ssize_t acl_size (acl_t)
acl_to_any_text	unlisted	-
acl_to_text	int	char *acl_to_text (acl_t, ssize_t *)
acl_valid	int	int acl_valid (acl_t)
aclcheck	unlisted	-
aclfrommode	unlisted	-
aclfrompbits	unlisted	-
aclfromtext	unlisted	-
aclsort	unlisted	-
acltomode	unlisted	-
acltopbits	unlisted	-
acltotext	unlisted	-
acos	fp	double acos (double)
acosf	fp	float acosf (float)
acosh	fp	double acosh (double)
acoshf	fp	float acoshf (float)
acoshl	fp	long double acoshl (long double)
acosl	fp	long double acosl (long double)
aio_cancel	int	int aio_cancel (int, struct aiocb *)
aio_error	int	int aio_error (const struct aiocb *)
aio_fsync	int	int aio_fsync (int, struct aiocb *)
aio_read	int	int aio_read (struct aiocb *)
aio_return	int	ssize_t aio_return (struct aiocb *)
aio_suspend	int	int aio_suspend (const struct aiocb *const *, int, const struct timespec *)
aio_write	int	int aio_write (struct aiocb *)
alarm	int	unsigned int alarm (unsigned int)
aligned_alloc	int	void *aligned_alloc (size_t, size_t)
alphasort	int	int alphasort (const struct dirent **, const struct dirent **)
arc4random	int	__uint32_t arc4random (void)
arc4random_addrandom	unlisted	-
arc4random_buf	int	void arc4random_buf (void *, size_t)
arc4random_stir	unlisted	-
arc4random_uniform	int	__uint32_t arc4random_uniform (__uint32_t)
argz_add	int	error_t argz_add (char **, size_t *, const char *)
argz_add_sep	int	error_t argz_add_sep (char **, size_t *, const char *, int)
argz_append	int	error_t argz_append (char **, size_t *, const char *, size_t)
argz_count	int	size_t argz_count (const char *, size_t)
argz_create	int	error_t argz_create (char *const *, char **, size_t *)
argz_create_sep	int	error_t argz_create_sep (const char *, int, char **, size_t *)
argz_delete	int	error_t argz_delete (char **, size_t *, char *)
argz_extract	int	void argz_extract (char *, size_t, char **)
argz_insert	int	error_t argz_insert (char **, size_t *, char *, const char *)
argz_next	int	char *argz_next (char *, size_t, const char *)
argz_replace	int	error_t argz_replace (char **, size_t *, const char *, const char *, unsigned int *)
argz_stringify	int	void argz_stringify (char *, size_t, int)
asctime	int	char *asctime (const struct tm *)
asctime_r	int	char *asctime_r (const struct tm *, char *)
asin	fp	double asin (double)
asinf	fp	float asinf (float)
asinh	fp	double asinh (double)
asinhf	fp	float asinhf (float)
asinhl	fp	long double asinhl (long double)
asinl	fp	long double asinl (long double)
at_quick_exit	int	int at_quick_exit (void (*) (void))
atan	fp	double atan (double)
atan2	fp	double atan2 (double, double)
atan2f	fp	float atan2f (float, float)
atan2l	fp	long double atan2l (long double, long double)
atanf	fp	float atanf (float)
atanh	fp	double atanh (double)
atanhf	fp	float atanhf (float)
atanhl	fp	long double atanhl (long double)
atanl	fp	long double atanl (long double)
atexit	int	int atexit (void (*) (void))
atof	fp	double atof (const char *)
atoff	fp	float atoff (const char *)
atoi	int	int atoi (const char *)
atol	int	long int atol (const char *)
atoll	int	long long int atoll (const char *)
basename	int	char *basename (const char *)
bcmp	int	int bcmp (const void *, const void *, size_t)
bcopy	int	void bcopy (const void *, void *, size_t)
bind	int	int bind (int, const struct sockaddr *, socklen_t)
bindresvport	int	int bindresvport (int, struct sockaddr_in *)
bindresvport_sa	int	int bindresvport_sa (int, struct sockaddr *)
bsearch	int	void *bsearch (const void *, const void *, size_t, size_t, __compar_fn_t)
btowc	int	wint_t btowc (int)
bzero	int	void bzero (void *, size_t)
c16rtomb	unlisted	-
c32rtomb	unlisted	-
cabs	fp	double cabs (complex double)
cabsf	fp	float cabsf (complex float)
cabsl	fp	long double cabsl (complex long double)
cacos	fp	complex double cacos (complex double)
cacosf	fp	complex float cacosf (complex float)
cacosh	fp	complex double cacosh (complex double)
cacoshf	fp	complex float cacoshf (complex float)
cacoshl	fp	complex long double cacoshl (complex long double)
cacosl	fp	complex long double cacosl (complex long double)
call_once	unlisted	-
calloc	int	void *calloc (size_t, size_t)
canonicalize_file_name	int	char *canonicalize_file_name (const char *)
carg	fp	double carg (complex double)
cargf	fp	float cargf (complex float)
cargl	fp	long double cargl (complex long double)
casin	fp	complex double casin (complex double)
casinf	fp	complex float casinf (complex float)
casinh	fp	complex double casinh (complex double)
casinhf	fp	complex float casinhf (complex float)
casinhl	fp	complex long double casinhl (complex long double)
casinl	fp	complex long double casinl (complex long double)
catan	fp	complex double catan (complex double)
catanf	fp	complex float catanf (complex float)
catanh	fp	complex double catanh (complex double)
catanhf	fp	complex float catanhf (complex float)
catanhl	fp	complex long double catanhl (complex long double)
catanl	fp	complex long double catanl (complex long double)
catclose	int	int catclose (nl_catd)
catgets	int	char *catgets (nl_catd, int, int, const char *)
catopen	int	nl_catd catopen (const char *, int)
cbrt	fp	double cbrt (double)
cbrtf	fp	float cbrtf (float)
cbrtl	fp	long double cbrtl (long double)
ccos	fp	complex double ccos (complex double)
ccosf	fp	complex float ccosf (complex float)
ccosh	fp	complex double ccosh (complex double)
ccoshf	fp	complex float ccoshf (complex float)
ccoshl	fp	complex long double ccoshl (complex long double)
ccosl	fp	complex long double ccosl (complex long double)
ceil	fp	double ceil (double)
ceilf	fp	float ceilf (float)
ceill	fp	long double ceill (long double)
cexp	fp	complex double cexp (complex double)
cexpf	fp	complex float cexpf (complex float)
cexpl	fp	complex long double cexpl (complex long double)
cfgetispeed	int	speed_t cfgetispeed (const struct termios *)
cfgetospeed	int	speed_t cfgetospeed (const struct termios *)
cfmakeraw	int	void cfmakeraw (struct termios *)
cfsetispeed	int	int cfsetispeed (struct termios *, speed_t)
cfsetospeed	int	int cfsetospeed (struct termios *, speed_t)
cfsetspeed	int	int cfsetspeed (struct termios *, speed_t)
chdir	int	int chdir (const char *)
chmod	int	int chmod (const char *, mode_t)
chown	int	int chown (const char *, uid_t, gid_t)
chroot	int	int chroot (const char *)
cimag	fp	double cimag (complex double)
cimagf	fp	float cimagf (complex float)
cimagl	fp	long double cimagl (complex long double)
clearenv	int	int clearenv (void)
clearerr	int	void clearerr (FILE *)
clearerr_unlocked	int	void clearerr_unlocked (FILE *)
clock	int	clock_t clock (void)
clock_getcpuclockid	int	int clock_getcpuclockid (pid_t, clockid_t *)
clock_getres	int	int clock_getres (clockid_t, struct timespec *)
clock_gettime	int	int clock_gettime (clockid_t, struct timespec *)
clock_nanosleep	int	int clock_nanosleep (clockid_t, int, const struct timespec *, struct timespec *)
clock_setres	int	int clock_setres (clockid_t, struct timespec *)
clock_settime	int	int clock_settime (clockid_t, const struct timespec *)
clog	fp	complex double clog (complex double)
clog10	fp	complex double clog10 (complex double)
clog10f	fp	complex float clog10f (complex float)
clog10l	fp	complex long double clog10l (complex long double)
clogf	fp	complex float clogf (complex float)
clogl	fp	complex long double clogl (complex long double)
close	int	int close (int)
close_range	int	int close_range (unsigned int, unsigned int, int)
closedir	int	int closedir (DIR *)
closelog	int	void closelog (void)
cnd_broadcast	unlisted	-
cnd_destroy	unlisted	-
cnd_init	unlisted	-
cnd_signal	unlisted	-
cnd_timedwait	unlisted	-
cnd_wait	unlisted	-
confstr	int	size_t confstr (int, char *, size_t)
conj	fp	complex double conj (complex double)
conjf	fp	complex float conjf (complex float)
conjl	fp	complex long double conjl (complex long double)
connect	int	int connect (int, const struct sockaddr *, socklen_t)
copysign	fp	double copysign (double, double)
copysignf	fp	float copysignf (float, float)
copysignl	fp	long double copysignl (long double, long double)
cos	fp	double cos (double)
cosf	fp	float cosf (float)
cosh	fp	double cosh (double)
coshf	fp	float coshf (float)
coshl	fp	long double coshl (long double)
cosl	fp	long double cosl (long double)
cpow	fp	complex double cpow (complex double, complex double)
cpowf	fp	complex float cpowf (complex float, complex float)
cpowl	fp	complex long double cpowl (complex long double, complex long double)
cproj	fp	complex double cproj (complex double)
cprojf	fp	complex float cprojf (complex float)
cprojl	fp	complex long double cprojl (complex long double)
creal	fp	double creal (complex double)
crealf	fp	float crealf (complex float)
creall	fp	long double creall (complex long double)
creat	int	int creat (const char *, mode_t)
csin	fp	complex double csin (complex double)
csinf	fp	complex float csinf (complex float)
csinh	fp	complex double csinh (complex double)
csinhf	fp	complex float csinhf (complex float)
csinhl	fp	complex long double csinhl (complex long double)
csinl	fp	complex long double csinl (complex long double)
csqrt	fp	complex double csqrt (complex double)
csqrtf	fp	complex float csqrtf (complex float)
csqrtl	fp	complex long double csqrtl (complex long double)
ctan	fp	complex double ctan (complex double)
ctanf	fp	complex float ctanf (complex float)
ctanh	fp	complex double ctanh (complex double)
ctanhf	fp	complex float ctanhf (complex float)
ctanhl	fp	complex long double ctanhl (complex long double)
ctanl	fp	complex long double ctanl (complex long double)
ctermid	int	char *ctermid (char *)
ctime	int	char *ctime (const time_t *)
ctime_r	int	char *ctime_r (const time_t *, char *)
cuserid	int	char *cuserid (char *)
cwait	unlisted	-
cygwin_attach_handle_to_fd	unlisted	-
cygwin_conv_path	int	ssize_t cygwin_conv_path (cygwin_conv_path_t, const void *, void *, size_t)
cygwin_conv_path_list	int	ssize_t cygwin_conv_path_list (cygwin_conv_path_t, const void *, void *, size_t)
cygwin_create_path	int	void *cygwin_create_path (cygwin_conv_path_t, const void *)
cygwin_detach_dll	unlisted	-
cygwin_dll_init	unlisted	-
cygwin_logon_user	unlisted	-
cygwin_posix_path_list_p	int	int cygwin_posix_path_list_p (const char *)
cygwin_set_impersonation_token	unlisted	-
cygwin_split_path	int	void cygwin_split_path (const char *, char *, char *)
cygwin_stackdump	unlisted	-
cygwin_umount	int	int cygwin_umount (const char *, unsigned int)
cygwin_winpid_to_pid	int	pid_t cygwin_winpid_to_pid (int)
daemon	int	int daemon (int, int)
dbm_clearerr	unlisted	-
dbm_close	unlisted	-
dbm_delete	unlisted	-
dbm_dirfno	unlisted	-
dbm_error	unlisted	-
dbm_fetch	unlisted	-
dbm_firstkey	unlisted	-
dbm_nextkey	unlisted	-
dbm_open	unlisted	-
dbm_store	unlisted	-
difftime	fp	double difftime (time_t, time_t)
dirfd	int	int dirfd (DIR *)
dirname	int	char *dirname (char *)
div	aggr	div_t div (int, int)
dladdr	int	int dladdr (const void *, Dl_info *)
dlclose	int	int dlclose (void *)
dlerror	int	char *dlerror (void)
dlfork	int	void dlfork (int)
dll_crt0__FP11per_process	unlisted	-
dll_dllcrt0	unlisted	-
dll_entry	unlisted	-
dlopen	int	void *dlopen (const char *, int)
dlsym	int	void *dlsym (void *, const char *)
dn_comp	unlisted	-
dn_expand	unlisted	-
dn_skipname	unlisted	-
drand48	fp	double drand48 (void)
drem	fp	double drem (double, double)
dremf	fp	float dremf (float, float)
dreml	fp	float dreml (long double, long double)
dup	int	int dup (int)
dup2	int	int dup2 (int, int)
dup3	int	int dup3 (int, int, int)
duplocale	int	locale_t duplocale (locale_t)
eaccess	int	int eaccess (const char *, int)
ecvt	unlisted	-
ecvtbuf	unlisted	-
ecvtf	unlisted	-
endgrent	int	void endgrent (void)
endhostent	int	void endhostent (void)
endmntent	int	int endmntent (FILE *)
endprotoent	int	void endprotoent (void)
endpwent	int	void endpwent (void)
endservent	int	void endservent (void)
endusershell	int	void endusershell (void)
endutent	int	void endutent (void)
endutxent	int	void endutxent (void)
envz_add	int	error_t envz_add (char **, size_t *, const char *, const char *)
envz_entry	int	char *envz_entry (const char *, size_t, const char *)
envz_get	int	char *envz_get (const char *, size_t, const char *)
envz_merge	int	error_t envz_merge (char **, size_t *, const char *, size_t, int)
envz_remove	int	void envz_remove (char **, size_t *, const char *)
envz_strip	int	void envz_strip (char **, size_t *)
erand48	fp	double erand48 (short unsigned int *)
erf	fp	double erf (double)
erfc	fp	double erfc (double)
erfcf	fp	float erfcf (float)
erfcl	fp	long double erfcl (long double)
erff	fp	float erff (float)
erfl	fp	long double erfl (long double)
euidaccess	int	int euidaccess (const char *, int)
execv	int	int execv (const char *, char *const *)
execve	int	int execve (const char *, char *const *, char *const *)
execvp	int	int execvp (const char *, char *const *)
execvpe	int	int execvpe (const char *, char *const *, char *const *)
exit	int	void exit (int)
exp	fp	double exp (double)
exp10	fp	double exp10 (double)
exp10f	fp	float exp10f (float)
exp10l	fp	float exp10l (float)
exp2	fp	double exp2 (double)
exp2f	fp	float exp2f (float)
exp2l	fp	long double exp2l (long double)
expf	fp	float expf (float)
expl	fp	long double expl (long double)
explicit_bzero	int	void explicit_bzero (void *, size_t)
expm1	fp	double expm1 (double)
expm1f	fp	float expm1f (float)
expm1l	fp	long double expm1l (long double)
fabs	fp	double fabs (double)
fabsf	fp	float fabsf (float)
fabsl	fp	long double fabsl (long double)
faccessat	int	int faccessat (int, const char *, int, int)
facl	unlisted	-
fallocate	int	int fallocate (int, int, off_t, off_t)
fchdir	int	int fchdir (int)
fchmod	int	int fchmod (int, mode_t)
fchmodat	int	int fchmodat (int, const char *, mode_t, int)
fchown	int	int fchown (int, uid_t, gid_t)
fchownat	int	int fchownat (int, const char *, uid_t, gid_t, int)
fclose	int	int fclose (FILE *)
fcloseall	int	int fcloseall (void)
fcvt	unlisted	-
fcvtbuf	unlisted	-
fcvtf	unlisted	-
fdatasync	int	int fdatasync (int)
fdclosedir	int	int fdclosedir (DIR *)
fdim	fp	double fdim (double, double)
fdimf	fp	float fdimf (float, float)
fdiml	fp	long double fdiml (long double, long double)
fdopen	int	FILE *fdopen (int, const char *)
fdopendir	int	DIR *fdopendir (int)
feclearexcept	int	int feclearexcept (int)
fedisableexcept	int	int fedisableexcept (int)
feenableexcept	int	int feenableexcept (int)
fegetenv	int	int fegetenv (fenv_t *)
fegetexcept	int	int fegetexcept (void)
fegetexceptflag	int	int fegetexceptflag (fexcept_t *, int)
fegetprec	int	int fegetprec (void)
fegetround	int	int fegetround (void)
feholdexcept	int	int feholdexcept (fenv_t *)
feof	int	int feof (FILE *)
feof_unlocked	int	int feof_unlocked (FILE *)
feraiseexcept	int	int feraiseexcept (int)
ferror	int	int ferror (FILE *)
ferror_unlocked	int	int ferror_unlocked (FILE *)
fesetenv	int	int fesetenv (const fenv_t *)
fesetexceptflag	int	int fesetexceptflag (const fexcept_t *, int)
fesetprec	int	int fesetprec (int)
fesetround	int	int fesetround (int)
fetestexcept	int	int fetestexcept (int)
feupdateenv	int	int feupdateenv (const fenv_t *)
fexecve	int	int fexecve (int, char *const *, char *const *)
fflush	int	int fflush (FILE *)
fflush_unlocked	int	int fflush_unlocked (FILE *)
ffs	int	int ffs (int)
ffsl	int	int ffsl (long int)
ffsll	int	int ffsll (long long int)
fgetc	int	int fgetc (FILE *)
fgetc_unlocked	int	int fgetc_unlocked (FILE *)
fgetpos	int	int fgetpos (FILE *, fpos_t *)
fgets	int	char *fgets (char *, int, FILE *)
fgets_unlocked	int	char *fgets_unlocked (char *, int, FILE *)
fgetwc	int	wint_t fgetwc (__FILE *)
fgetwc_unlocked	int	wint_t fgetwc_unlocked (__FILE *)
fgetws	int	wchar_t *fgetws (wchar_t *, int, __FILE *)
fgetws_unlocked	int	wchar_t *fgetws_unlocked (wchar_t *, int, __FILE *)
fgetxattr	int	ssize_t fgetxattr (int, const char *, void *, size_t)
fileno	int	int fileno (FILE *)
fileno_unlocked	int	int fileno_unlocked (FILE *)
finite	fp	int finite (double)
finitef	fp	int finitef (float)
finitel	fp	int finitel (long double)
flistxattr	int	ssize_t flistxattr (int, char *, size_t)
flock	int	int flock (int, int)
flockfile	int	void flockfile (FILE *)
floor	fp	double floor (double)
floorf	fp	float floorf (float)
floorl	fp	long double floorl (long double)
fls	int	int fls (int)
flsl	int	int flsl (long int)
flsll	int	int flsll (long long int)
fma	fp	double fma (double, double, double)
fmaf	fp	float fmaf (float, float, float)
fmal	fp	long double fmal (long double, long double, long double)
fmax	fp	double fmax (double, double)
fmaxf	fp	float fmaxf (float, float)
fmaxl	fp	long double fmaxl (long double, long double)
fmemopen	int	FILE *fmemopen (void *, size_t, const char *)
fmin	fp	double fmin (double, double)
fminf	fp	float fminf (float, float)
fminl	fp	long double fminl (long double, long double)
fmod	fp	double fmod (double, double)
fmodf	fp	float fmodf (float, float)
fmodl	fp	long double fmodl (long double, long double)
fnmatch	int	int fnmatch (const char *, const char *, int)
fopen	int	FILE *fopen (const char *, const char *)
fopencookie	int	FILE *fopencookie (void *, const char *, cookie_io_functions_t)
fork	int	pid_t fork (void)
forkpty	unlisted	-
fpathconf	int	long int fpathconf (int, int)
fpurge	int	int fpurge (FILE *)
fputc	int	int fputc (int, FILE *)
fputc_unlocked	int	int fputc_unlocked (int, FILE *)
fputs	int	int fputs (const char *, FILE *)
fputs_unlocked	int	int fputs_unlocked (const char *, FILE *)
fputwc	int	wint_t fputwc (wchar_t, __FILE *)
fputwc_unlocked	int	wint_t fputwc_unlocked (wchar_t, __FILE *)
fputws	int	int fputws (const wchar_t *, __FILE *)
fputws_unlocked	int	int fputws_unlocked (const wchar_t *, __FILE *)
fread	int	size_t fread (void *, size_t, size_t, FILE *)
fread_unlocked	int	size_t fread_unlocked (void *, size_t, size_t, FILE *)
free	int	void free (void *)
freeaddrinfo	int	void freeaddrinfo (struct addrinfo *)
freeifaddrs	int	void freeifaddrs (struct ifaddrs *)
freelocale	int	void freelocale (locale_t)
fremovexattr	int	int fremovexattr (int, const char *)
freopen	int	FILE *freopen (const char *, const char *, FILE *)
frexp	fp	double frexp (double, int *)
frexpf	fp	float frexpf (float, int *)
frexpl	fp	long double frexpl (long double, int *)
fseek	int	int fseek (FILE *, long int, int)
fseeko	int	int fseeko (FILE *, off_t, int)
fsetpos	int	int fsetpos (FILE *, const fpos_t *)
fsetxattr	int	int fsetxattr (int, const char *, const void *, size_t, int)
fstat	int	int fstat (int, struct stat *)
fstatat	int	int fstatat (int, const char *, struct stat *, int)
fstatfs	int	int fstatfs (int, struct statfs *)
fstatvfs	int	int fstatvfs (int, struct statvfs *)
fsync	int	int fsync (int)
ftell	int	long int ftell (FILE *)
ftello	int	off_t ftello (FILE *)
ftime	int	int ftime (struct timeb *)
ftok	int	key_t ftok (const char *, int)
ftruncate	int	int ftruncate (int, off_t)
ftrylockfile	int	int ftrylockfile (FILE *)
fts_children	int	FTSENT *fts_children (FTS *, int)
fts_close	int	int fts_close (FTS *)
fts_get_clientptr	int	void *fts_get_clientptr (FTS *)
fts_get_stream	int	FTS *fts_get_stream (FTSENT *)
fts_open	int	FTS *fts_open (char *const *, int, int (*) (const FTSENT *const *, const FTSENT *const *))
fts_read	int	FTSENT *fts_read (FTS *)
fts_set	int	int fts_set (FTS *, FTSENT *, int)
fts_set_clientptr	int	void fts_set_clientptr (FTS *, void *)
ftw	int	int ftw (const char *, int (*) (const char *, const struct stat *, int), int)
funlockfile	int	void funlockfile (FILE *)
funopen	int	FILE *funopen (const void *, int (*) (void *, char *, size_t), int (*) (void *, const char *, size_t), fpos_t (*) (void *, fpos_t, int), int (*) (void *))
futimens	int	int futimens (int, const struct timespec *)
futimes	int	int futimes (int, const struct timeval *)
futimesat	int	int futimesat (int, const char *, const struct timeval *)
fwide	int	int fwide (__FILE *, int)
fwrite	int	size_t fwrite (const void *, size_t, size_t, FILE *)
fwrite_unlocked	int	size_t fwrite_unlocked (const void *, size_t, size_t, FILE *)
gai_strerror	int	const char *gai_strerror (int)
gamma	fp	double gamma (double)
gamma_r	fp	double gamma_r (double, int *)
gammaf	fp	float gammaf (float)
gammaf_r	fp	float gammaf_r (float, int *)
gcvt	unlisted	-
gcvtf	unlisted	-
get_avphys_pages	int	long int get_avphys_pages (void)
get_current_dir_name	int	char *get_current_dir_name (void)
get_nprocs	int	int get_nprocs (void)
get_nprocs_conf	int	int get_nprocs_conf (void)
get_phys_pages	int	long int get_phys_pages (void)
getaddrinfo	int	int getaddrinfo (const char *, const char *, const struct addrinfo *, struct addrinfo **)
getc	int	int getc (FILE *)
getc_unlocked	int	int getc_unlocked (FILE *)
getchar	int	int getchar (void)
getchar_unlocked	int	int getchar_unlocked (void)
GetCommandLineA@0	unlisted	-
GetCommandLineW@0	unlisted	-
getcontext	int	int getcontext (ucontext_t *)
getcwd	int	char *getcwd (char *, size_t)
getdelim	int	ssize_t getdelim (char **, size_t *, int, FILE *)
getdomainname	int	int getdomainname (char *, size_t)
getdtablesize	int	int getdtablesize (void)
getegid	int	gid_t getegid (void)
getentropy	int	int getentropy (void *, size_t)
getenv	int	char *getenv (const char *)
geteuid	int	uid_t geteuid (void)
getgid	int	gid_t getgid (void)
getgrent	int	struct group *getgrent (void)
getgrgid	int	struct group *getgrgid (gid_t)
getgrgid_r	int	int getgrgid_r (gid_t, struct group *, char *, size_t, struct group **)
getgrnam	int	struct group *getgrnam (const char *)
getgrnam_r	int	int getgrnam_r (const char *, struct group *, char *, size_t, struct group **)
getgrouplist	int	int getgrouplist (const char *, gid_t, gid_t *, int *)
getgroups	int	int getgroups (int, gid_t *)
gethostbyaddr	int	struct hostent *gethostbyaddr (const void *, socklen_t, int)
gethostbyname	int	struct hostent *gethostbyname (const char *)
gethostbyname2	int	struct hostent *gethostbyname2 (const char *, int)
gethostid	int	long int gethostid (void)
gethostname	int	int gethostname (char *, size_t)
getifaddrs	int	int getifaddrs (struct ifaddrs **)
getitimer	int	int getitimer (int, struct itimerval *)
getline	int	ssize_t getline (char **, size_t *, FILE *)
getloadavg	fp	int getloadavg (double *, int)
getlocalename_l	int	const char *getlocalename_l (int, struct __locale_t *)
getlogin	int	char *getlogin (void)
getlogin_r	int	int getlogin_r (char *, size_t)
getmntent	int	struct mntent *getmntent (FILE *)
getmntent_r	int	struct mntent *getmntent_r (FILE *, struct mntent *, char *, int)
getmode	unlisted	-
getnameinfo	int	int getnameinfo (const struct sockaddr *, socklen_t, char *, socklen_t, char *, socklen_t, int)
getopt	int	int getopt (int, char *const *, const char *)
getopt_long	int	int getopt_long (int, char *const *, const char *, const struct option *, int *)
getopt_long_only	int	int getopt_long_only (int, char *const *, const char *, const struct option *, int *)
getpagesize	int	int getpagesize (void)
getpass	int	char *getpass (const char *)
getpeereid	int	int getpeereid (int, uid_t *, gid_t *)
getpeername	int	int getpeername (int, struct sockaddr *, socklen_t *)
getpgid	int	pid_t getpgid (pid_t)
getpgrp	int	pid_t getpgrp (void)
getpid	int	pid_t getpid (void)
getppid	int	pid_t getppid (void)
getpriority	int	int getpriority (int, id_t)
getprogname	int	const char *getprogname (void)
getprotobyname	int	struct protoent *getprotobyname (const char *)
getprotobynumber	int	struct protoent *getprotobynumber (int)
getprotoent	int	struct protoent *getprotoent (void)
getpt	int	int getpt (void)
getpwent	int	struct passwd *getpwent (void)
getpwnam	int	struct passwd *getpwnam (const char *)
getpwnam_r	int	int getpwnam_r (const char *, struct passwd *, char *, size_t, struct passwd **)
getpwuid	int	struct passwd *getpwuid (uid_t)
getpwuid_r	int	int getpwuid_r (uid_t, struct passwd *, char *, size_t, struct passwd **)
getrandom	int	ssize_t getrandom (void *, size_t, unsigned int)
getrlimit	int	int getrlimit (int, struct rlimit *)
getrusage	int	int getrusage (int, struct rusage *)
gets	int	char *gets (char *)
getservbyname	int	struct servent *getservbyname (const char *, const char *)
getservbyport	int	struct servent *getservbyport (int, const char *)
getservent	int	struct servent *getservent (void)
getsid	int	pid_t getsid (pid_t)
getsockname	int	int getsockname (int, struct sockaddr *, socklen_t *)
getsockopt	int	int getsockopt (int, int, int, void *, socklen_t *)
getsubopt	int	int getsubopt (char **, char *const *, char **)
gettimeofday	int	int gettimeofday (struct timeval *, void *)
getuid	int	uid_t getuid (void)
getusershell	int	char *getusershell (void)
getutent	int	struct utmp *getutent (void)
getutid	int	struct utmp *getutid (const struct utmp *)
getutline	int	struct utmp *getutline (const struct utmp *)
getutxent	int	struct utmpx *getutxent (void)
getutxid	int	struct utmpx *getutxid (const struct utmpx *)
getutxline	int	struct utmpx *getutxline (const struct utmpx *)
getw	int	int getw (FILE *)
getwc	int	wint_t getwc (__FILE *)
getwc_unlocked	int	wint_t getwc_unlocked (__FILE *)
getwchar	int	wint_t getwchar (void)
getwchar_unlocked	int	wint_t getwchar_unlocked (void)
getwd	int	char *getwd (char *)
getxattr	int	ssize_t getxattr (const char *, const char *, void *, size_t)
glob	int	int glob (const char *, int, int (*) (const char *, int), glob_t *)
glob_pattern_p	int	int glob_pattern_p (const char *, int)
globfree	int	void globfree (glob_t *)
gmtime	int	struct tm *gmtime (const time_t *)
gmtime_r	int	struct tm *gmtime_r (const time_t *, struct tm *)
grantpt	int	int grantpt (int)
hcreate	int	int hcreate (size_t)
hcreate_r	int	int hcreate_r (size_t, struct hsearch_data *)
hdestroy	int	void hdestroy (void)
hdestroy_r	int	void hdestroy_r (struct hsearch_data *)
herror	int	void herror (const char *)
hsearch	int	ENTRY *hsearch (ENTRY, ACTION)
hsearch_r	int	int hsearch_r (ENTRY, ACTION, ENTRY **, struct hsearch_data *)
hstrerror	int	const char *hstrerror (int)
htonl	int	uint32_t htonl (uint32_t)
htons	int	uint16_t htons (uint16_t)
hypot	fp	double hypot (double, double)
hypotf	fp	float hypotf (float, float)
hypotl	fp	long double hypotl (long double, long double)
if_freenameindex	int	void if_freenameindex (struct if_nameindex *)
if_indextoname	int	char *if_indextoname (unsigned int, char *)
if_nameindex	int	struct if_nameindex *if_nameindex (void)
if_nametoindex	int	unsigned int if_nametoindex (const char *)
ilogb	fp	int ilogb (double)
ilogbf	fp	int ilogbf (float)
ilogbl	fp	int ilogbl (long double)
imaxabs	int	intmax_t imaxabs (intmax_t)
imaxdiv	aggr	imaxdiv_t imaxdiv (intmax_t, intmax_t)
index	int	char *index (const char *, int)
inet_addr	int	in_addr_t inet_addr (const char *)
inet_aton	int	int inet_aton (const char *, struct in_addr *)
inet_makeaddr	aggr	struct in_addr inet_makeaddr (long unsigned int, long unsigned int)
inet_netof	aggr	in_addr_t inet_netof (struct in_addr)
inet_network	int	in_addr_t inet_network (const char *)
inet_ntoa	aggr	char *inet_ntoa (struct in_addr)
inet_ntop	int	const char *inet_ntop (int, const void *, char *, socklen_t)
inet_pton	int	int inet_pton (int, const char *, void *)
infinity	fp	double infinity (void)
infinityf	fp	float infinityf (void)
initgroups	int	int initgroups (const char *, gid_t)
initstate	int	char *initstate (unsigned int, char *, size_t)
insque	int	void insque (void *, void *)
iruserok	int	int iruserok (long unsigned int, int, const char *, const char *)
iruserok_sa	int	int iruserok_sa (const void *, int, int, const char *, const char *)
isalnum	int	int isalnum (int)
isalnum_l	int	int isalnum_l (int, locale_t)
isalpha	int	int isalpha (int)
isalpha_l	int	int isalpha_l (int, locale_t)
isascii	int	int isascii (int)
isascii_l	int	int isascii_l (int, locale_t)
isatty	int	int isatty (int)
isblank	int	int isblank (int)
isblank_l	int	int isblank_l (int, locale_t)
iscntrl	int	int iscntrl (int)
iscntrl_l	int	int iscntrl_l (int, locale_t)
isdigit	int	int isdigit (int)
isdigit_l	int	int isdigit_l (int, locale_t)
isgraph	int	int isgraph (int)
isgraph_l	int	int isgraph_l (int, locale_t)
isinf	fp	int isinf (double)
isinff	fp	int isinff (float)
isinfl	fp	int isinfl (long double)
islower	int	int islower (int)
islower_l	int	int islower_l (int, locale_t)
isnan	fp	int isnan (double)
isnanf	fp	int isnanf (float)
isnanl	fp	int isnanl (long double)
isprint	int	int isprint (int)
isprint_l	int	int isprint_l (int, locale_t)
ispunct	int	int ispunct (int)
ispunct_l	int	int ispunct_l (int, locale_t)
issetugid	int	int issetugid (void)
isspace	int	int isspace (int)
isspace_l	int	int isspace_l (int, locale_t)
isupper	int	int isupper (int)
isupper_l	int	int isupper_l (int, locale_t)
iswalnum	int	int iswalnum (wint_t)
iswalnum_l	int	int iswalnum_l (wint_t, locale_t)
iswalpha	int	int iswalpha (wint_t)
iswalpha_l	int	int iswalpha_l (wint_t, locale_t)
iswblank	int	int iswblank (wint_t)
iswblank_l	int	int iswblank_l (wint_t, locale_t)
iswcntrl	int	int iswcntrl (wint_t)
iswcntrl_l	int	int iswcntrl_l (wint_t, locale_t)
iswctype	int	int iswctype (wint_t, wctype_t)
iswctype_l	int	int iswctype_l (wint_t, wctype_t, locale_t)
iswdigit	int	int iswdigit (wint_t)
iswdigit_l	int	int iswdigit_l (wint_t, locale_t)
iswgraph	int	int iswgraph (wint_t)
iswgraph_l	int	int iswgraph_l (wint_t, locale_t)
iswlower	int	int iswlower (wint_t)
iswlower_l	int	int iswlower_l (wint_t, locale_t)
iswprint	int	int iswprint (wint_t)
iswprint_l	int	int iswprint_l (wint_t, locale_t)
iswpunct	int	int iswpunct (wint_t)
iswpunct_l	int	int iswpunct_l (wint_t, locale_t)
iswspace	int	int iswspace (wint_t)
iswspace_l	int	int iswspace_l (wint_t, locale_t)
iswupper	int	int iswupper (wint_t)
iswupper_l	int	int iswupper_l (wint_t, locale_t)
iswxdigit	int	int iswxdigit (wint_t)
iswxdigit_l	int	int iswxdigit_l (wint_t, locale_t)
isxdigit	int	int isxdigit (int)
isxdigit_l	int	int isxdigit_l (int, locale_t)
j0	fp	double j0 (double)
j0f	fp	float j0f (float)
j1	fp	double j1 (double)
j1f	fp	float j1f (float)
jn	fp	double jn (int, double)
jnf	fp	float jnf (int, float)
jrand48	int	long int jrand48 (short unsigned int *)
kill	int	int kill (pid_t, int)
killpg	int	int killpg (pid_t, int)
l64a	int	char *l64a (long int)
labs	int	long int labs (long int)
lchown	int	int lchown (const char *, uid_t, gid_t)
lcong48	int	void lcong48 (short unsigned int *)
ldexp	fp	double ldexp (double, int)
ldexpf	fp	float ldexpf (float, int)
ldexpl	fp	long double ldexpl (long double, int)
ldiv	aggr	ldiv_t ldiv (long int, long int)
lfind	int	void *lfind (const void *, const void *, size_t *, size_t, int (*) (const void *, const void *))
lgamma	fp	double lgamma (double)
lgamma_r	fp	double lgamma_r (double, int *)
lgammaf	fp	float lgammaf (float)
lgammaf_r	fp	float lgammaf_r (float, int *)
lgammal	fp	long double lgammal (long double)
lgammal_r	unlisted	-
lgetxattr	int	ssize_t lgetxattr (const char *, const char *, void *, size_t)
link	int	int link (const char *, const char *)
linkat	int	int linkat (int, const char *, int, const char *, int)
lio_listio	int	int lio_listio (int, struct aiocb *const *, int, struct sigevent *)
listen	int	int listen (int, int)
listxattr	int	ssize_t listxattr (const char *, char *, size_t)
llabs	int	long long int llabs (long long int)
lldiv	aggr	lldiv_t lldiv (long long int, long long int)
llistxattr	int	ssize_t llistxattr (const char *, char *, size_t)
llrint	fp	long long int llrint (double)
llrintf	fp	long long int llrintf (float)
llrintl	fp	long long int llrintl (long double)
llround	fp	long long int llround (double)
llroundf	fp	long long int llroundf (float)
llroundl	fp	long long int llroundl (long double)
localeconv	int	struct lconv *localeconv (void)
localtime	int	struct tm *localtime (const time_t *)
localtime_r	int	struct tm *localtime_r (const time_t *, struct tm *)
lockf	int	int lockf (int, int, off_t)
log	fp	double log (double)
log10	fp	double log10 (double)
log10f	fp	float log10f (float)
log10l	fp	long double log10l (long double)
log1p	fp	double log1p (double)
log1pf	fp	float log1pf (float)
log1pl	fp	long double log1pl (long double)
log2	fp	double log2 (double)
log2f	fp	float log2f (float)
log2l	fp	long double log2l (long double)
logb	fp	double logb (double)
logbf	fp	float logbf (float)
logbl	fp	long double logbl (long double)
logf	fp	float logf (float)
login	int	void login (const struct utmp *)
login_tty	int	int login_tty (int)
logl	fp	long double logl (long double)
logout	int	int logout (const char *)
logwtmp	int	void logwtmp (const char *, const char *, const char *)
longjmp	int	void longjmp (long int *, int)
lrand48	int	long int lrand48 (void)
lremovexattr	int	int lremovexattr (const char *, const char *)
lrint	fp	long int lrint (double)
lrintf	fp	long int lrintf (float)
lrintl	fp	long int lrintl (long double)
lround	fp	long int lround (double)
lroundf	fp	long int lroundf (float)
lroundl	fp	long int lroundl (long double)
lsearch	int	void *lsearch (const void *, void *, size_t *, size_t, int (*) (const void *, const void *))
lseek	int	off_t lseek (int, off_t, int)
lsetxattr	int	int lsetxattr (const char *, const char *, const void *, size_t, int)
lstat	int	int lstat (const char *, struct stat *)
lutimes	int	int lutimes (const char *, const struct timeval *)
madvise	int	int madvise (void *, size_t, int)
makecontext	int	void makecontext (ucontext_t *, void (*) (void), int, ...)
mallinfo	aggr	struct mallinfo mallinfo (void)
malloc	int	void *malloc (size_t)
malloc_stats	int	void malloc_stats (void)
malloc_trim	int	int malloc_trim (size_t)
malloc_usable_size	int	size_t malloc_usable_size (void *)
mallopt	int	int mallopt (int, int)
mblen	int	int mblen (const char *, size_t)
mbrtoc16	unlisted	-
mbrtoc32	unlisted	-
mbrlen	int	size_t mbrlen (const char *, size_t, mbstate_t *)
mbrtowc	int	size_t mbrtowc (wchar_t *, const char *, size_t, mbstate_t *)
mbsinit	int	int mbsinit (const mbstate_t *)
mbsnrtowcs	int	size_t mbsnrtowcs (wchar_t *, const char **, size_t, size_t, mbstate_t *)
mbsrtowcs	int	size_t mbsrtowcs (wchar_t *, const char **, size_t, mbstate_t *)
mbstowcs	int	size_t mbstowcs (wchar_t *, const char *, size_t)
mbtowc	int	int mbtowc (wchar_t *, const char *, size_t)
memalign	int	void *memalign (size_t, size_t)
memccpy	int	void *memccpy (void *, const void *, int, size_t)
memchr	int	void *memchr (const void *, int, size_t)
memcmp	int	int memcmp (const void *, const void *, size_t)
memcpy	int	void *memcpy (void *, const void *, size_t)
memmem	int	void *memmem (const void *, size_t, const void *, size_t)
memmove	int	void *memmove (void *, const void *, size_t)
mempcpy	int	void *mempcpy (void *, const void *, size_t)
memrchr	int	void *memrchr (const void *, int, size_t)
memset	int	void *memset (void *, int, size_t)
mkdir	int	int mkdir (const char *, mode_t)
mkdirat	int	int mkdirat (int, const char *, mode_t)
mkdtemp	int	char *mkdtemp (char *)
mkfifo	int	int mkfifo (const char *, mode_t)
mkfifoat	int	int mkfifoat (int, const char *, mode_t)
mknod	int	int mknod (const char *, mode_t, dev_t)
mknodat	int	int mknodat (int, const char *, mode_t, dev_t)
mkostemp	int	int mkostemp (char *, int)
mkostemps	int	int mkostemps (char *, int, int)
mkstemp	int	int mkstemp (char *)
mkstemps	int	int mkstemps (char *, int)
mktemp	int	char *mktemp (char *)
mktime	int	time_t mktime (struct tm *)
mlock	int	int mlock (const void *, size_t)
mmap	int	void *mmap (void *, size_t, int, int, int, off_t)
modf	fp	double modf (double, double *)
modff	fp	float modff (float, float *)
modfl	fp	long double modfl (long double, long double *)
mount	int	int mount (const char *, const char *, unsigned int)
mprotect	int	int mprotect (void *, size_t, int)
mq_close	int	int mq_close (mqd_t)
mq_getattr	int	int mq_getattr (mqd_t, struct mq_attr *)
mq_notify	int	int mq_notify (mqd_t, const struct sigevent *)
mq_receive	int	ssize_t mq_receive (mqd_t, char *, size_t, unsigned int *)
mq_send	int	int mq_send (mqd_t, const char *, size_t, unsigned int)
mq_setattr	int	int mq_setattr (mqd_t, const struct mq_attr *, struct mq_attr *)
mq_timedreceive	int	ssize_t mq_timedreceive (mqd_t, char *, size_t, unsigned int *, const struct timespec *)
mq_timedsend	int	int mq_timedsend (mqd_t, const char *, size_t, unsigned int, const struct timespec *)
mq_unlink	int	int mq_unlink (const char *)
mrand48	int	long int mrand48 (void)
msgctl	int	int msgctl (int, int, struct msqid_ds *)
msgget	int	int msgget (key_t, int)
msgrcv	int	ssize_t msgrcv (int, void *, size_t, long int, int)
msgsnd	int	int msgsnd (int, const void *, size_t, int)
msync	int	int msync (void *, size_t, int)
mtx_destroy	unlisted	-
mtx_init	unlisted	-
mtx_lock	unlisted	-
mtx_timedlock	unlisted	-
mtx_trylock	unlisted	-
mtx_unlock	unlisted	-
munlock	int	int munlock (const void *, size_t)
munmap	int	int munmap (void *, size_t)
nan	fp	double nan (const char *)
nanf	fp	float nanf (const char *)
nanl	fp	long double nanl (const char *)
nanosleep	int	int nanosleep (const struct timespec *, struct timespec *)
nearbyint	fp	double nearbyint (double)
nearbyintf	fp	float nearbyintf (float)
nearbyintl	fp	long double nearbyintl (long double)
newlocale	int	locale_t newlocale (int, const char *, locale_t)
nextafter	fp	double nextafter (double, double)
nextafterf	fp	float nextafterf (float, float)
nextafterl	fp	long double nextafterl (long double, long double)
nexttoward	fp	double nexttoward (double, long double)
nexttowardf	fp	float nexttowardf (float, long double)
nexttowardl	fp	long double nexttowardl (long double, long double)
nftw	int	int nftw (const char *, int (*) (const char *, const struct stat *, int, struct FTW *), int, int)
nice	int	int nice (int)
nl_langinfo	int	char *nl_langinfo (nl_item)
nl_langinfo_l	int	char *nl_langinfo_l (nl_item, locale_t)
nrand48	int	long int nrand48 (short unsigned int *)
ntohl	int	uint32_t ntohl (uint32_t)
ntohs	int	uint16_t ntohs (uint16_t)
on_exit	int	int on_exit (void (*) (int, void *), void *)
open_memstream	int	FILE *open_memstream (char **, size_t *)
open_wmemstream	int	__FILE *open_wmemstream (wchar_t **, size_t *)
opendir	int	DIR *opendir (const char *)
openlog	int	void openlog (const char *, int, int)
openpty	unlisted	-
pathconf	int	long int pathconf (const char *, int)
pause	int	int pause (void)
pclose	int	int pclose (FILE *)
perror	int	void perror (const char *)
pipe	int	int pipe (int *)
pipe2	int	int pipe2 (int *, int)
poll	int	int poll (struct pollfd *, nfds_t, int)
popen	int	FILE *popen (const char *, const char *)
posix_close	int	int posix_close (int, int)
posix_fadvise	int	int posix_fadvise (int, off_t, off_t, int)
posix_fallocate	int	int posix_fallocate (int, off_t, off_t)
posix_getdents	int	ssize_t posix_getdents (int, void *, size_t, int)
posix_madvise	int	int posix_madvise (void *, size_t, int)
posix_memalign	int	int posix_memalign (void **, size_t, size_t)
posix_openpt	int	int posix_openpt (int)
posix_spawn	int	int posix_spawn (pid_t *, const char *, const posix_spawn_file_actions_t *, const posix_spawnattr_t *, char *const *, char *const *)
posix_spawn_file_actions_addchdir	int	int posix_spawn_file_actions_addchdir (posix_spawn_file_actions_t *, const char *)
posix_spawn_file_actions_addchdir_np	int	int posix_spawn_file_actions_addchdir_np (posix_spawn_file_actions_t *, const char *)
posix_spawn_file_actions_addclose	int	int posix_spawn_file_actions_addclose (posix_spawn_file_actions_t *, int)
posix_spawn_file_actions_adddup2	int	int posix_spawn_file_actions_adddup2 (posix_spawn_file_actions_t *, int, int)
posix_spawn_file_actions_addfchdir	int	int posix_spawn_file_actions_addfchdir (posix_spawn_file_actions_t *, int)
posix_spawn_file_actions_addfchdir_np	int	int posix_spawn_file_actions_addfchdir_np (posix_spawn_file_actions_t *, int)
posix_spawn_file_actions_addopen	int	int posix_spawn_file_actions_addopen (posix_spawn_file_actions_t *, int, const char *, int, mode_t)
posix_spawn_file_actions_destroy	int	int posix_spawn_file_actions_destroy (posix_spawn_file_actions_t *)
posix_spawn_file_actions_init	int	int posix_spawn_file_actions_init (posix_spawn_file_actions_t *)
posix_spawnattr_destroy	int	int posix_spawnattr_destroy (posix_spawnattr_t *)
posix_spawnattr_getflags	int	int posix_spawnattr_getflags (const posix_spawnattr_t *, short int *)
posix_spawnattr_getpgroup	int	int posix_spawnattr_getpgroup (const posix_spawnattr_t *, pid_t *)
posix_spawnattr_getschedparam	int	int posix_spawnattr_getschedparam (const posix_spawnattr_t *, struct sched_param *)
posix_spawnattr_getschedpolicy	int	int posix_spawnattr_getschedpolicy (const posix_spawnattr_t *, int *)
posix_spawnattr_getsigdefault	int	int posix_spawnattr_getsigdefault (const posix_spawnattr_t *, sigset_t *)
posix_spawnattr_getsigmask	int	int posix_spawnattr_getsigmask (const posix_spawnattr_t *, sigset_t *)
posix_spawnattr_init	int	int posix_spawnattr_init (posix_spawnattr_t *)
posix_spawnattr_setflags	int	int posix_spawnattr_setflags (posix_spawnattr_t *, short int)
posix_spawnattr_setpgroup	int	int posix_spawnattr_setpgroup (posix_spawnattr_t *, pid_t)
posix_spawnattr_setschedparam	int	int posix_spawnattr_setschedparam (posix_spawnattr_t *, const struct sched_param *)
posix_spawnattr_setschedpolicy	int	int posix_spawnattr_setschedpolicy (posix_spawnattr_t *, int)
posix_spawnattr_setsigdefault	int	int posix_spawnattr_setsigdefault (posix_spawnattr_t *, const sigset_t *)
posix_spawnattr_setsigmask	int	int posix_spawnattr_setsigmask (posix_spawnattr_t *, const sigset_t *)
posix_spawnp	int	int posix_spawnp (pid_t *, const char *, const posix_spawn_file_actions_t *, const posix_spawnattr_t *, char *const *, char *const *)
pow	fp	double pow (double, double)
pow10	fp	double pow10 (double)
pow10f	fp	float pow10f (float)
pow10l	fp	float pow10l (float)
powf	fp	float powf (float, float)
powl	fp	long double powl (long double, long double)
ppoll	int	int ppoll (struct pollfd *, nfds_t, const struct timespec *, const sigset_t *)
pread	int	ssize_t pread (int, void *, size_t, off_t)
pselect	int	int pselect (int, fd_set *, fd_set *, fd_set *, const struct timespec *, const sigset_t *)
psiginfo	int	void psiginfo (const siginfo_t *, const char *)
psignal	int	void psignal (int, const char *)
pthread_atfork	int	int pthread_atfork (void (*) (void), void (*) (void), void (*) (void))
pthread_attr_destroy	int	int pthread_attr_destroy (pthread_attr_t *)
pthread_attr_getdetachstate	int	int pthread_attr_getdetachstate (const pthread_attr_t *, int *)
pthread_attr_getguardsize	int	int pthread_attr_getguardsize (const pthread_attr_t *, size_t *)
pthread_attr_getinheritsched	int	int pthread_attr_getinheritsched (const pthread_attr_t *, int *)
pthread_attr_getschedparam	int	int pthread_attr_getschedparam (const pthread_attr_t *, struct sched_param *)
pthread_attr_getschedpolicy	int	int pthread_attr_getschedpolicy (const pthread_attr_t *, int *)
pthread_attr_getscope	int	int pthread_attr_getscope (const pthread_attr_t *, int *)
pthread_attr_getstack	int	int pthread_attr_getstack (const pthread_attr_t *, void **, size_t *)
pthread_attr_getstackaddr	unlisted	-
pthread_attr_getstacksize	int	int pthread_attr_getstacksize (const pthread_attr_t *, size_t *)
pthread_attr_init	int	int pthread_attr_init (pthread_attr_t *)
pthread_attr_setdetachstate	int	int pthread_attr_setdetachstate (pthread_attr_t *, int)
pthread_attr_setguardsize	int	int pthread_attr_setguardsize (pthread_attr_t *, size_t)
pthread_attr_setinheritsched	int	int pthread_attr_setinheritsched (pthread_attr_t *, int)
pthread_attr_setschedparam	int	int pthread_attr_setschedparam (pthread_attr_t *, const struct sched_param *)
pthread_attr_setschedpolicy	int	int pthread_attr_setschedpolicy (pthread_attr_t *, int)
pthread_attr_setscope	int	int pthread_attr_setscope (pthread_attr_t *, int)
pthread_attr_setstack	int	int pthread_attr_setstack (pthread_attr_t *, void *, size_t)
pthread_attr_setstackaddr	unlisted	-
pthread_attr_setstacksize	int	int pthread_attr_setstacksize (pthread_attr_t *, size_t)
pthread_barrier_destroy	int	int pthread_barrier_destroy (pthread_barrier_t *)
pthread_barrier_init	int	int pthread_barrier_init (pthread_barrier_t *, const pthread_barrierattr_t *, unsigned int)
pthread_barrier_wait	int	int pthread_barrier_wait (pthread_barrier_t *)
pthread_barrierattr_destroy	int	int pthread_barrierattr_destroy (pthread_barrierattr_t *)
pthread_barrierattr_getpshared	int	int pthread_barrierattr_getpshared (const pthread_barrierattr_t *, int *)
pthread_barrierattr_init	int	int pthread_barrierattr_init (pthread_barrierattr_t *)
pthread_barrierattr_setpshared	int	int pthread_barrierattr_setpshared (pthread_barrierattr_t *, int)
pthread_cancel	int	int pthread_cancel (pthread_t)
pthread_cond_broadcast	int	int pthread_cond_broadcast (pthread_cond_t *)
pthread_cond_clockwait	int	int pthread_cond_clockwait (pthread_cond_t *, pthread_mutex_t *, clockid_t, const struct timespec *)
pthread_cond_destroy	int	int pthread_cond_destroy (pthread_cond_t *)
pthread_cond_init	int	int pthread_cond_init (pthread_cond_t *, const pthread_condattr_t *)
pthread_cond_signal	int	int pthread_cond_signal (pthread_cond_t *)
pthread_cond_timedwait	int	int pthread_cond_timedwait (pthread_cond_t *, pthread_mutex_t *, const struct timespec *)
pthread_cond_wait	int	int pthread_cond_wait (pthread_cond_t *, pthread_mutex_t *)
pthread_condattr_destroy	int	int pthread_condattr_destroy (pthread_condattr_t *)
pthread_condattr_getclock	int	int pthread_condattr_getclock (const pthread_condattr_t *, clockid_t *)
pthread_condattr_getpshared	int	int pthread_condattr_getpshared (const pthread_condattr_t *, int *)
pthread_condattr_init	int	int pthread_condattr_init (pthread_condattr_t *)
pthread_condattr_setclock	int	int pthread_condattr_setclock (pthread_condattr_t *, clockid_t)
pthread_condattr_setpshared	int	int pthread_condattr_setpshared (pthread_condattr_t *, int)
pthread_continue	int	int pthread_continue (pthread_t)
pthread_create	int	int pthread_create (pthread_t *, const pthread_attr_t *, void *(*) (void *), void *)
pthread_detach	int	int pthread_detach (pthread_t)
pthread_equal	int	int pthread_equal (pthread_t, pthread_t)
pthread_exit	int	void pthread_exit (void *)
pthread_getaffinity_np	int	int pthread_getaffinity_np (pthread_t, size_t, cpu_set_t *)
pthread_getattr_np	int	int pthread_getattr_np (pthread_t, pthread_attr_t *)
pthread_getconcurrency	int	int pthread_getconcurrency (void)
pthread_getcpuclockid	int	int pthread_getcpuclockid (pthread_t, clockid_t *)
pthread_getname_np	int	int pthread_getname_np (pthread_t, char *, size_t)
pthread_getschedparam	int	int pthread_getschedparam (pthread_t, int *, struct sched_param *)
pthread_getsequence_np	unlisted	-
pthread_getspecific	int	void *pthread_getspecific (pthread_key_t)
pthread_join	int	int pthread_join (pthread_t, void **)
pthread_key_create	int	int pthread_key_create (pthread_key_t *, void (*) (void *))
pthread_key_delete	int	int pthread_key_delete (pthread_key_t)
pthread_kill	int	int pthread_kill (pthread_t, int)
pthread_mutex_clocklock	int	int pthread_mutex_clocklock (pthread_mutex_t *, clockid_t, const struct timespec *)
pthread_mutex_destroy	int	int pthread_mutex_destroy (pthread_mutex_t *)
pthread_mutex_getprioceiling	int	int pthread_mutex_getprioceiling (const pthread_mutex_t *, int *)
pthread_mutex_init	int	int pthread_mutex_init (pthread_mutex_t *, const pthread_mutexattr_t *)
pthread_mutex_lock	int	int pthread_mutex_lock (pthread_mutex_t *)
pthread_mutex_setprioceiling	int	int pthread_mutex_setprioceiling (pthread_mutex_t *, int, int *)
pthread_mutex_timedlock	int	int pthread_mutex_timedlock (pthread_mutex_t *, const struct timespec *)
pthread_mutex_trylock	int	int pthread_mutex_trylock (pthread_mutex_t *)
pthread_mutex_unlock	int	int pthread_mutex_unlock (pthread_mutex_t *)
pthread_mutexattr_destroy	int	int pthread_mutexattr_destroy (pthread_mutexattr_t *)
pthread_mutexattr_getprioceiling	int	int pthread_mutexattr_getprioceiling (const pthread_mutexattr_t *, int *)
pthread_mutexattr_getprotocol	int	int pthread_mutexattr_getprotocol (const pthread_mutexattr_t *, int *)
pthread_mutexattr_getpshared	int	int pthread_mutexattr_getpshared (const pthread_mutexattr_t *, int *)
pthread_mutexattr_gettype	int	int pthread_mutexattr_gettype (const pthread_mutexattr_t *, int *)
pthread_mutexattr_init	int	int pthread_mutexattr_init (pthread_mutexattr_t *)
pthread_mutexattr_setprioceiling	int	int pthread_mutexattr_setprioceiling (pthread_mutexattr_t *, int)
pthread_mutexattr_setprotocol	int	int pthread_mutexattr_setprotocol (pthread_mutexattr_t *, int)
pthread_mutexattr_setpshared	int	int pthread_mutexattr_setpshared (pthread_mutexattr_t *, int)
pthread_mutexattr_settype	int	int pthread_mutexattr_settype (pthread_mutexattr_t *, int)
pthread_once	int	int pthread_once (pthread_once_t *, void (*) (void))
pthread_rwlock_clockrdlock	int	int pthread_rwlock_clockrdlock (pthread_rwlock_t *, clockid_t, const struct timespec *)
pthread_rwlock_clockwrlock	int	int pthread_rwlock_clockwrlock (pthread_rwlock_t *, clockid_t, const struct timespec *)
pthread_rwlock_destroy	int	int pthread_rwlock_destroy (pthread_rwlock_t *)
pthread_rwlock_init	int	int pthread_rwlock_init (pthread_rwlock_t *, const pthread_rwlockattr_t *)
pthread_rwlock_rdlock	int	int pthread_rwlock_rdlock (pthread_rwlock_t *)
pthread_rwlock_timedrdlock	int	int pthread_rwlock_timedrdlock (pthread_rwlock_t *, const struct timespec *)
pthread_rwlock_timedwrlock	int	int pthread_rwlock_timedwrlock (pthread_rwlock_t *, const struct timespec *)
pthread_rwlock_tryrdlock	int	int pthread_rwlock_tryrdlock (pthread_rwlock_t *)
pthread_rwlock_trywrlock	int	int pthread_rwlock_trywrlock (pthread_rwlock_t *)
pthread_rwlock_unlock	int	int pthread_rwlock_unlock (pthread_rwlock_t *)
pthread_rwlock_wrlock	int	int pthread_rwlock_wrlock (pthread_rwlock_t *)
pthread_rwlockattr_destroy	int	int pthread_rwlockattr_destroy (pthread_rwlockattr_t *)
pthread_rwlockattr_getpshared	int	int pthread_rwlockattr_getpshared (const pthread_rwlockattr_t *, int *)
pthread_rwlockattr_init	int	int pthread_rwlockattr_init (pthread_rwlockattr_t *)
pthread_rwlockattr_setpshared	int	int pthread_rwlockattr_setpshared (pthread_rwlockattr_t *, int)
pthread_self	int	pthread_t pthread_self (void)
pthread_setaffinity_np	int	int pthread_setaffinity_np (pthread_t, size_t, const cpu_set_t *)
pthread_setcancelstate	int	int pthread_setcancelstate (int, int *)
pthread_setcanceltype	int	int pthread_setcanceltype (int, int *)
pthread_setconcurrency	int	int pthread_setconcurrency (int)
pthread_setname_np	int	int pthread_setname_np (pthread_t, const char *)
pthread_setschedparam	int	int pthread_setschedparam (pthread_t, int, const struct sched_param *)
pthread_setschedprio	int	int pthread_setschedprio (pthread_t, int)
pthread_setspecific	int	int pthread_setspecific (pthread_key_t, const void *)
pthread_sigmask	int	int pthread_sigmask (int, const sigset_t *, sigset_t *)
pthread_sigqueue	aggr	int pthread_sigqueue (pthread_t, int, const union sigval )
pthread_spin_destroy	int	int pthread_spin_destroy (pthread_spinlock_t *)
pthread_spin_init	int	int pthread_spin_init (pthread_spinlock_t *, int)
pthread_spin_lock	int	int pthread_spin_lock (pthread_spinlock_t *)
pthread_spin_trylock	int	int pthread_spin_trylock (pthread_spinlock_t *)
pthread_spin_unlock	int	int pthread_spin_unlock (pthread_spinlock_t *)
pthread_suspend	int	int pthread_suspend (pthread_t)
pthread_testcancel	int	void pthread_testcancel (void)
pthread_timedjoin_np	int	int pthread_timedjoin_np (pthread_t, void **, const struct timespec *)
pthread_tryjoin_np	int	int pthread_tryjoin_np (pthread_t, void **)
pthread_yield	int	int pthread_yield (void)
ptsname	int	char *ptsname (int)
ptsname_r	int	int ptsname_r (int, char *, size_t)
putc	int	int putc (int, FILE *)
putc_unlocked	int	int putc_unlocked (int, FILE *)
putchar	int	int putchar (int)
putchar_unlocked	int	int putchar_unlocked (int)
putenv	int	int putenv (char *)
puts	int	int puts (const char *)
pututline	int	struct utmp *pututline (const struct utmp *)
pututxline	int	struct utmpx *pututxline (const struct utmpx *)
putw	int	int putw (int, FILE *)
putwc	int	wint_t putwc (wchar_t, __FILE *)
putwc_unlocked	int	wint_t putwc_unlocked (wchar_t, __FILE *)
putwchar	int	wint_t putwchar (wchar_t)
putwchar_unlocked	int	wint_t putwchar_unlocked (wchar_t)
pwrite	int	ssize_t pwrite (int, const void *, size_t, off_t)
qsort	int	void qsort (void *, size_t, size_t, __compar_fn_t)
qsort_r	int	void qsort_r (void *, size_t, size_t, int (*) (const void *, const void *, void *), void *)
quick_exit	int	volatile void quick_exit (int)
quotactl	int	int quotactl (int, const char *, int, caddr_t)
raise	int	int raise (int)
rand	int	int rand (void)
rand_r	int	int rand_r (unsigned int *)
random	int	long int random (void)
rawmemchr	int	void *rawmemchr (const void *, int)
rcmd	int	int rcmd (char **, uint16_t, const char *, const char *, const char *, int *)
rcmd_af	int	int rcmd_af (char **, uint16_t, const char *, const char *, const char *, int *, int)
read	int	_ssize_t read (int, void *, size_t)
readdir	int	struct dirent *readdir (DIR *)
readdir_r	int	int readdir_r (DIR *, struct dirent *, struct dirent **)
readlink	int	ssize_t readlink (const char *, char *, size_t)
readlinkat	int	ssize_t readlinkat (int, const char *, char *, size_t)
readv	int	ssize_t readv (int, const struct iovec *, int)
realloc	int	void *realloc (void *, size_t)
reallocarray	int	void *reallocarray (void *, size_t, size_t)
reallocf	int	void *reallocf (void *, size_t)
realpath	int	char *realpath (const char *, char *)
recv	int	ssize_t recv (int, void *, size_t, int)
recvfrom	int	ssize_t recvfrom (int, void *, size_t, int, struct sockaddr *, socklen_t *)
recvmsg	int	ssize_t recvmsg (int, struct msghdr *, int)
regcomp	int	int regcomp (regex_t *, const char *, int)
regerror	int	size_t regerror (int, const regex_t *, char *, size_t)
regexec	int	int regexec (const regex_t *, const char *, size_t, regmatch_t *, int)
regfree	int	void regfree (regex_t *)
remainder	fp	double remainder (double, double)
remainderf	fp	float remainderf (float, float)
remainderl	fp	long double remainderl (long double, long double)
remove	int	int remove (const char *)
removexattr	int	int removexattr (const char *, const char *)
remque	int	void remque (void *)
remquo	fp	double remquo (double, double, int *)
remquof	fp	float remquof (float, float, int *)
remquol	fp	long double remquol (long double, long double, int *)
rename	int	int rename (const char *, const char *)
renameat	int	int renameat (int, const char *, int, const char *)
renameat2	int	int renameat2 (int, const char *, int, const char *, unsigned int)
res_close	unlisted	-
res_init	unlisted	-
res_mkquery	unlisted	-
res_nclose	unlisted	-
res_ninit	unlisted	-
res_nmkquery	unlisted	-
res_nquery	unlisted	-
res_nquerydomain	unlisted	-
res_nsearch	unlisted	-
res_nsend	unlisted	-
res_query	unlisted	-
res_querydomain	unlisted	-
res_search	unlisted	-
res_send	unlisted	-
revoke	int	int revoke (char *)
rewind	int	void rewind (FILE *)
rewinddir	int	void rewinddir (DIR *)
rexec	int	int rexec (char **, uint16_t, char *, char *, char *, int *)
rindex	int	char *rindex (const char *, int)
rint	fp	double rint (double)
rintf	fp	float rintf (float)
rintl	fp	long double rintl (long double)
rmdir	int	int rmdir (const char *)
round	fp	double round (double)
roundf	fp	float roundf (float)
roundl	fp	long double roundl (long double)
rpmatch	int	int rpmatch (const char *)
rresvport	int	int rresvport (int *)
rresvport_af	int	int rresvport_af (int *, int)
ruserok	int	int ruserok (const char *, int, const char *, const char *)
sbrk	int	void *sbrk (ptrdiff_t)
scalb	unlisted	-
scalbf	unlisted	-
scalbl	unlisted	-
scalbln	fp	double scalbln (double, long int)
scalblnf	fp	float scalblnf (float, long int)
scalblnl	fp	long double scalblnl (long double, long int)
scalbn	fp	double scalbn (double, int)
scalbnf	fp	float scalbnf (float, int)
scalbnl	fp	long double scalbnl (long double, int)
scandir	int	int scandir (const char *, struct dirent ***, int (*) (const struct dirent *), int (*) (const struct dirent **, const struct dirent **))
scandirat	int	int scandirat (int, const char *, struct dirent ***, int (*) (const struct dirent *), int (*) (const struct dirent **, const struct dirent **))
sched_get_priority_max	int	int sched_get_priority_max (int)
sched_get_priority_min	int	int sched_get_priority_min (int)
sched_getaffinity	int	int sched_getaffinity (pid_t, size_t, cpu_set_t *)
sched_getcpu	int	int sched_getcpu (void)
sched_getparam	int	int sched_getparam (pid_t, struct sched_param *)
sched_getscheduler	int	int sched_getscheduler (pid_t)
sched_rr_get_interval	int	int sched_rr_get_interval (pid_t, struct timespec *)
sched_setaffinity	int	int sched_setaffinity (pid_t, size_t, const cpu_set_t *)
sched_setparam	int	int sched_setparam (pid_t, const struct sched_param *)
sched_setscheduler	int	int sched_setscheduler (pid_t, int, const struct sched_param *)
sched_yield	int	int sched_yield (void)
secure_getenv	int	char *secure_getenv (const char *)
seed48	int	short unsigned int *seed48 (short unsigned int *)
seekdir	int	void seekdir (DIR *, long int)
select	int	int select (int, fd_set *, fd_set *, fd_set *, struct timeval *)
sem_clockwait	int	int sem_clockwait (sem_t *, clockid_t, const struct timespec *)
sem_close	int	int sem_close (sem_t *)
sem_destroy	int	int sem_destroy (sem_t *)
sem_getvalue	int	int sem_getvalue (sem_t *, int *)
sem_init	int	int sem_init (sem_t *, int, unsigned int)
sem_post	int	int sem_post (sem_t *)
sem_timedwait	int	int sem_timedwait (sem_t *, const struct timespec *)
sem_trywait	int	int sem_trywait (sem_t *)
sem_unlink	int	int sem_unlink (const char *)
sem_wait	int	int sem_wait (sem_t *)
semget	int	int semget (key_t, int, int)
semop	int	int semop (int, struct sembuf *, size_t)
send	int	ssize_t send (int, const void *, size_t, int)
sendmsg	int	ssize_t sendmsg (int, const struct msghdr *, int)
sendto	int	ssize_t sendto (int, const void *, size_t, int, const struct sockaddr *, socklen_t)
setbuf	int	void setbuf (FILE *, char *)
setbuffer	int	void setbuffer (FILE *, char *, int)
setcontext	int	int setcontext (const ucontext_t *)
setdtablesize	int	int setdtablesize (int)
setegid	int	int setegid (gid_t)
setenv	int	int setenv (const char *, const char *, int)
seteuid	int	int seteuid (uid_t)
setgid	int	int setgid (gid_t)
setgrent	int	void setgrent (void)
setgroups	int	int setgroups (int, const gid_t *)
sethostent	int	void sethostent (int)
sethostname	int	int sethostname (const char *, size_t)
setitimer	int	int setitimer (int, const struct itimerval *, struct itimerval *)
setjmp	int	int setjmp (long int *)
setlinebuf	int	int setlinebuf (FILE *)
setlocale	int	char *setlocale (int, const char *)
setlogmask	int	int setlogmask (int)
setmntent	int	FILE *setmntent (const char *, const char *)
setpassent	int	int setpassent (int)
setpgid	int	int setpgid (pid_t, pid_t)
setpgrp	int	int setpgrp (void)
setpriority	int	int setpriority (int, id_t, int)
setprogname	int	void setprogname (const char *)
setprotoent	int	void setprotoent (int)
setpwent	int	void setpwent (void)
setregid	int	int setregid (gid_t, gid_t)
setreuid	int	int setreuid (uid_t, uid_t)
setrlimit	int	int setrlimit (int, const struct rlimit *)
setservent	int	void setservent (int)
setsid	int	pid_t setsid (void)
setsockopt	int	int setsockopt (int, int, int, const void *, socklen_t)
setstate	int	char *setstate (char *)
settimeofday	int	int settimeofday (const struct timeval *, const struct timezone *)
setuid	int	int setuid (uid_t)
setusershell	int	void setusershell (void)
setutent	int	void setutent (void)
setutxent	int	void setutxent (void)
setvbuf	int	int setvbuf (FILE *, char *, int, size_t)
setxattr	int	int setxattr (const char *, const char *, const void *, size_t, int)
shm_open	int	int shm_open (const char *, int, mode_t)
shm_unlink	int	int shm_unlink (const char *)
shmat	int	void *shmat (int, const void *, int)
shmctl	int	int shmctl (int, int, struct shmid_ds *)
shmdt	int	int shmdt (const void *)
shmget	int	int shmget (key_t, size_t, int)
shutdown	int	int shutdown (int, int)
sig2str	int	int sig2str (int, char *)
sigaction	int	int sigaction (int, const struct sigaction *, struct sigaction *)
sigaddset	int	int sigaddset (sigset_t *, const int )
sigaltstack	int	int sigaltstack (const stack_t *, stack_t *)
sigdelset	int	int sigdelset (sigset_t *, const int )
sigemptyset	int	int sigemptyset (sigset_t *)
sigfillset	int	int sigfillset (sigset_t *)
sighold	int	int sighold (int)
sigignore	int	int sigignore (int)
siginterrupt	int	int siginterrupt (int, int)
sigismember	int	int sigismember (const sigset_t *, int)
siglongjmp	int	void siglongjmp (long int *, int)
signal	int	_sig_func_ptr signal (int, _sig_func_ptr)
signalfd	unlisted	-
significand	unlisted	-
significandf	unlisted	-
sigpause	int	int sigpause (int)
sigpending	int	int sigpending (sigset_t *)
sigprocmask	int	int sigprocmask (int, const sigset_t *, sigset_t *)
sigqueue	aggr	int sigqueue (pid_t, int, const union sigval )
sigrelse	int	int sigrelse (int)
sigset	int	_sig_func_ptr sigset (int, _sig_func_ptr)
sigsetjmp	int	int sigsetjmp (long int *, int)
sigsuspend	int	int sigsuspend (const sigset_t *)
sigtimedwait	int	int sigtimedwait (const sigset_t *, siginfo_t *, const struct timespec *)
sigwait	int	int sigwait (const sigset_t *, int *)
sigwaitinfo	int	int sigwaitinfo (const sigset_t *, siginfo_t *)
sin	fp	double sin (double)
sincos	fp	void sincos (double, double *, double *)
sincosf	fp	void sincosf (float, float *, float *)
sincosl	fp	void sincosl (long double, long double *, long double *)
sinf	fp	float sinf (float)
sinh	fp	double sinh (double)
sinhf	fp	float sinhf (float)
sinhl	fp	long double sinhl (long double)
sinl	fp	long double sinl (long double)
sleep	int	unsigned int sleep (unsigned int)
sockatmark	int	int sockatmark (int)
socket	int	int socket (int, int, int)
socketpair	int	int socketpair (int, int, int, int *)
spawnlpe	unlisted	-
spawnv	unlisted	-
spawnve	unlisted	-
spawnvp	unlisted	-
spawnvpe	unlisted	-
sqrt	fp	double sqrt (double)
sqrtf	fp	float sqrtf (float)
sqrtl	fp	long double sqrtl (long double)
srand	int	void srand (unsigned int)
srand48	int	void srand48 (long int)
srandom	int	void srandom (unsigned int)
stat	int	int stat (const char *, struct stat *)
statfs	int	int statfs (const char *, struct statfs *)
statvfs	int	int statvfs (const char *, struct statvfs *)
stime	int	int stime (const time_t *)
stpcpy	int	char *stpcpy (char *, const char *)
stpncpy	int	char *stpncpy (char *, const char *, size_t)
str2sig	int	int str2sig (const char *, int *)
strcasecmp	int	int strcasecmp (const char *, const char *)
strcasecmp_l	int	int strcasecmp_l (const char *, const char *, locale_t)
strcasestr	int	char *strcasestr (const char *, const char *)
strcat	int	char *strcat (char *, const char *)
strchr	int	char *strchr (const char *, int)
strchrnul	int	char *strchrnul (const char *, int)
strcmp	int	int strcmp (const char *, const char *)
strcoll	int	int strcoll (const char *, const char *)
strcoll_l	int	int strcoll_l (const char *, const char *, locale_t)
strcpy	int	char *strcpy (char *, const char *)
strcspn	int	size_t strcspn (const char *, const char *)
strdup	int	char *strdup (const char *)
strerror	int	char *strerror (int)
strerror_l	int	char *strerror_l (int, locale_t)
strerror_r	int	char *strerror_r (int, char *, size_t)
strfmon	int	ssize_t strfmon (char *, size_t, const char *, ...)
strfmon_l	int	ssize_t strfmon_l (char *, size_t, locale_t, const char *, ...)
strftime	int	size_t strftime (char *, size_t, const char *, const struct tm *)
strftime_l	int	size_t strftime_l (char *, size_t, const char *, const struct tm *, locale_t)
strlcat	int	size_t strlcat (char *, const char *, size_t)
strlcpy	int	size_t strlcpy (char *, const char *, size_t)
strlen	int	size_t strlen (const char *)
strlwr	int	char *strlwr (char *)
strncasecmp	int	int strncasecmp (const char *, const char *, size_t)
strncasecmp_l	int	int strncasecmp_l (const char *, const char *, size_t, locale_t)
strncat	int	char *strncat (char *, const char *, size_t)
strncmp	int	int strncmp (const char *, const char *, size_t)
strncpy	int	char *strncpy (char *, const char *, size_t)
strndup	int	char *strndup (const char *, size_t)
strnlen	int	size_t strnlen (const char *, size_t)
strnstr	int	char *strnstr (const char *, const char *, size_t)
strpbrk	int	char *strpbrk (const char *, const char *)
strptime	int	char *strptime (const char *, const char *, struct tm *)
strptime_l	int	char *strptime_l (const char *, const char *, struct tm *, locale_t)
strrchr	int	char *strrchr (const char *, int)
strsep	int	char *strsep (char **, const char *)
strsignal	int	char *strsignal (int)
strspn	int	size_t strspn (const char *, const char *)
strstr	int	char *strstr (const char *, const char *)
strtod	fp	double strtod (const char *, char **)
strtod_l	fp	double strtod_l (const char *, char **, locale_t)
strtof	fp	float strtof (const char *, char **)
strtof_l	fp	float strtof_l (const char *, char **, locale_t)
strtoimax	int	intmax_t strtoimax (const char *, char **, int)
strtok	int	char *strtok (char *, const char *)
strtok_r	int	char *strtok_r (char *, const char *, char **)
strtol	int	long int strtol (const char *, char **, int)
strtol_l	int	long int strtol_l (const char *, char **, int, locale_t)
strtold	fp	long double strtold (const char *, char **)
strtold_l	fp	long double strtold_l (const char *, char **, locale_t)
strtoll	int	long long int strtoll (const char *, char **, int)
strtoll_l	int	long long int strtoll_l (const char *, char **, int, locale_t)
strtosigno	int	int strtosigno (const char *)
strtoul	int	long unsigned int strtoul (const char *, char **, int)
strtoul_l	int	long unsigned int strtoul_l (const char *, char **, int, locale_t)
strtoull	int	long long unsigned int strtoull (const char *, char **, int)
strtoull_l	int	long long unsigned int strtoull_l (const char *, char **, int, locale_t)
strtoumax	int	uintmax_t strtoumax (const char *, char **, int)
strupr	int	char *strupr (char *)
strverscmp	int	int strverscmp (const char *, const char *)
strxfrm	int	size_t strxfrm (char *, const char *, size_t)
strxfrm_l	int	size_t strxfrm_l (char *, const char *, size_t, locale_t)
swab	int	void swab (const void *, void *, ssize_t)
swapcontext	int	int swapcontext (ucontext_t *, const ucontext_t *)
symlink	int	int symlink (const char *, const char *)
symlinkat	int	int symlinkat (const char *, int, const char *)
sync	int	void sync (void)
sysconf	int	long int sysconf (int)
sysinfo	int	int sysinfo (struct sysinfo *)
system	int	int system (const char *)
tan	fp	double tan (double)
tanf	fp	float tanf (float)
tanh	fp	double tanh (double)
tanhf	fp	float tanhf (float)
tanhl	fp	long double tanhl (long double)
tanl	fp	long double tanl (long double)
tcdrain	int	int tcdrain (int)
tcflow	int	int tcflow (int, int)
tcflush	int	int tcflush (int, int)
tcgetattr	int	int tcgetattr (int, struct termios *)
tcgetpgrp	int	pid_t tcgetpgrp (int)
tcgetsid	int	pid_t tcgetsid (int)
tcgetwinsize	int	int tcgetwinsize (int, struct winsize *)
tcsendbreak	int	int tcsendbreak (int, int)
tcsetattr	int	int tcsetattr (int, int, const struct termios *)
tcsetpgrp	int	int tcsetpgrp (int, pid_t)
tcsetwinsize	int	int tcsetwinsize (int, const struct winsize *)
tdelete	int	void *tdelete (const void *, posix_tnode **, int (*) (const void *, const void *))
tdestroy	int	void tdestroy (void *, void (*) (void *))
telldir	int	long int telldir (DIR *)
tempnam	int	char *tempnam (const char *, const char *)
tfind	int	posix_tnode *tfind (const void *, posix_tnode *const *, int (*) (const void *, const void *))
tgamma	fp	double tgamma (double)
tgammaf	fp	float tgammaf (float)
tgammal	fp	long double tgammal (long double)
thrd_create	unlisted	-
thrd_current	unlisted	-
thrd_detach	unlisted	-
thrd_equal	unlisted	-
thrd_exit	unlisted	-
thrd_join	unlisted	-
thrd_sleep	unlisted	-
thrd_yield	unlisted	-
time	int	time_t time (time_t *)
timegm	int	time_t timegm (struct tm *)
timelocal	int	time_t timelocal (struct tm *)
timer_create	int	int timer_create (clockid_t, struct sigevent *, timer_t *)
timer_delete	int	int timer_delete (timer_t)
timer_getoverrun	int	int timer_getoverrun (timer_t)
timer_gettime	int	int timer_gettime (timer_t, struct itimerspec *)
timer_settime	int	int timer_settime (timer_t, int, const struct itimerspec *, struct itimerspec *)
timerfd_create	unlisted	-
timerfd_gettime	unlisted	-
timerfd_settime	unlisted	-
times	int	clock_t times (struct tms *)
timespec_get	int	int timespec_get (struct timespec *, int)
timezone	unlisted	-
timingsafe_bcmp	int	int timingsafe_bcmp (const void *, const void *, size_t)
timingsafe_memcmp	int	int timingsafe_memcmp (const void *, const void *, size_t)
tmpfile	int	FILE *tmpfile (void)
tmpnam	int	char *tmpnam (char *)
toascii	int	int toascii (int)
toascii_l	int	int toascii_l (int, locale_t)
tolower	int	int tolower (int)
tolower_l	int	int tolower_l (int, locale_t)
toupper	int	int toupper (int)
toupper_l	int	int toupper_l (int, locale_t)
towctrans	int	wint_t towctrans (wint_t, wctrans_t)
towctrans_l	int	wint_t towctrans_l (wint_t, wctrans_t, locale_t)
towlower	int	wint_t towlower (wint_t)
towlower_l	int	wint_t towlower_l (wint_t, locale_t)
towupper	int	wint_t towupper (wint_t)
towupper_l	int	wint_t towupper_l (wint_t, locale_t)
trunc	fp	double trunc (double)
truncate	int	int truncate (const char *, off_t)
truncf	fp	float truncf (float)
truncl	fp	long double truncl (long double)
tsearch	int	posix_tnode *tsearch (const void *, posix_tnode **, int (*) (const void *, const void *))
tss_create	unlisted	-
tss_delete	unlisted	-
tss_get	unlisted	-
tss_set	unlisted	-
ttyname	int	char *ttyname (int)
ttyname_r	int	int ttyname_r (int, char *, size_t)
ttyslot	unlisted	-
twalk	int	void twalk (const posix_tnode *, void (*) (const posix_tnode *, VISIT, int))
tzset	int	void tzset (void)
ualarm	int	useconds_t ualarm (useconds_t, useconds_t)
umask	int	mode_t umask (mode_t)
umount	int	int umount (const char *)
uname	int	int uname (struct utsname *)
uname_x	unlisted	-
ungetc	int	int ungetc (int, FILE *)
ungetwc	int	wint_t ungetwc (wint_t, __FILE *)
unlink	int	int unlink (const char *)
unlinkat	int	int unlinkat (int, const char *, int)
unlockpt	int	int unlockpt (int)
unsetenv	int	int unsetenv (const char *)
updwtmp	int	void updwtmp (const char *, const struct utmp *)
updwtmpx	int	void updwtmpx (const char *, const struct utmpx *)
uselocale	int	locale_t uselocale (locale_t)
usleep	int	int usleep (useconds_t)
utime	int	int utime (const char *, const struct utimbuf *)
utimensat	int	int utimensat (int, const char *, const struct timespec *, int)
utimes	int	int utimes (const char *, const struct timeval *)
utmpname	int	int utmpname (const char *)
utmpxname	int	int utmpxname (const char *)
valloc	int	void *valloc (size_t)
versionsort	int	int versionsort (const struct dirent **, const struct dirent **)
vfork	int	pid_t vfork (void)
vhangup	int	int vhangup (void)
wait	int	pid_t wait (int *)
wait3	int	pid_t wait3 (int *, int, struct rusage *)
wait4	int	pid_t wait4 (pid_t, int *, int, struct rusage *)
waitpid	int	pid_t waitpid (pid_t, int *, int)
wcpcpy	int	wchar_t *wcpcpy (wchar_t *, const wchar_t *)
wcpncpy	int	wchar_t *wcpncpy (wchar_t *, const wchar_t *, size_t)
wcrtomb	int	size_t wcrtomb (char *, wchar_t, mbstate_t *)
wcscasecmp	int	int wcscasecmp (const wchar_t *, const wchar_t *)
wcscasecmp_l	int	int wcscasecmp_l (const wchar_t *, const wchar_t *, locale_t)
wcscat	int	wchar_t *wcscat (wchar_t *, const wchar_t *)
wcschr	int	wchar_t *wcschr (const wchar_t *, wchar_t)
wcscmp	int	int wcscmp (const wchar_t *, const wchar_t *)
wcscoll	int	int wcscoll (const wchar_t *, const wchar_t *)
wcscoll_l	int	int wcscoll_l (const wchar_t *, const wchar_t *, locale_t)
wcscpy	int	wchar_t *wcscpy (wchar_t *, const wchar_t *)
wcscspn	int	size_t wcscspn (const wchar_t *, const wchar_t *)
wcsdup	int	wchar_t *wcsdup (const wchar_t *)
wcsftime	int	size_t wcsftime (wchar_t *, size_t, const wchar_t *, const struct tm *)
wcsftime_l	int	size_t wcsftime_l (wchar_t *, size_t, const wchar_t *, const struct tm *, locale_t)
wcslcat	int	size_t wcslcat (wchar_t *, const wchar_t *, size_t)
wcslcpy	int	size_t wcslcpy (wchar_t *, const wchar_t *, size_t)
wcslen	int	size_t wcslen (const wchar_t *)
wcsncasecmp	int	int wcsncasecmp (const wchar_t *, const wchar_t *, size_t)
wcsncasecmp_l	int	int wcsncasecmp_l (const wchar_t *, const wchar_t *, size_t, locale_t)
wcsncat	int	wchar_t *wcsncat (wchar_t *, const wchar_t *, size_t)
wcsncmp	int	int wcsncmp (const wchar_t *, const wchar_t *, size_t)
wcsncpy	int	wchar_t *wcsncpy (wchar_t *, const wchar_t *, size_t)
wcsnlen	int	size_t wcsnlen (const wchar_t *, size_t)
wcsnrtombs	int	size_t wcsnrtombs (char *, const wchar_t **, size_t, size_t, mbstate_t *)
wcspbrk	int	wchar_t *wcspbrk (const wchar_t *, const wchar_t *)
wcsrchr	int	wchar_t *wcsrchr (const wchar_t *, wchar_t)
wcsrtombs	int	size_t wcsrtombs (char *, const wchar_t **, size_t, mbstate_t *)
wcsspn	int	size_t wcsspn (const wchar_t *, const wchar_t *)
wcsstr	int	wchar_t *wcsstr (const wchar_t *, const wchar_t *)
wcstod	fp	double wcstod (const wchar_t *, wchar_t **)
wcstod_l	fp	double wcstod_l (const wchar_t *, wchar_t **, locale_t)
wcstof	fp	float wcstof (const wchar_t *, wchar_t **)
wcstof_l	fp	float wcstof_l (const wchar_t *, wchar_t **, locale_t)
wcstoimax	int	intmax_t wcstoimax (const wchar_t *, wchar_t **, int)
wcstok	int	wchar_t *wcstok (wchar_t *, const wchar_t *, wchar_t **)
wcstol	int	long int wcstol (const wchar_t *, wchar_t **, int)
wcstol_l	int	long int wcstol_l (const wchar_t *, wchar_t **, int, locale_t)
wcstold	fp	long double wcstold (const wchar_t *, wchar_t **)
wcstold_l	fp	long double wcstold_l (const wchar_t *, wchar_t **, locale_t)
wcstoll	int	long long int wcstoll (const wchar_t *, wchar_t **, int)
wcstoll_l	int	long long int wcstoll_l (const wchar_t *, wchar_t **, int, locale_t)
wcstombs	int	size_t wcstombs (char *, const wchar_t *, size_t)
wcstoul	int	long unsigned int wcstoul (const wchar_t *, wchar_t **, int)
wcstoul_l	int	long unsigned int wcstoul_l (const wchar_t *, wchar_t **, int, locale_t)
wcstoull	int	long long unsigned int wcstoull (const wchar_t *, wchar_t **, int)
wcstoull_l	int	long long unsigned int wcstoull_l (const wchar_t *, wchar_t **, int, locale_t)
wcstoumax	int	uintmax_t wcstoumax (const wchar_t *, wchar_t **, int)
wcswidth	int	int wcswidth (const wchar_t *, size_t)
wcsxfrm	int	size_t wcsxfrm (wchar_t *, const wchar_t *, size_t)
wcsxfrm_l	int	size_t wcsxfrm_l (wchar_t *, const wchar_t *, size_t, locale_t)
wctob	int	int wctob (wint_t)
wctomb	int	int wctomb (char *, wchar_t)
wctrans	int	wctrans_t wctrans (const char *)
wctrans_l	int	wctrans_t wctrans_l (const char *, locale_t)
wctype	int	wctype_t wctype (const char *)
wctype_l	int	wctype_t wctype_l (const char *, locale_t)
wcwidth	int	int wcwidth (const wchar_t )
wmemchr	int	wchar_t *wmemchr (const wchar_t *, wchar_t, size_t)
wmemcmp	int	int wmemcmp (const wchar_t *, const wchar_t *, size_t)
wmemcpy	int	wchar_t *wmemcpy (wchar_t *, const wchar_t *, size_t)
wmemmove	int	wchar_t *wmemmove (wchar_t *, const wchar_t *, size_t)
wmempcpy	int	wchar_t *wmempcpy (wchar_t *, const wchar_t *, size_t)
wmemset	int	wchar_t *wmemset (wchar_t *, wchar_t, size_t)
wordexp	int	int wordexp (const char *, wordexp_t *, int)
wordfree	int	void wordfree (wordexp_t *)
write	int	_ssize_t write (int, const void *, size_t)
writev	int	ssize_t writev (int, const struct iovec *, int)
xdr_array	unlisted	-
xdr_bool	unlisted	-
xdr_bytes	unlisted	-
xdr_char	unlisted	-
xdr_double	unlisted	-
xdr_enum	unlisted	-
xdr_float	unlisted	-
xdr_free	unlisted	-
xdr_hyper	unlisted	-
xdr_int	unlisted	-
xdr_int16_t	unlisted	-
xdr_int32_t	unlisted	-
xdr_int64_t	unlisted	-
xdr_int8_t	unlisted	-
xdr_long	unlisted	-
xdr_longlong_t	unlisted	-
xdr_netobj	unlisted	-
xdr_opaque	unlisted	-
xdr_pointer	unlisted	-
xdr_reference	unlisted	-
xdr_short	unlisted	-
xdr_sizeof	unlisted	-
xdr_string	unlisted	-
xdr_u_char	unlisted	-
xdr_u_hyper	unlisted	-
xdr_u_int	unlisted	-
xdr_u_int16_t	unlisted	-
xdr_u_int32_t	unlisted	-
xdr_u_int64_t	unlisted	-
xdr_u_int8_t	unlisted	-
xdr_u_long	unlisted	-
xdr_u_longlong_t	unlisted	-
xdr_u_short	unlisted	-
xdr_uint16_t	unlisted	-
xdr_uint32_t	unlisted	-
xdr_uint64_t	unlisted	-
xdr_uint8_t	unlisted	-
xdr_union	unlisted	-
xdr_vector	unlisted	-
xdr_void	unlisted	-
xdr_wrapstring	unlisted	-
xdrmem_create	unlisted	-
xdrrec_create	unlisted	-
xdrrec_endofrecord	unlisted	-
xdrrec_eof	unlisted	-
xdrrec_skiprecord	unlisted	-
xdrstdio_create	unlisted	-
y0	fp	double y0 (double)
y0f	fp	float y0f (float)
y1	fp	double y1 (double)
y1f	fp	float y1f (float)
yn	fp	double yn (int, double)
ynf	fp	float ynf (int, float)
