__assert	int	void __assert (const char *, int, const char *)	probe
__assert_func	int	void __assert_func (const char *, int, const char *, const char *)	probe
__assertfail	int	-	residue
__bsd_qsort_r	int	-	residue
__chk_fail	int	void __chk_fail (void)	probe
__cxa_atexit	int	-	residue
__cxa_finalize	int	-	residue
__fbufsize	int	size_t __fbufsize (FILE *__fp); /* (__fp) FILE *__fp; */	probe
__flbf	int	int __flbf (FILE *__fp); /* (__fp) FILE *__fp; */	probe
__fpending	int	size_t __fpending (FILE *__fp); /* (__fp) FILE *__fp; */	probe
__freadable	int	int __freadable (FILE *__fp); /* (__fp) FILE *__fp; */	probe
__freading	int	int __freading (FILE *__fp); /* (__fp) FILE *__fp; */	probe
__fwritable	int	int __fwritable (FILE *__fp); /* (__fp) FILE *__fp; */	probe
__fwriting	int	int __fwriting (FILE *__fp); /* (__fp) FILE *__fp; */	probe
__gets_chk	int	char *__gets_chk (char *, size_t)	probe
__gnu_basename	int	-	residue
__infinity	data	-	residue
__main	asis	-	residue
__memcpy_chk	int	void *__memcpy_chk (void *, const void *, size_t, size_t)	probe
__memmove_chk	int	void *__memmove_chk (void *, void *, size_t, size_t)	probe
__mempcpy	int	-	residue
__mempcpy_chk	int	void *__mempcpy_chk (void *, const void *, size_t, size_t)	probe
__memset_chk	int	void *__memset_chk (void *, int, size_t, size_t)	probe
__opendir_with_d_ino	int	-	residue
__srget	int	-	residue
__stack_chk_fail	int	void __stack_chk_fail (void)	probe
__stack_chk_fail_local	asis	-	residue
__stpcpy_chk	int	char *__stpcpy_chk (char *, const char *, size_t)	probe
__stpncpy_chk	int	-	residue
__strcat_chk	int	char *__strcat_chk (char *, const char *, size_t)	probe
__strcpy_chk	int	char *__strcpy_chk (char *, const char *, size_t)	probe
__strncat_chk	int	char *__strncat_chk (char *, const char *, size_t, size_t)	probe
__strncpy_chk	int	char *__strncpy_chk (char *, const char *, size_t, size_t)	probe
__swbuf	int	-	residue
__wrap__ZdaPv	int	-	residue
__wrap__ZdaPvRKSt9nothrow_t	int	-	residue
__wrap__ZdlPv	int	-	residue
__wrap__ZdlPvRKSt9nothrow_t	int	-	residue
__wrap__Znam	int	-	residue
__wrap__ZnamRKSt9nothrow_t	int	-	residue
__wrap__Znwm	int	-	residue
__wrap__ZnwmRKSt9nothrow_t	int	-	residue
__xdrrec_getrec	int	-	residue
__xdrrec_setnonblock	int	-	residue
__xpg_sigpause	int	-	residue
__xpg_strerror_r	int	-	residue
_alloca	asis	-	residue
_dll_crt0	asis	-	residue
_feinitialise	asis	-	residue
_get_osfhandle	int	long int _get_osfhandle (int)	probe
_pipe	int	-	residue
_setmode	int	int _setmode (int, int)	probe
acl	int	int acl (const char *, int, int, aclent_t *)	probe
acl_check	int	int acl_check (acl_t, int *)	probe
acl_cmp	int	int acl_cmp (acl_t, acl_t)	probe
acl_entries	int	int acl_entries (acl_t)	probe
acl_equiv_mode	int	int acl_equiv_mode (acl_t, mode_t *)	probe
acl_error	int	const char *acl_error (int)	probe
acl_extended_fd	int	int acl_extended_fd (int)	probe
acl_extended_file	int	int acl_extended_file (const char *)	probe
acl_extended_file_nofollow	int	int acl_extended_file_nofollow (const char *)	probe
acl_from_mode	int	acl_t acl_from_mode (mode_t)	probe
acl_get_perm	int	int acl_get_perm (acl_permset_t, acl_perm_t)	probe
acl_to_any_text	int	char *acl_to_any_text (acl_t, const char *, char, int)	probe
aclcheck	int	int aclcheck (aclent_t *, int, int *)	probe
aclfrommode	int	int aclfrommode (aclent_t *, int, mode_t *)	probe
aclfrompbits	int	int aclfrompbits (aclent_t *, int, mode_t *)	probe
aclfromtext	int	aclent_t *aclfromtext (char *, int *)	probe
aclsort	int	int aclsort (int, int, aclent_t *)	probe
acltomode	int	int acltomode (aclent_t *, int, mode_t *)	probe
acltopbits	int	int acltopbits (aclent_t *, int, mode_t *)	probe
acltotext	int	char *acltotext (aclent_t *, int)	probe
arc4random_addrandom	int	-	residue
arc4random_stir	int	-	residue
c16rtomb	int	size_t c16rtomb (char *, char16_t, mbstate_t *)	probe
c32rtomb	int	size_t c32rtomb (char *, char32_t, mbstate_t *)	probe
call_once	int	void call_once (once_flag *, void (*) (void))	probe
cnd_broadcast	int	int cnd_broadcast (cnd_t *)	probe
cnd_destroy	int	void cnd_destroy (cnd_t *)	probe
cnd_init	int	int cnd_init (cnd_t *)	probe
cnd_signal	int	int cnd_signal (cnd_t *)	probe
cnd_timedwait	int	int cnd_timedwait (cnd_t *, mtx_t *, const struct timespec *)	probe
cnd_wait	int	int cnd_wait (cnd_t *, mtx_t *)	probe
cwait	int	int cwait (int *, int, int)	probe
cygwin_attach_handle_to_fd	int	int cygwin_attach_handle_to_fd (char *, int, HANDLE, mode_t, DWORD)	probe
cygwin_detach_dll	asis	-	residue
cygwin_dll_init	asis	-	residue
cygwin_logon_user	int	-	residue
cygwin_set_impersonation_token	int	void cygwin_set_impersonation_token (const HANDLE )	probe
cygwin_stackdump	int	-	residue
dbm_clearerr	int	int dbm_clearerr (DBM *)	probe
dbm_close	int	void dbm_close (DBM *)	probe
dbm_delete	int	int dbm_delete (DBM *, datum)	probe
dbm_dirfno	int	int dbm_dirfno (DBM *)	probe
dbm_error	int	int dbm_error (DBM *)	probe
dbm_fetch	int	datum dbm_fetch (DBM *, datum)	probe
dbm_firstkey	int	datum dbm_firstkey (DBM *)	probe
dbm_nextkey	int	datum dbm_nextkey (DBM *)	probe
dbm_open	int	DBM *dbm_open (const char *, int, mode_t)	probe
dbm_store	int	int dbm_store (DBM *, datum, datum, int)	probe
dll_crt0__FP11per_process	asis	-	residue
dll_dllcrt0	asis	-	residue
dll_entry	asis	-	residue
dn_comp	int	-	residue
dn_expand	int	-	residue
dn_skipname	int	-	residue
ecvt	fp	char *ecvt (double, int, int *, int *)	residue
ecvtbuf	fp	char *ecvtbuf (double, int, int *, int *, char *)	residue
ecvtf	fp	char *ecvtf (float, int, int *, int *)	residue
facl	int	int facl (int, int, int, aclent_t *)	probe
fcvt	fp	char *fcvt (double, int, int *, int *)	residue
fcvtbuf	fp	char *fcvtbuf (double, int, int *, int *, char *)	residue
fcvtf	fp	char *fcvtf (float, int, int *, int *)	residue
forkpty	int	int forkpty (int *, char *, const struct termios *, const struct winsize *)	probe
gcvt	fp	char *gcvt (double, int, char *)	residue
gcvtf	fp	char *gcvtf (float, int, char *)	residue
GetCommandLineA@0	asis	-	residue
GetCommandLineW@0	asis	-	residue
getmode	int	-	residue
lgammal_r	fp	long double lgammal_r (long double, int *)	residue
mbrtoc16	int	size_t mbrtoc16 (char16_t *, const char *, size_t, mbstate_t *)	probe
mbrtoc32	int	size_t mbrtoc32 (char32_t *, const char *, size_t, mbstate_t *)	probe
mtx_destroy	int	void mtx_destroy (mtx_t *)	probe
mtx_init	int	int mtx_init (mtx_t *, int)	probe
mtx_lock	int	int mtx_lock (mtx_t *)	probe
mtx_timedlock	int	int mtx_timedlock (mtx_t *, const struct timespec *)	probe
mtx_trylock	int	int mtx_trylock (mtx_t *)	probe
mtx_unlock	int	int mtx_unlock (mtx_t *)	probe
openpty	int	int openpty (int *, int *, char *, const struct termios *, const struct winsize *)	probe
pthread_attr_getstackaddr	int	-	residue
pthread_attr_setstackaddr	int	-	residue
pthread_getsequence_np	int	-	residue
res_close	int	-	residue
res_init	int	-	residue
res_mkquery	int	-	residue
res_nclose	int	-	residue
res_ninit	int	-	residue
res_nmkquery	int	-	residue
res_nquery	int	-	residue
res_nquerydomain	int	-	residue
res_nsearch	int	-	residue
res_nsend	int	-	residue
res_query	int	-	residue
res_querydomain	int	-	residue
res_search	int	-	residue
res_send	int	-	residue
scalb	fp	double scalb (double, double)	residue
scalbf	fp	float scalbf (float, float)	residue
scalbl	fp	long double scalbl (long double, long int)	residue
signalfd	int	int signalfd (int, const sigset_t *, int)	probe
significand	fp	double significand (double)	residue
significandf	fp	float significandf (float)	residue
spawnlpe	int	int spawnlpe (int, const char *, const char *, ...)	probe
spawnv	int	int spawnv (int, const char *, const char *const *)	probe
spawnve	int	int spawnve (int, const char *, const char *const *, const char *const *)	probe
spawnvp	int	int spawnvp (int, const char *, const char *const *)	probe
spawnvpe	int	int spawnvpe (int, const char *, const char *const *, const char *const *)	probe
thrd_create	int	int thrd_create (thrd_t *, thrd_start_t, void *)	probe
thrd_current	int	thrd_t thrd_current (void)	probe
thrd_detach	int	int thrd_detach (thrd_t)	probe
thrd_equal	int	int thrd_equal (thrd_t, thrd_t)	probe
thrd_exit	int	volatile void thrd_exit (int)	probe
thrd_join	int	int thrd_join (thrd_t, int *)	probe
thrd_sleep	int	int thrd_sleep (const struct timespec *, struct timespec *)	probe
thrd_yield	int	void thrd_yield (void)	probe
timerfd_create	int	int timerfd_create (clockid_t, int)	probe
timerfd_gettime	int	int timerfd_gettime (int, struct itimerspec *)	probe
timerfd_settime	int	int timerfd_settime (int, int, const struct itimerspec *, struct itimerspec *)	probe
timezone	int	-	residue
tss_create	int	int tss_create (tss_t *, tss_dtor_t)	probe
tss_delete	int	void tss_delete (tss_t)	probe
tss_get	int	void *tss_get (tss_t)	probe
tss_set	int	int tss_set (tss_t, void *)	probe
ttyslot	int	-	residue
uname_x	int	-	residue
xdr_array	int	bool_t xdr_array (XDR *, char **, u_int *, u_int, u_int, xdrproc_t)	probe
xdr_bool	int	bool_t xdr_bool (XDR *, bool_t *)	probe
xdr_bytes	int	bool_t xdr_bytes (XDR *, char **, u_int *, u_int)	probe
xdr_char	int	bool_t xdr_char (XDR *, char *)	probe
xdr_double	fp	bool_t xdr_double (XDR *, double *)	probe
xdr_enum	int	bool_t xdr_enum (XDR *, enum_t *)	probe
xdr_float	fp	bool_t xdr_float (XDR *, float *)	probe
xdr_free	int	void xdr_free (xdrproc_t, void *)	probe
xdr_hyper	int	bool_t xdr_hyper (XDR *, quad_t *)	probe
xdr_int	int	bool_t xdr_int (XDR *, int *)	probe
xdr_int16_t	int	bool_t xdr_int16_t (XDR *, int16_t *)	probe
xdr_int32_t	int	bool_t xdr_int32_t (XDR *, int32_t *)	probe
xdr_int64_t	int	bool_t xdr_int64_t (XDR *, int64_t *)	probe
xdr_int8_t	int	bool_t xdr_int8_t (XDR *, int8_t *)	probe
xdr_long	int	bool_t xdr_long (XDR *, long int *)	probe
xdr_longlong_t	int	bool_t xdr_longlong_t (XDR *, quad_t *)	probe
xdr_netobj	int	bool_t xdr_netobj (XDR *, struct netobj *)	probe
xdr_opaque	int	bool_t xdr_opaque (XDR *, char *, u_int)	probe
xdr_pointer	int	bool_t xdr_pointer (XDR *, char **, u_int, xdrproc_t)	probe
xdr_reference	int	bool_t xdr_reference (XDR *, char **, u_int, xdrproc_t)	probe
xdr_short	int	bool_t xdr_short (XDR *, short int *)	probe
xdr_sizeof	int	u_long xdr_sizeof (xdrproc_t, void *)	probe
xdr_string	int	bool_t xdr_string (XDR *, char **, u_int)	probe
xdr_u_char	int	bool_t xdr_u_char (XDR *, u_char *)	probe
xdr_u_hyper	int	bool_t xdr_u_hyper (XDR *, u_quad_t *)	probe
xdr_u_int	int	bool_t xdr_u_int (XDR *, u_int *)	probe
xdr_u_int16_t	int	bool_t xdr_u_int16_t (XDR *, u_int16_t *)	probe
xdr_u_int32_t	int	bool_t xdr_u_int32_t (XDR *, u_int32_t *)	probe
xdr_u_int64_t	int	bool_t xdr_u_int64_t (XDR *, u_int64_t *)	probe
xdr_u_int8_t	int	bool_t xdr_u_int8_t (XDR *, u_int8_t *)	probe
xdr_u_long	int	bool_t xdr_u_long (XDR *, u_long *)	probe
xdr_u_longlong_t	int	bool_t xdr_u_longlong_t (XDR *, u_quad_t *)	probe
xdr_u_short	int	bool_t xdr_u_short (XDR *, u_short *)	probe
xdr_uint16_t	int	bool_t xdr_uint16_t (XDR *, uint16_t *)	probe
xdr_uint32_t	int	bool_t xdr_uint32_t (XDR *, uint32_t *)	probe
xdr_uint64_t	int	bool_t xdr_uint64_t (XDR *, uint64_t *)	probe
xdr_uint8_t	int	bool_t xdr_uint8_t (XDR *, uint8_t *)	probe
xdr_union	int	bool_t xdr_union (XDR *, enum_t *, char *, const struct xdr_discrim *, xdrproc_t)	probe
xdr_vector	int	bool_t xdr_vector (XDR *, char *, u_int, u_int, xdrproc_t)	probe
xdr_void	int	bool_t xdr_void (void)	probe
xdr_wrapstring	int	bool_t xdr_wrapstring (XDR *, char **)	probe
xdrmem_create	int	void xdrmem_create (XDR *, char *, u_int, enum xdr_op)	probe
xdrrec_create	int	void xdrrec_create (XDR *, u_int, u_int, void *, int (*) (void *, void *, int), int (*) (void *, void *, int))	probe
xdrrec_endofrecord	int	bool_t xdrrec_endofrecord (XDR *, bool_t)	probe
xdrrec_eof	int	bool_t xdrrec_eof (XDR *)	probe
xdrrec_skiprecord	int	bool_t xdrrec_skiprecord (XDR *)	probe
xdrstdio_create	int	void xdrstdio_create (XDR *, FILE *, enum xdr_op)	probe
