_Exit	stdlib	stdlib.h
__acos	math	math.h
__acosf	math	math.h
__acosf128	math	math.h
__acosf32	math	math.h
__acosf32x	math	math.h
__acosf64	math	math.h
__acosf64x	math	math.h
__acosh	math	math.h
__acoshf	math	math.h
__acoshf128	math	math.h
__acoshf32	math	math.h
__acoshf32x	math	math.h
__acoshf64	math	math.h
__acoshf64x	math	math.h
__acoshl	math	math.h
__acosl	math	math.h
__argz_count	string	argz.h
__argz_create	string	argz.h
__argz_extract	string	argz.h
__argz_next	string	argz.h
__argz_stringify	string	argz.h
__asin	math	math.h
__asinf	math	math.h
__asinf128	math	math.h
__asinf32	math	math.h
__asinf32x	math	math.h
__asinf64	math	math.h
__asinf64x	math	math.h
__asinh	math	math.h
__asinhf	math	math.h
__asinhf128	math	math.h
__asinhf32	math	math.h
__asinhf32x	math	math.h
__asinhf64	math	math.h
__asinhf64x	math	math.h
__asinhl	math	math.h
__asinl	math	math.h
__asprintf	stdio	stdio.h
__assert	runtime	assert.h
__assert_fail	runtime	assert.h
__assert_perror_fail	runtime	assert.h
__atan	math	math.h
__atan2	math	math.h
__atan2f	math	math.h
__atan2f128	math	math.h
__atan2f32	math	math.h
__atan2f32x	math	math.h
__atan2f64	math	math.h
__atan2f64x	math	math.h
__atan2l	math	math.h
__atanf	math	math.h
__atanf128	math	math.h
__atanf32	math	math.h
__atanf32x	math	math.h
__atanf64	math	math.h
__atanf64x	math	math.h
__atanh	math	math.h
__atanhf	math	math.h
__atanhf128	math	math.h
__atanhf32	math	math.h
__atanhf32x	math	math.h
__atanhf64	math	math.h
__atanhf64x	math	math.h
__atanhl	math	math.h
__atanl	math	math.h
__bswap_16	locale	wctype.h
__bswap_32	locale	wctype.h
__bswap_64	locale	wctype.h
__cabs	math	complex.h
__cabsf	math	complex.h
__cabsf128	math	complex.h
__cabsf32	math	complex.h
__cabsf32x	math	complex.h
__cabsf64	math	complex.h
__cabsf64x	math	complex.h
__cabsl	math	complex.h
__cacos	math	complex.h
__cacosf	math	complex.h
__cacosf128	math	complex.h
__cacosf32	math	complex.h
__cacosf32x	math	complex.h
__cacosf64	math	complex.h
__cacosf64x	math	complex.h
__cacosh	math	complex.h
__cacoshf	math	complex.h
__cacoshf128	math	complex.h
__cacoshf32	math	complex.h
__cacoshf32x	math	complex.h
__cacoshf64	math	complex.h
__cacoshf64x	math	complex.h
__cacoshl	math	complex.h
__cacosl	math	complex.h
__carg	math	complex.h
__cargf	math	complex.h
__cargf128	math	complex.h
__cargf32	math	complex.h
__cargf32x	math	complex.h
__cargf64	math	complex.h
__cargf64x	math	complex.h
__cargl	math	complex.h
__casin	math	complex.h
__casinf	math	complex.h
__casinf128	math	complex.h
__casinf32	math	complex.h
__casinf32x	math	complex.h
__casinf64	math	complex.h
__casinf64x	math	complex.h
__casinh	math	complex.h
__casinhf	math	complex.h
__casinhf128	math	complex.h
__casinhf32	math	complex.h
__casinhf32x	math	complex.h
__casinhf64	math	complex.h
__casinhf64x	math	complex.h
__casinhl	math	complex.h
__casinl	math	complex.h
__catan	math	complex.h
__catanf	math	complex.h
__catanf128	math	complex.h
__catanf32	math	complex.h
__catanf32x	math	complex.h
__catanf64	math	complex.h
__catanf64x	math	complex.h
__catanh	math	complex.h
__catanhf	math	complex.h
__catanhf128	math	complex.h
__catanhf32	math	complex.h
__catanhf32x	math	complex.h
__catanhf64	math	complex.h
__catanhf64x	math	complex.h
__catanhl	math	complex.h
__catanl	math	complex.h
__cbrt	math	math.h
__cbrtf	math	math.h
__cbrtf128	math	math.h
__cbrtf32	math	math.h
__cbrtf32x	math	math.h
__cbrtf64	math	math.h
__cbrtf64x	math	math.h
__cbrtl	math	math.h
__ccos	math	complex.h
__ccosf	math	complex.h
__ccosf128	math	complex.h
__ccosf32	math	complex.h
__ccosf32x	math	complex.h
__ccosf64	math	complex.h
__ccosf64x	math	complex.h
__ccosh	math	complex.h
__ccoshf	math	complex.h
__ccoshf128	math	complex.h
__ccoshf32	math	complex.h
__ccoshf32x	math	complex.h
__ccoshf64	math	complex.h
__ccoshf64x	math	complex.h
__ccoshl	math	complex.h
__ccosl	math	complex.h
__ceil	math	math.h
__ceilf	math	math.h
__ceilf128	math	math.h
__ceilf32	math	math.h
__ceilf32x	math	math.h
__ceilf64	math	math.h
__ceilf64x	math	math.h
__ceill	math	math.h
__cexp	math	complex.h
__cexpf	math	complex.h
__cexpf128	math	complex.h
__cexpf32	math	complex.h
__cexpf32x	math	complex.h
__cexpf64	math	complex.h
__cexpf64x	math	complex.h
__cexpl	math	complex.h
__cimag	math	complex.h
__cimagf	math	complex.h
__cimagf128	math	complex.h
__cimagf32	math	complex.h
__cimagf32x	math	complex.h
__cimagf64	math	complex.h
__cimagf64x	math	complex.h
__cimagl	math	complex.h
__clog	math	complex.h
__clog10	math	complex.h
__clog10f	math	complex.h
__clog10f128	math	complex.h
__clog10f32	math	complex.h
__clog10f32x	math	complex.h
__clog10f64	math	complex.h
__clog10f64x	math	complex.h
__clog10l	math	complex.h
__clogf	math	complex.h
__clogf128	math	complex.h
__clogf32	math	complex.h
__clogf32x	math	complex.h
__clogf64	math	complex.h
__clogf64x	math	complex.h
__clogl	math	complex.h
__cmsg_nxthdr	sockets	sys/socket.h
__conj	math	complex.h
__conjf	math	complex.h
__conjf128	math	complex.h
__conjf32	math	complex.h
__conjf32x	math	complex.h
__conjf64	math	complex.h
__conjf64x	math	complex.h
__conjl	math	complex.h
__copysign	math	math.h
__copysignf	math	math.h
__copysignf128	math	math.h
__copysignf32	math	math.h
__copysignf32x	math	math.h
__copysignf64	math	math.h
__copysignf64x	math	math.h
__copysignl	math	math.h
__cos	math	math.h
__cosf	math	math.h
__cosf128	math	math.h
__cosf32	math	math.h
__cosf32x	math	math.h
__cosf64	math	math.h
__cosf64x	math	math.h
__cosh	math	math.h
__coshf	math	math.h
__coshf128	math	math.h
__coshf32	math	math.h
__coshf32x	math	math.h
__coshf64	math	math.h
__coshf64x	math	math.h
__coshl	math	math.h
__cosl	math	math.h
__cpow	math	complex.h
__cpowf	math	complex.h
__cpowf128	math	complex.h
__cpowf32	math	complex.h
__cpowf32x	math	complex.h
__cpowf64	math	complex.h
__cpowf64x	math	complex.h
__cpowl	math	complex.h
__cproj	math	complex.h
__cprojf	math	complex.h
__cprojf128	math	complex.h
__cprojf32	math	complex.h
__cprojf32x	math	complex.h
__cprojf64	math	complex.h
__cprojf64x	math	complex.h
__cprojl	math	complex.h
__creal	math	complex.h
__crealf	math	complex.h
__crealf128	math	complex.h
__crealf32	math	complex.h
__crealf32x	math	complex.h
__crealf64	math	complex.h
__crealf64x	math	complex.h
__creall	math	complex.h
__csin	math	complex.h
__csinf	math	complex.h
__csinf128	math	complex.h
__csinf32	math	complex.h
__csinf32x	math	complex.h
__csinf64	math	complex.h
__csinf64x	math	complex.h
__csinh	math	complex.h
__csinhf	math	complex.h
__csinhf128	math	complex.h
__csinhf32	math	complex.h
__csinhf32x	math	complex.h
__csinhf64	math	complex.h
__csinhf64x	math	complex.h
__csinhl	math	complex.h
__csinl	math	complex.h
__csqrt	math	complex.h
__csqrtf	math	complex.h
__csqrtf128	math	complex.h
__csqrtf32	math	complex.h
__csqrtf32x	math	complex.h
__csqrtf64	math	complex.h
__csqrtf64x	math	complex.h
__csqrtl	math	complex.h
__ctan	math	complex.h
__ctanf	math	complex.h
__ctanf128	math	complex.h
__ctanf32	math	complex.h
__ctanf32x	math	complex.h
__ctanf64	math	complex.h
__ctanf64x	math	complex.h
__ctanh	math	complex.h
__ctanhf	math	complex.h
__ctanhf128	math	complex.h
__ctanhf32	math	complex.h
__ctanhf32x	math	complex.h
__ctanhf64	math	complex.h
__ctanhf64x	math	complex.h
__ctanhl	math	complex.h
__ctanl	math	complex.h
__ctype_b_loc	locale	ctype.h
__ctype_get_mb_cur_max	stdlib	stdlib.h
__ctype_tolower_loc	locale	ctype.h
__ctype_toupper_loc	locale	ctype.h
__dcgettext	locale	libintl.h
__default_morecore	memory	malloc.h
__dgettext	locale	libintl.h
__drem	math	math.h
__dremf	math	math.h
__dreml	math	math.h
__erf	math	math.h
__erfc	math	math.h
__erfcf	math	math.h
__erfcf128	math	math.h
__erfcf32	math	math.h
__erfcf32x	math	math.h
__erfcf64	math	math.h
__erfcf64x	math	math.h
__erfcl	math	math.h
__erff	math	math.h
__erff128	math	math.h
__erff32	math	math.h
__erff32x	math	math.h
__erff64	math	math.h
__erff64x	math	math.h
__erfl	math	math.h
__errno_location	string	argz.h
__error_alias	misc	error.h
__error_at_line_alias	misc	error.h
__error_at_line_noreturn	misc	error.h
__error_noreturn	misc	error.h
__exp	math	math.h
__exp10	math	math.h
__exp10f	math	math.h
__exp10f128	math	math.h
__exp10f32	math	math.h
__exp10f32x	math	math.h
__exp10f64	math	math.h
__exp10f64x	math	math.h
__exp10l	math	math.h
__exp2	math	math.h
__exp2f	math	math.h
__exp2f128	math	math.h
__exp2f32	math	math.h
__exp2f32x	math	math.h
__exp2f64	math	math.h
__exp2f64x	math	math.h
__exp2l	math	math.h
__expf	math	math.h
__expf128	math	math.h
__expf32	math	math.h
__expf32x	math	math.h
__expf64	math	math.h
__expf64x	math	math.h
__expl	math	math.h
__expm1	math	math.h
__expm1f	math	math.h
__expm1f128	math	math.h
__expm1f32	math	math.h
__expm1f32x	math	math.h
__expm1f64	math	math.h
__expm1f64x	math	math.h
__expm1l	math	math.h
__fabs	math	math.h
__fabsf	math	math.h
__fabsf128	math	math.h
__fabsf32	math	math.h
__fabsf32x	math	math.h
__fabsf64	math	math.h
__fabsf64x	math	math.h
__fabsl	math	math.h
__fdim	math	math.h
__fdimf	math	math.h
__fdimf128	math	math.h
__fdimf32	math	math.h
__fdimf32x	math	math.h
__fdimf64	math	math.h
__fdimf64x	math	math.h
__fdiml	math	math.h
__finite	math	math.h
__finitef	math	math.h
__finitef128	math	math.h
__finitel	math	math.h
__floor	math	math.h
__floorf	math	math.h
__floorf128	math	math.h
__floorf32	math	math.h
__floorf32x	math	math.h
__floorf64	math	math.h
__floorf64x	math	math.h
__floorl	math	math.h
__fma	math	math.h
__fmaf	math	math.h
__fmaf128	math	math.h
__fmaf32	math	math.h
__fmaf32x	math	math.h
__fmaf64	math	math.h
__fmaf64x	math	math.h
__fmal	math	math.h
__fmax	math	math.h
__fmaxf	math	math.h
__fmaxf128	math	math.h
__fmaxf32	math	math.h
__fmaxf32x	math	math.h
__fmaxf64	math	math.h
__fmaxf64x	math	math.h
__fmaxl	math	math.h
__fmaxmag	math	math.h
__fmaxmagf	math	math.h
__fmaxmagf128	math	math.h
__fmaxmagf32	math	math.h
__fmaxmagf32x	math	math.h
__fmaxmagf64	math	math.h
__fmaxmagf64x	math	math.h
__fmaxmagl	math	math.h
__fmin	math	math.h
__fminf	math	math.h
__fminf128	math	math.h
__fminf32	math	math.h
__fminf32x	math	math.h
__fminf64	math	math.h
__fminf64x	math	math.h
__fminl	math	math.h
__fminmag	math	math.h
__fminmagf	math	math.h
__fminmagf128	math	math.h
__fminmagf32	math	math.h
__fminmagf32x	math	math.h
__fminmagf64	math	math.h
__fminmagf64x	math	math.h
__fminmagl	math	math.h
__fmod	math	math.h
__fmodf	math	math.h
__fmodf128	math	math.h
__fmodf32	math	math.h
__fmodf32x	math	math.h
__fmodf64	math	math.h
__fmodf64x	math	math.h
__fmodl	math	math.h
__fpclassify	math	math.h
__fpclassifyf	math	math.h
__fpclassifyf128	math	math.h
__fpclassifyl	math	math.h
__frexp	math	math.h
__frexpf	math	math.h
__frexpf128	math	math.h
__frexpf32	math	math.h
__frexpf32x	math	math.h
__frexpf64	math	math.h
__frexpf64x	math	math.h
__frexpl	math	math.h
__fromfp	math	math.h
__fromfpf	math	math.h
__fromfpf128	math	math.h
__fromfpf32	math	math.h
__fromfpf32x	math	math.h
__fromfpf64	math	math.h
__fromfpf64x	math	math.h
__fromfpl	math	math.h
__fromfpx	math	math.h
__fromfpxf	math	math.h
__fromfpxf128	math	math.h
__fromfpxf32	math	math.h
__fromfpxf32x	math	math.h
__fromfpxf64	math	math.h
__fromfpxf64x	math	math.h
__fromfpxl	math	math.h
__fxstat	filesystem	sys/stat.h
__fxstat64	filesystem	sys/stat.h
__fxstatat	filesystem	sys/stat.h
__fxstatat64	filesystem	sys/stat.h
__gamma	math	math.h
__gammaf	math	math.h
__gammal	math	math.h
__getdelim	stdio	stdio.h
__getpagesize	sysv-ipc	sys/shm.h
__getpayload	math	math.h
__getpayloadf	math	math.h
__getpayloadf128	math	math.h
__getpayloadf32	math	math.h
__getpayloadf32x	math	math.h
__getpayloadf64	math	math.h
__getpayloadf64x	math	math.h
__getpayloadl	math	math.h
__getpgid	posix	unistd.h
__h_errno_location	sockets	netdb.h
__hypot	math	math.h
__hypotf	math	math.h
__hypotf128	math	math.h
__hypotf32	math	math.h
__hypotf32x	math	math.h
__hypotf64	math	math.h
__hypotf64x	math	math.h
__hypotl	math	math.h
__ilogb	math	math.h
__ilogbf	math	math.h
__ilogbf128	math	math.h
__ilogbf32	math	math.h
__ilogbf32x	math	math.h
__ilogbf64	math	math.h
__ilogbf64x	math	math.h
__ilogbl	math	math.h
__iscanonicall	math	math.h
__iseqsig	math	math.h
__iseqsigf	math	math.h
__iseqsigf128	math	math.h
__iseqsigl	math	math.h
__isinf	math	math.h
__isinff	math	math.h
__isinff128	math	math.h
__isinfl	math	math.h
__isnan	math	math.h
__isnanf	math	math.h
__isnanf128	math	math.h
__isnanl	math	math.h
__issignaling	math	math.h
__issignalingf	math	math.h
__issignalingf128	math	math.h
__issignalingl	math	math.h
__j0	math	math.h
__j0f	math	math.h
__j0f128	math	math.h
__j0f32	math	math.h
__j0f32x	math	math.h
__j0f64	math	math.h
__j0f64x	math	math.h
__j0l	math	math.h
__j1	math	math.h
__j1f	math	math.h
__j1f128	math	math.h
__j1f32	math	math.h
__j1f32x	math	math.h
__j1f64	math	math.h
__j1f64x	math	math.h
__j1l	math	math.h
__jn	math	math.h
__jnf	math	math.h
__jnf128	math	math.h
__jnf32	math	math.h
__jnf32x	math	math.h
__jnf64	math	math.h
__jnf64x	math	math.h
__jnl	math	math.h
__ldexp	math	math.h
__ldexpf	math	math.h
__ldexpf128	math	math.h
__ldexpf32	math	math.h
__ldexpf32x	math	math.h
__ldexpf64	math	math.h
__ldexpf64x	math	math.h
__ldexpl	math	math.h
__lgamma	math	math.h
__lgamma_r	math	math.h
__lgammaf	math	math.h
__lgammaf128	math	math.h
__lgammaf128_r	math	math.h
__lgammaf32	math	math.h
__lgammaf32_r	math	math.h
__lgammaf32x	math	math.h
__lgammaf32x_r	math	math.h
__lgammaf64	math	math.h
__lgammaf64_r	math	math.h
__lgammaf64x	math	math.h
__lgammaf64x_r	math	math.h
__lgammaf_r	math	math.h
__lgammal	math	math.h
__lgammal_r	math	math.h
__libc_current_sigrtmax	signal	signal.h
__libc_current_sigrtmin	signal	signal.h
__llogb	math	math.h
__llogbf	math	math.h
__llogbf128	math	math.h
__llogbf32	math	math.h
__llogbf32x	math	math.h
__llogbf64	math	math.h
__llogbf64x	math	math.h
__llogbl	math	math.h
__llrint	math	math.h
__llrintf	math	math.h
__llrintf128	math	math.h
__llrintf32	math	math.h
__llrintf32x	math	math.h
__llrintf64	math	math.h
__llrintf64x	math	math.h
__llrintl	math	math.h
__llround	math	math.h
__llroundf	math	math.h
__llroundf128	math	math.h
__llroundf32	math	math.h
__llroundf32x	math	math.h
__llroundf64	math	math.h
__llroundf64x	math	math.h
__llroundl	math	math.h
__log	math	math.h
__log10	math	math.h
__log10f	math	math.h
__log10f128	math	math.h
__log10f32	math	math.h
__log10f32x	math	math.h
__log10f64	math	math.h
__log10f64x	math	math.h
__log10l	math	math.h
__log1p	math	math.h
__log1pf	math	math.h
__log1pf128	math	math.h
__log1pf32	math	math.h
__log1pf32x	math	math.h
__log1pf64	math	math.h
__log1pf64x	math	math.h
__log1pl	math	math.h
__log2	math	math.h
__log2f	math	math.h
__log2f128	math	math.h
__log2f32	math	math.h
__log2f32x	math	math.h
__log2f64	math	math.h
__log2f64x	math	math.h
__log2l	math	math.h
__logb	math	math.h
__logbf	math	math.h
__logbf128	math	math.h
__logbf32	math	math.h
__logbf32x	math	math.h
__logbf64	math	math.h
__logbf64x	math	math.h
__logbl	math	math.h
__logf	math	math.h
__logf128	math	math.h
__logf32	math	math.h
__logf32x	math	math.h
__logf64	math	math.h
__logf64x	math	math.h
__logl	math	math.h
__lrint	math	math.h
__lrintf	math	math.h
__lrintf128	math	math.h
__lrintf32	math	math.h
__lrintf32x	math	math.h
__lrintf64	math	math.h
__lrintf64x	math	math.h
__lrintl	math	math.h
__lround	math	math.h
__lroundf	math	math.h
__lroundf128	math	math.h
__lroundf32	math	math.h
__lroundf32x	math	math.h
__lroundf64	math	math.h
__lroundf64x	math	math.h
__lroundl	math	math.h
__lxstat	filesystem	sys/stat.h
__lxstat64	filesystem	sys/stat.h
__malloc_check_init	memory	malloc.h
__mbrlen	wchar	wchar.h
__mempcpy	string	string.h
__modf	math	math.h
__modff	math	math.h
__modff128	math	math.h
__modff32	math	math.h
__modff32x	math	math.h
__modff64	math	math.h
__modff64x	math	math.h
__modfl	math	math.h
__nan	math	math.h
__nanf	math	math.h
__nanf128	math	math.h
__nanf32	math	math.h
__nanf32x	math	math.h
__nanf64	math	math.h
__nanf64x	math	math.h
__nanl	math	math.h
__nearbyint	math	math.h
__nearbyintf	math	math.h
__nearbyintf128	math	math.h
__nearbyintf32	math	math.h
__nearbyintf32x	math	math.h
__nearbyintf64	math	math.h
__nearbyintf64x	math	math.h
__nearbyintl	math	math.h
__nextafter	math	math.h
__nextafterf	math	math.h
__nextafterf128	math	math.h
__nextafterf32	math	math.h
__nextafterf32x	math	math.h
__nextafterf64	math	math.h
__nextafterf64x	math	math.h
__nextafterl	math	math.h
__nextdown	math	math.h
__nextdownf	math	math.h
__nextdownf128	math	math.h
__nextdownf32	math	math.h
__nextdownf32x	math	math.h
__nextdownf64	math	math.h
__nextdownf64x	math	math.h
__nextdownl	math	math.h
__nexttoward	math	math.h
__nexttowardf	math	math.h
__nexttowardl	math	math.h
__nextup	math	math.h
__nextupf	math	math.h
__nextupf128	math	math.h
__nextupf32	math	math.h
__nextupf32x	math	math.h
__nextupf64	math	math.h
__nextupf64x	math	math.h
__nextupl	math	math.h
__overflow	stdio	stdio.h
__pow	math	math.h
__powf	math	math.h
__powf128	math	math.h
__powf32	math	math.h
__powf32x	math	math.h
__powf64	math	math.h
__powf64x	math	math.h
__powl	math	math.h
__pthread_register_cancel	threads	pthread.h
__pthread_register_cancel_defer	threads	pthread.h
__pthread_unregister_cancel	threads	pthread.h
__pthread_unregister_cancel_restore	threads	pthread.h
__pthread_unwind_next	threads	pthread.h
__remainder	math	math.h
__remainderf	math	math.h
__remainderf128	math	math.h
__remainderf32	math	math.h
__remainderf32x	math	math.h
__remainderf64	math	math.h
__remainderf64x	math	math.h
__remainderl	math	math.h
__remquo	math	math.h
__remquof	math	math.h
__remquof128	math	math.h
__remquof32	math	math.h
__remquof32x	math	math.h
__remquof64	math	math.h
__remquof64x	math	math.h
__remquol	math	math.h
__rint	math	math.h
__rintf	math	math.h
__rintf128	math	math.h
__rintf32	math	math.h
__rintf32x	math	math.h
__rintf64	math	math.h
__rintf64x	math	math.h
__rintl	math	math.h
__round	math	math.h
__roundeven	math	math.h
__roundevenf	math	math.h
__roundevenf128	math	math.h
__roundevenf32	math	math.h
__roundevenf32x	math	math.h
__roundevenf64	math	math.h
__roundevenf64x	math	math.h
__roundevenl	math	math.h
__roundf	math	math.h
__roundf128	math	math.h
__roundf32	math	math.h
__roundf32x	math	math.h
__roundf64	math	math.h
__roundf64x	math	math.h
__roundl	math	math.h
__scalb	math	math.h
__scalbf	math	math.h
__scalbl	math	math.h
__scalbln	math	math.h
__scalblnf	math	math.h
__scalblnf128	math	math.h
__scalblnf32	math	math.h
__scalblnf32x	math	math.h
__scalblnf64	math	math.h
__scalblnf64x	math	math.h
__scalblnl	math	math.h
__scalbn	math	math.h
__scalbnf	math	math.h
__scalbnf128	math	math.h
__scalbnf32	math	math.h
__scalbnf32x	math	math.h
__scalbnf64	math	math.h
__scalbnf64x	math	math.h
__scalbnl	math	math.h
__sched_cpualloc	process	sched.h
__sched_cpucount	process	sched.h
__sched_cpufree	process	sched.h
__signbit	math	math.h
__signbitf	math	math.h
__signbitf128	math	math.h
__signbitl	math	math.h
__significand	math	math.h
__significandf	math	math.h
__significandl	math	math.h
__sigsetjmp	threads	pthread.h
__sin	math	math.h
__sincos	math	math.h
__sincosf	math	math.h
__sincosf128	math	math.h
__sincosf32	math	math.h
__sincosf32x	math	math.h
__sincosf64	math	math.h
__sincosf64x	math	math.h
__sincosl	math	math.h
__sinf	math	math.h
__sinf128	math	math.h
__sinf32	math	math.h
__sinf32x	math	math.h
__sinf64	math	math.h
__sinf64x	math	math.h
__sinh	math	math.h
__sinhf	math	math.h
__sinhf128	math	math.h
__sinhf32	math	math.h
__sinhf32x	math	math.h
__sinhf64	math	math.h
__sinhf64x	math	math.h
__sinhl	math	math.h
__sinl	math	math.h
__sqrt	math	math.h
__sqrtf	math	math.h
__sqrtf128	math	math.h
__sqrtf32	math	math.h
__sqrtf32x	math	math.h
__sqrtf64	math	math.h
__sqrtf64x	math	math.h
__sqrtl	math	math.h
__stpcpy	string	string.h
__stpncpy	string	string.h
__strtok_r	string	string.h
__sysv_signal	signal	signal.h
__tan	math	math.h
__tanf	math	math.h
__tanf128	math	math.h
__tanf32	math	math.h
__tanf32x	math	math.h
__tanf64	math	math.h
__tanf64x	math	math.h
__tanh	math	math.h
__tanhf	math	math.h
__tanhf128	math	math.h
__tanhf32	math	math.h
__tanhf32x	math	math.h
__tanhf64	math	math.h
__tanhf64x	math	math.h
__tanhl	math	math.h
__tanl	math	math.h
__tgamma	math	math.h
__tgammaf	math	math.h
__tgammaf128	math	math.h
__tgammaf32	math	math.h
__tgammaf32x	math	math.h
__tgammaf64	math	math.h
__tgammaf64x	math	math.h
__tgammal	math	math.h
__tolower_l	locale	ctype.h
__toupper_l	locale	ctype.h
__trunc	math	math.h
__truncf	math	math.h
__truncf128	math	math.h
__truncf32	math	math.h
__truncf32x	math	math.h
__truncf64	math	math.h
__truncf64x	math	math.h
__truncl	math	math.h
__uflow	stdio	stdio.h
__ufromfp	math	math.h
__ufromfpf	math	math.h
__ufromfpf128	math	math.h
__ufromfpf32	math	math.h
__ufromfpf32x	math	math.h
__ufromfpf64	math	math.h
__ufromfpf64x	math	math.h
__ufromfpl	math	math.h
__ufromfpx	math	math.h
__ufromfpxf	math	math.h
__ufromfpxf128	math	math.h
__ufromfpxf32	math	math.h
__ufromfpxf32x	math	math.h
__ufromfpxf64	math	math.h
__ufromfpxf64x	math	math.h
__ufromfpxl	math	math.h
__uint16_identity	locale	wctype.h
__uint32_identity	locale	wctype.h
__uint64_identity	locale	wctype.h
__xmknod	filesystem	sys/stat.h
__xmknodat	filesystem	sys/stat.h
__xpg_basename	misc	libgen.h
__xstat	filesystem	sys/stat.h
__xstat64	filesystem	sys/stat.h
__y0	math	math.h
__y0f	math	math.h
__y0f128	math	math.h
__y0f32	math	math.h
__y0f32x	math	math.h
__y0f64	math	math.h
__y0f64x	math	math.h
__y0l	math	math.h
__y1	math	math.h
__y1f	math	math.h
__y1f128	math	math.h
__y1f32	math	math.h
__y1f32x	math	math.h
__y1f64	math	math.h
__y1f64x	math	math.h
__y1l	math	math.h
__yn	math	math.h
__ynf	math	math.h
__ynf128	math	math.h
__ynf32	math	math.h
__ynf32x	math	math.h
__ynf64	math	math.h
__ynf64x	math	math.h
__ynl	math	math.h
_dl_mcount_wrapper_check	dl	dlfcn.h
_exit	posix	unistd.h
_longjmp	runtime	setjmp.h
_obstack_begin	memory	obstack.h
_obstack_begin_1	memory	obstack.h
_obstack_memory_used	memory	obstack.h
_obstack_newchunk	memory	obstack.h
_setjmp	runtime	setjmp.h
_tolower	locale	ctype.h
_toupper	locale	ctype.h
a64l	stdlib	stdlib.h
abort	stdlib	stdlib.h
abs	stdlib	stdlib.h
accept	sockets	sys/socket.h
accept4	sockets	sys/socket.h
access	posix	unistd.h
acct	posix	unistd.h
acos	math	math.h
acosf	math	math.h
acosf128	math	math.h
acosf32	math	math.h
acosf32x	math	math.h
acosf64	math	math.h
acosf64x	math	math.h
acosh	math	math.h
acoshf	math	math.h
acoshf128	math	math.h
acoshf32	math	math.h
acoshf32x	math	math.h
acoshf64	math	math.h
acoshf64x	math	math.h
acoshl	math	math.h
acosl	math	math.h
addmntent	filesystem	mntent.h
adjtime	time	time.h
aio_cancel	io	aio.h
aio_cancel64	io	aio.h
aio_error	io	aio.h
aio_error64	io	aio.h
aio_fsync	io	aio.h
aio_fsync64	io	aio.h
aio_init	io	aio.h
aio_read	io	aio.h
aio_read64	io	aio.h
aio_return	io	aio.h
aio_return64	io	aio.h
aio_suspend	io	aio.h
aio_suspend64	io	aio.h
aio_write	io	aio.h
aio_write64	io	aio.h
alarm	posix	unistd.h
aligned_alloc	stdlib	stdlib.h
alloca	stdlib	stdlib.h
alphasort	filesystem	dirent.h
alphasort64	filesystem	dirent.h
argz_add	string	argz.h
argz_add_sep	string	argz.h
argz_append	string	argz.h
argz_count	string	argz.h
argz_create	string	argz.h
argz_create_sep	string	argz.h
argz_delete	string	argz.h
argz_extract	string	argz.h
argz_insert	string	argz.h
argz_next	string	argz.h
argz_replace	string	argz.h
argz_stringify	string	argz.h
asctime	time	time.h
asctime_r	time	time.h
asin	math	math.h
asinf	math	math.h
asinf128	math	math.h
asinf32	math	math.h
asinf32x	math	math.h
asinf64	math	math.h
asinf64x	math	math.h
asinh	math	math.h
asinhf	math	math.h
asinhf128	math	math.h
asinhf32	math	math.h
asinhf32x	math	math.h
asinhf64	math	math.h
asinhf64x	math	math.h
asinhl	math	math.h
asinl	math	math.h
asprintf	stdio	stdio.h
at_quick_exit	stdlib	stdlib.h
atan	math	math.h
atan2	math	math.h
atan2f	math	math.h
atan2f128	math	math.h
atan2f32	math	math.h
atan2f32x	math	math.h
atan2f64	math	math.h
atan2f64x	math	math.h
atan2l	math	math.h
atanf	math	math.h
atanf128	math	math.h
atanf32	math	math.h
atanf32x	math	math.h
atanf64	math	math.h
atanf64x	math	math.h
atanh	math	math.h
atanhf	math	math.h
atanhf128	math	math.h
atanhf32	math	math.h
atanhf32x	math	math.h
atanhf64	math	math.h
atanhf64x	math	math.h
atanhl	math	math.h
atanl	math	math.h
atexit	stdlib	stdlib.h
atof	stdlib	stdlib.h
atoi	stdlib	stdlib.h
atol	stdlib	stdlib.h
atoll	stdlib	stdlib.h
backtrace	runtime	execinfo.h
backtrace_symbols	runtime	execinfo.h
backtrace_symbols_fd	runtime	execinfo.h
basename	string	string.h
bcmp	string	strings.h
bcopy	string	strings.h
bind	sockets	sys/socket.h
bind_textdomain_codeset	locale	libintl.h
bindresvport	sockets	netinet/in.h
bindresvport6	sockets	netinet/in.h
bindtextdomain	locale	libintl.h
brk	posix	unistd.h
bsearch	stdlib	stdlib.h
btowc	wchar	wchar.h
bzero	string	strings.h
c16rtomb	wchar	uchar.h
c32rtomb	wchar	uchar.h
cabs	math	complex.h
cabsf	math	complex.h
cabsf128	math	complex.h
cabsf32	math	complex.h
cabsf32x	math	complex.h
cabsf64	math	complex.h
cabsf64x	math	complex.h
cabsl	math	complex.h
cacos	math	complex.h
cacosf	math	complex.h
cacosf128	math	complex.h
cacosf32	math	complex.h
cacosf32x	math	complex.h
cacosf64	math	complex.h
cacosf64x	math	complex.h
cacosh	math	complex.h
cacoshf	math	complex.h
cacoshf128	math	complex.h
cacoshf32	math	complex.h
cacoshf32x	math	complex.h
cacoshf64	math	complex.h
cacoshf64x	math	complex.h
cacoshl	math	complex.h
cacosl	math	complex.h
call_once	threads	threads.h
calloc	memory	malloc.h
canonicalize	math	math.h
canonicalize_file_name	stdlib	stdlib.h
canonicalizef	math	math.h
canonicalizef128	math	math.h
canonicalizef32	math	math.h
canonicalizef32x	math	math.h
canonicalizef64	math	math.h
canonicalizef64x	math	math.h
canonicalizel	math	math.h
carg	math	complex.h
cargf	math	complex.h
cargf128	math	complex.h
cargf32	math	complex.h
cargf32x	math	complex.h
cargf64	math	complex.h
cargf64x	math	complex.h
cargl	math	complex.h
casin	math	complex.h
casinf	math	complex.h
casinf128	math	complex.h
casinf32	math	complex.h
casinf32x	math	complex.h
casinf64	math	complex.h
casinf64x	math	complex.h
casinh	math	complex.h
casinhf	math	complex.h
casinhf128	math	complex.h
casinhf32	math	complex.h
casinhf32x	math	complex.h
casinhf64	math	complex.h
casinhf64x	math	complex.h
casinhl	math	complex.h
casinl	math	complex.h
catan	math	complex.h
catanf	math	complex.h
catanf128	math	complex.h
catanf32	math	complex.h
catanf32x	math	complex.h
catanf64	math	complex.h
catanf64x	math	complex.h
catanh	math	complex.h
catanhf	math	complex.h
catanhf128	math	complex.h
catanhf32	math	complex.h
catanhf32x	math	complex.h
catanhf64	math	complex.h
catanhf64x	math	complex.h
catanhl	math	complex.h
catanl	math	complex.h
catclose	locale	nl_types.h
catgets	locale	nl_types.h
catopen	locale	nl_types.h
cbrt	math	math.h
cbrtf	math	math.h
cbrtf128	math	math.h
cbrtf32	math	math.h
cbrtf32x	math	math.h
cbrtf64	math	math.h
cbrtf64x	math	math.h
cbrtl	math	math.h
ccos	math	complex.h
ccosf	math	complex.h
ccosf128	math	complex.h
ccosf32	math	complex.h
ccosf32x	math	complex.h
ccosf64	math	complex.h
ccosf64x	math	complex.h
ccosh	math	complex.h
ccoshf	math	complex.h
ccoshf128	math	complex.h
ccoshf32	math	complex.h
ccoshf32x	math	complex.h
ccoshf64	math	complex.h
ccoshf64x	math	complex.h
ccoshl	math	complex.h
ccosl	math	complex.h
ceil	math	math.h
ceilf	math	math.h
ceilf128	math	math.h
ceilf32	math	math.h
ceilf32x	math	math.h
ceilf64	math	math.h
ceilf64x	math	math.h
ceill	math	math.h
cexp	math	complex.h
cexpf	math	complex.h
cexpf128	math	complex.h
cexpf32	math	complex.h
cexpf32x	math	complex.h
cexpf64	math	complex.h
cexpf64x	math	complex.h
cexpl	math	complex.h
cfgetispeed	terminal	termios.h
cfgetospeed	terminal	termios.h
cfmakeraw	terminal	termios.h
cfsetispeed	terminal	termios.h
cfsetospeed	terminal	termios.h
cfsetspeed	terminal	termios.h
chdir	posix	unistd.h
chmod	filesystem	sys/stat.h
chown	posix	unistd.h
chroot	posix	unistd.h
cimag	math	complex.h
cimagf	math	complex.h
cimagf128	math	complex.h
cimagf32	math	complex.h
cimagf32x	math	complex.h
cimagf64	math	complex.h
cimagf64x	math	complex.h
cimagl	math	complex.h
clearenv	stdlib	stdlib.h
clearerr	stdio	stdio.h
clearerr_unlocked	stdio	stdio.h
clock	time	time.h
clock_adjtime	time	time.h
clock_getcpuclockid	time	time.h
clock_getres	time	time.h
clock_gettime	time	time.h
clock_nanosleep	time	time.h
clock_settime	time	time.h
clog	math	complex.h
clog10	math	complex.h
clog10f	math	complex.h
clog10f128	math	complex.h
clog10f32	math	complex.h
clog10f32x	math	complex.h
clog10f64	math	complex.h
clog10f64x	math	complex.h
clog10l	math	complex.h
clogf	math	complex.h
clogf128	math	complex.h
clogf32	math	complex.h
clogf32x	math	complex.h
clogf64	math	complex.h
clogf64x	math	complex.h
clogl	math	complex.h
clone	process	sched.h
close	posix	unistd.h
closedir	filesystem	dirent.h
closelog	syslog	syslog.h
cnd_broadcast	threads	threads.h
cnd_destroy	threads	threads.h
cnd_init	threads	threads.h
cnd_signal	threads	threads.h
cnd_timedwait	threads	threads.h
cnd_wait	threads	threads.h
confstr	posix	unistd.h
conj	math	complex.h
conjf	math	complex.h
conjf128	math	complex.h
conjf32	math	complex.h
conjf32x	math	complex.h
conjf64	math	complex.h
conjf64x	math	complex.h
conjl	math	complex.h
connect	sockets	sys/socket.h
copy_file_range	posix	unistd.h
copysign	math	math.h
copysignf	math	math.h
copysignf128	math	math.h
copysignf32	math	math.h
copysignf32x	math	math.h
copysignf64	math	math.h
copysignf64x	math	math.h
copysignl	math	math.h
cos	math	math.h
cosf	math	math.h
cosf128	math	math.h
cosf32	math	math.h
cosf32x	math	math.h
cosf64	math	math.h
cosf64x	math	math.h
cosh	math	math.h
coshf	math	math.h
coshf128	math	math.h
coshf32	math	math.h
coshf32x	math	math.h
coshf64	math	math.h
coshf64x	math	math.h
coshl	math	math.h
cosl	math	math.h
cpow	math	complex.h
cpowf	math	complex.h
cpowf128	math	complex.h
cpowf32	math	complex.h
cpowf32x	math	complex.h
cpowf64	math	complex.h
cpowf64x	math	complex.h
cpowl	math	complex.h
cproj	math	complex.h
cprojf	math	complex.h
cprojf128	math	complex.h
cprojf32	math	complex.h
cprojf32x	math	complex.h
cprojf64	math	complex.h
cprojf64x	math	complex.h
cprojl	math	complex.h
creal	math	complex.h
crealf	math	complex.h
crealf128	math	complex.h
crealf32	math	complex.h
crealf32x	math	complex.h
crealf64	math	complex.h
crealf64x	math	complex.h
creall	math	complex.h
creat	filesystem	fcntl.h
creat64	filesystem	fcntl.h
crypt	posix	unistd.h
csin	math	complex.h
csinf	math	complex.h
csinf128	math	complex.h
csinf32	math	complex.h
csinf32x	math	complex.h
csinf64	math	complex.h
csinf64x	math	complex.h
csinh	math	complex.h
csinhf	math	complex.h
csinhf128	math	complex.h
csinhf32	math	complex.h
csinhf32x	math	complex.h
csinhf64	math	complex.h
csinhf64x	math	complex.h
csinhl	math	complex.h
csinl	math	complex.h
csqrt	math	complex.h
csqrtf	math	complex.h
csqrtf128	math	complex.h
csqrtf32	math	complex.h
csqrtf32x	math	complex.h
csqrtf64	math	complex.h
csqrtf64x	math	complex.h
csqrtl	math	complex.h
ctan	math	complex.h
ctanf	math	complex.h
ctanf128	math	complex.h
ctanf32	math	complex.h
ctanf32x	math	complex.h
ctanf64	math	complex.h
ctanf64x	math	complex.h
ctanh	math	complex.h
ctanhf	math	complex.h
ctanhf128	math	complex.h
ctanhf32	math	complex.h
ctanhf32x	math	complex.h
ctanhf64	math	complex.h
ctanhf64x	math	complex.h
ctanhl	math	complex.h
ctanl	math	complex.h
ctermid	stdio	stdio.h
ctime	time	time.h
ctime_r	time	time.h
cuserid	stdio	stdio.h
daddl	math	math.h
daemon	posix	unistd.h
dcgettext	locale	libintl.h
dcngettext	locale	libintl.h
ddivl	math	math.h
dgettext	locale	libintl.h
difftime	time	time.h
dirfd	filesystem	dirent.h
dirname	misc	libgen.h
div	stdlib	stdlib.h
dl_iterate_phdr	dl	link.h
dladdr	dl	dlfcn.h
dladdr1	dl	dlfcn.h
dlclose	dl	dlfcn.h
dlerror	dl	dlfcn.h
dlinfo	dl	dlfcn.h
dlmopen	dl	dlfcn.h
dlopen	dl	dlfcn.h
dlsym	dl	dlfcn.h
dlvsym	dl	dlfcn.h
dmull	math	math.h
dngettext	locale	libintl.h
dprintf	stdio	stdio.h
drand48	stdlib	stdlib.h
drand48_r	stdlib	stdlib.h
drem	math	math.h
dremf	math	math.h
dreml	math	math.h
dsubl	math	math.h
dup	posix	unistd.h
dup2	posix	unistd.h
dup3	posix	unistd.h
duplocale	locale	locale.h
dysize	time	time.h
eaccess	posix	unistd.h
ecvt	stdlib	stdlib.h
ecvt_r	stdlib	stdlib.h
endgrent	identity	grp.h
endhostent	sockets	netdb.h
endmntent	filesystem	mntent.h
endnetent	sockets	netdb.h
endnetgrent	sockets	netdb.h
endprotoent	sockets	netdb.h
endpwent	identity	pwd.h
endrpcent	sockets	netdb.h
endservent	sockets	netdb.h
endspent	identity	shadow.h
endusershell	posix	unistd.h
endutent	terminal	utmp.h
endutxent	terminal	utmpx.h
envz_add	string	envz.h
envz_entry	string	envz.h
envz_get	string	envz.h
envz_merge	string	envz.h
envz_remove	string	envz.h
envz_strip	string	envz.h
epoll_create	io-mux	sys/epoll.h
epoll_create1	io-mux	sys/epoll.h
epoll_ctl	io-mux	sys/epoll.h
epoll_pwait	io-mux	sys/epoll.h
epoll_wait	io-mux	sys/epoll.h
erand48	stdlib	stdlib.h
erand48_r	stdlib	stdlib.h
erf	math	math.h
erfc	math	math.h
erfcf	math	math.h
erfcf128	math	math.h
erfcf32	math	math.h
erfcf32x	math	math.h
erfcf64	math	math.h
erfcf64x	math	math.h
erfcl	math	math.h
erff	math	math.h
erff128	math	math.h
erff32	math	math.h
erff32x	math	math.h
erff64	math	math.h
erff64x	math	math.h
erfl	math	math.h
err	misc	err.h
error	misc	error.h
error_at_line	misc	error.h
errx	misc	err.h
euidaccess	posix	unistd.h
eventfd	io-mux	sys/eventfd.h
eventfd_read	io-mux	sys/eventfd.h
eventfd_write	io-mux	sys/eventfd.h
execl	posix	unistd.h
execle	posix	unistd.h
execlp	posix	unistd.h
execv	posix	unistd.h
execve	posix	unistd.h
execvp	posix	unistd.h
execvpe	posix	unistd.h
exit	stdlib	stdlib.h
exp	math	math.h
exp10	math	math.h
exp10f	math	math.h
exp10f128	math	math.h
exp10f32	math	math.h
exp10f32x	math	math.h
exp10f64	math	math.h
exp10f64x	math	math.h
exp10l	math	math.h
exp2	math	math.h
exp2f	math	math.h
exp2f128	math	math.h
exp2f32	math	math.h
exp2f32x	math	math.h
exp2f64	math	math.h
exp2f64x	math	math.h
exp2l	math	math.h
expf	math	math.h
expf128	math	math.h
expf32	math	math.h
expf32x	math	math.h
expf64	math	math.h
expf64x	math	math.h
expl	math	math.h
explicit_bzero	string	string.h
expm1	math	math.h
expm1f	math	math.h
expm1f128	math	math.h
expm1f32	math	math.h
expm1f32x	math	math.h
expm1f64	math	math.h
expm1f64x	math	math.h
expm1l	math	math.h
f32addf128	math	math.h
f32addf32x	math	math.h
f32addf64	math	math.h
f32addf64x	math	math.h
f32divf128	math	math.h
f32divf32x	math	math.h
f32divf64	math	math.h
f32divf64x	math	math.h
f32mulf128	math	math.h
f32mulf32x	math	math.h
f32mulf64	math	math.h
f32mulf64x	math	math.h
f32subf128	math	math.h
f32subf32x	math	math.h
f32subf64	math	math.h
f32subf64x	math	math.h
f32xaddf128	math	math.h
f32xaddf64	math	math.h
f32xaddf64x	math	math.h
f32xdivf128	math	math.h
f32xdivf64	math	math.h
f32xdivf64x	math	math.h
f32xmulf128	math	math.h
f32xmulf64	math	math.h
f32xmulf64x	math	math.h
f32xsubf128	math	math.h
f32xsubf64	math	math.h
f32xsubf64x	math	math.h
f64addf128	math	math.h
f64addf64x	math	math.h
f64divf128	math	math.h
f64divf64x	math	math.h
f64mulf128	math	math.h
f64mulf64x	math	math.h
f64subf128	math	math.h
f64subf64x	math	math.h
f64xaddf128	math	math.h
f64xdivf128	math	math.h
f64xmulf128	math	math.h
f64xsubf128	math	math.h
fabs	math	math.h
fabsf	math	math.h
fabsf128	math	math.h
fabsf32	math	math.h
fabsf32x	math	math.h
fabsf64	math	math.h
fabsf64x	math	math.h
fabsl	math	math.h
faccessat	posix	unistd.h
fadd	math	math.h
faddl	math	math.h
fallocate	filesystem	fcntl.h
fallocate64	filesystem	fcntl.h
fchdir	posix	unistd.h
fchmod	filesystem	sys/stat.h
fchmodat	filesystem	sys/stat.h
fchown	posix	unistd.h
fchownat	posix	unistd.h
fclose	stdio	stdio.h
fcloseall	stdio	stdio.h
fcntl	filesystem	fcntl.h
fcntl64	filesystem	fcntl.h
fcvt	stdlib	stdlib.h
fcvt_r	stdlib	stdlib.h
fdatasync	posix	unistd.h
fdim	math	math.h
fdimf	math	math.h
fdimf128	math	math.h
fdimf32	math	math.h
fdimf32x	math	math.h
fdimf64	math	math.h
fdimf64x	math	math.h
fdiml	math	math.h
fdiv	math	math.h
fdivl	math	math.h
fdopen	stdio	stdio.h
fdopendir	filesystem	dirent.h
feclearexcept	math	fenv.h
fedisableexcept	math	fenv.h
feenableexcept	math	fenv.h
fegetenv	math	fenv.h
fegetexcept	math	fenv.h
fegetexceptflag	math	fenv.h
fegetmode	math	fenv.h
fegetround	math	fenv.h
feholdexcept	math	fenv.h
feof	stdio	stdio.h
feof_unlocked	stdio	stdio.h
feraiseexcept	math	fenv.h
ferror	stdio	stdio.h
ferror_unlocked	stdio	stdio.h
fesetenv	math	fenv.h
fesetexcept	math	fenv.h
fesetexceptflag	math	fenv.h
fesetmode	math	fenv.h
fesetround	math	fenv.h
fetestexcept	math	fenv.h
fetestexceptflag	math	fenv.h
feupdateenv	math	fenv.h
fexecve	posix	unistd.h
fflush	stdio	stdio.h
fflush_unlocked	stdio	stdio.h
ffs	string	strings.h
ffsl	string	strings.h
ffsll	string	strings.h
fgetc	stdio	stdio.h
fgetc_unlocked	stdio	stdio.h
fgetgrent	identity	grp.h
fgetgrent_r	identity	grp.h
fgetpos	stdio	stdio.h
fgetpos64	stdio	stdio.h
fgetpwent	identity	pwd.h
fgetpwent_r	identity	pwd.h
fgets	stdio	stdio.h
fgets_unlocked	stdio	stdio.h
fgetspent	identity	shadow.h
fgetspent_r	identity	shadow.h
fgetwc	wchar	wchar.h
fgetwc_unlocked	wchar	wchar.h
fgetws	wchar	wchar.h
fgetws_unlocked	wchar	wchar.h
fgetxattr	filesystem	sys/xattr.h
fileno	stdio	stdio.h
fileno_unlocked	stdio	stdio.h
finite	math	math.h
finitef	math	math.h
finitel	math	math.h
flistxattr	filesystem	sys/xattr.h
flock	filesystem	sys/file.h
flockfile	stdio	stdio.h
floor	math	math.h
floorf	math	math.h
floorf128	math	math.h
floorf32	math	math.h
floorf32x	math	math.h
floorf64	math	math.h
floorf64x	math	math.h
floorl	math	math.h
fma	math	math.h
fmaf	math	math.h
fmaf128	math	math.h
fmaf32	math	math.h
fmaf32x	math	math.h
fmaf64	math	math.h
fmaf64x	math	math.h
fmal	math	math.h
fmax	math	math.h
fmaxf	math	math.h
fmaxf128	math	math.h
fmaxf32	math	math.h
fmaxf32x	math	math.h
fmaxf64	math	math.h
fmaxf64x	math	math.h
fmaxl	math	math.h
fmaxmag	math	math.h
fmaxmagf	math	math.h
fmaxmagf128	math	math.h
fmaxmagf32	math	math.h
fmaxmagf32x	math	math.h
fmaxmagf64	math	math.h
fmaxmagf64x	math	math.h
fmaxmagl	math	math.h
fmemopen	stdio	stdio.h
fmin	math	math.h
fminf	math	math.h
fminf128	math	math.h
fminf32	math	math.h
fminf32x	math	math.h
fminf64	math	math.h
fminf64x	math	math.h
fminl	math	math.h
fminmag	math	math.h
fminmagf	math	math.h
fminmagf128	math	math.h
fminmagf32	math	math.h
fminmagf32x	math	math.h
fminmagf64	math	math.h
fminmagf64x	math	math.h
fminmagl	math	math.h
fmod	math	math.h
fmodf	math	math.h
fmodf128	math	math.h
fmodf32	math	math.h
fmodf32x	math	math.h
fmodf64	math	math.h
fmodf64x	math	math.h
fmodl	math	math.h
fmul	math	math.h
fmull	math	math.h
fnmatch	filesystem	fnmatch.h
fopen	stdio	stdio.h
fopen64	stdio	stdio.h
fopencookie	stdio	stdio.h
fork	posix	unistd.h
forkpty	terminal	pty.h
fpathconf	posix	unistd.h
fprintf	stdio	stdio.h
fputc	stdio	stdio.h
fputc_unlocked	stdio	stdio.h
fputs	stdio	stdio.h
fputs_unlocked	stdio	stdio.h
fputwc	wchar	wchar.h
fputwc_unlocked	wchar	wchar.h
fputws	wchar	wchar.h
fputws_unlocked	wchar	wchar.h
fread	stdio	stdio.h
fread_unlocked	stdio	stdio.h
free	memory	malloc.h
freeaddrinfo	sockets	netdb.h
freeifaddrs	sockets	ifaddrs.h
freelocale	locale	locale.h
fremovexattr	filesystem	sys/xattr.h
freopen	stdio	stdio.h
freopen64	stdio	stdio.h
frexp	math	math.h
frexpf	math	math.h
frexpf128	math	math.h
frexpf32	math	math.h
frexpf32x	math	math.h
frexpf64	math	math.h
frexpf64x	math	math.h
frexpl	math	math.h
fromfp	math	math.h
fromfpf	math	math.h
fromfpf128	math	math.h
fromfpf32	math	math.h
fromfpf32x	math	math.h
fromfpf64	math	math.h
fromfpf64x	math	math.h
fromfpl	math	math.h
fromfpx	math	math.h
fromfpxf	math	math.h
fromfpxf128	math	math.h
fromfpxf32	math	math.h
fromfpxf32x	math	math.h
fromfpxf64	math	math.h
fromfpxf64x	math	math.h
fromfpxl	math	math.h
fscanf	stdio	stdio.h
fseek	stdio	stdio.h
fseeko	stdio	stdio.h
fseeko64	stdio	stdio.h
fsetpos	stdio	stdio.h
fsetpos64	stdio	stdio.h
fsetxattr	filesystem	sys/xattr.h
fstat	filesystem	sys/stat.h
fstat64	filesystem	sys/stat.h
fstatat	filesystem	sys/stat.h
fstatat64	filesystem	sys/stat.h
fstatfs	filesystem	sys/statfs.h
fstatfs64	filesystem	sys/statfs.h
fstatvfs	filesystem	sys/statvfs.h
fstatvfs64	filesystem	sys/statvfs.h
fsub	math	math.h
fsubl	math	math.h
fsync	posix	unistd.h
ftell	stdio	stdio.h
ftello	stdio	stdio.h
ftello64	stdio	stdio.h
ftime	time	sys/timeb.h
ftok	sysv-ipc	sys/ipc.h
ftruncate	posix	unistd.h
ftruncate64	posix	unistd.h
ftrylockfile	stdio	stdio.h
fts64_children	filesystem	fts.h
fts64_close	filesystem	fts.h
fts64_open	filesystem	fts.h
fts64_read	filesystem	fts.h
fts64_set	filesystem	fts.h
fts_children	filesystem	fts.h
fts_close	filesystem	fts.h
fts_open	filesystem	fts.h
fts_read	filesystem	fts.h
fts_set	filesystem	fts.h
ftw	filesystem	ftw.h
ftw64	filesystem	ftw.h
funlockfile	stdio	stdio.h
futimens	filesystem	sys/stat.h
futimes	time	time.h
futimesat	time	time.h
fwide	wchar	wchar.h
fwprintf	wchar	wchar.h
fwrite	stdio	stdio.h
fwrite_unlocked	stdio	stdio.h
fwscanf	wchar	wchar.h
gai_cancel	sockets	netdb.h
gai_error	sockets	netdb.h
gai_strerror	sockets	netdb.h
gai_suspend	sockets	netdb.h
gamma	math	math.h
gammaf	math	math.h
gammal	math	math.h
gcvt	stdlib	stdlib.h
get_avphys_pages	system	sys/sysinfo.h
get_current_dir_name	posix	unistd.h
get_nprocs	system	sys/sysinfo.h
get_nprocs_conf	system	sys/sysinfo.h
get_phys_pages	system	sys/sysinfo.h
getaddrinfo	sockets	netdb.h
getaddrinfo_a	sockets	netdb.h
getauxval	runtime	sys/auxv.h
getc	stdio	stdio.h
getc_unlocked	stdio	stdio.h
getchar	stdio	stdio.h
getchar_unlocked	stdio	stdio.h
getcontext	runtime	ucontext.h
getcwd	posix	unistd.h
getdate	time	time.h
getdate_r	time	time.h
getdelim	stdio	stdio.h
getdirentries	filesystem	dirent.h
getdirentries64	filesystem	dirent.h
getdomainname	posix	unistd.h
getdtablesize	posix	unistd.h
getegid	posix	unistd.h
getentropy	misc	sys/random.h
getenv	stdlib	stdlib.h
geteuid	posix	unistd.h
getgid	posix	unistd.h
getgrent	identity	grp.h
getgrent_r	identity	grp.h
getgrgid	identity	grp.h
getgrgid_r	identity	grp.h
getgrnam	identity	grp.h
getgrnam_r	identity	grp.h
getgrouplist	identity	grp.h
getgroups	posix	unistd.h
gethostbyaddr	sockets	netdb.h
gethostbyaddr_r	sockets	netdb.h
gethostbyname	sockets	netdb.h
gethostbyname2	sockets	netdb.h
gethostbyname2_r	sockets	netdb.h
gethostbyname_r	sockets	netdb.h
gethostent	sockets	netdb.h
gethostent_r	sockets	netdb.h
gethostid	posix	unistd.h
gethostname	posix	unistd.h
getifaddrs	sockets	ifaddrs.h
getipv4sourcefilter	sockets	netinet/in.h
getitimer	time	time.h
getline	stdio	stdio.h
getloadavg	stdlib	stdlib.h
getlogin	posix	unistd.h
getlogin_r	posix	unistd.h
getmntent	filesystem	mntent.h
getmntent_r	filesystem	mntent.h
getnameinfo	sockets	netdb.h
getnetbyaddr	sockets	netdb.h
getnetbyaddr_r	sockets	netdb.h
getnetbyname	sockets	netdb.h
getnetbyname_r	sockets	netdb.h
getnetent	sockets	netdb.h
getnetent_r	sockets	netdb.h
getnetgrent	sockets	netdb.h
getnetgrent_r	sockets	netdb.h
getopt	misc	getopt.h
getopt_long	misc	getopt.h
getopt_long_only	misc	getopt.h
getpagesize	posix	unistd.h
getpass	posix	unistd.h
getpayload	math	math.h
getpayloadf	math	math.h
getpayloadf128	math	math.h
getpayloadf32	math	math.h
getpayloadf32x	math	math.h
getpayloadf64	math	math.h
getpayloadf64x	math	math.h
getpayloadl	math	math.h
getpeername	sockets	sys/socket.h
getpgid	posix	unistd.h
getpgrp	posix	unistd.h
getpid	posix	unistd.h
getppid	posix	unistd.h
getpriority	process	sys/resource.h
getprotobyname	sockets	netdb.h
getprotobyname_r	sockets	netdb.h
getprotobynumber	sockets	netdb.h
getprotobynumber_r	sockets	netdb.h
getprotoent	sockets	netdb.h
getprotoent_r	sockets	netdb.h
getpt	stdlib	stdlib.h
getpw	identity	pwd.h
getpwent	identity	pwd.h
getpwent_r	identity	pwd.h
getpwnam	identity	pwd.h
getpwnam_r	identity	pwd.h
getpwuid	identity	pwd.h
getpwuid_r	identity	pwd.h
getrandom	misc	sys/random.h
getresgid	posix	unistd.h
getresuid	posix	unistd.h
getrlimit	process	sys/resource.h
getrlimit64	process	sys/resource.h
getrpcbyname	sockets	netdb.h
getrpcbyname_r	sockets	netdb.h
getrpcbynumber	sockets	netdb.h
getrpcbynumber_r	sockets	netdb.h
getrpcent	sockets	netdb.h
getrpcent_r	sockets	netdb.h
getrusage	process	sys/resource.h
getservbyname	sockets	netdb.h
getservbyname_r	sockets	netdb.h
getservbyport	sockets	netdb.h
getservbyport_r	sockets	netdb.h
getservent	sockets	netdb.h
getservent_r	sockets	netdb.h
getsid	posix	unistd.h
getsockname	sockets	sys/socket.h
getsockopt	sockets	sys/socket.h
getsourcefilter	sockets	netinet/in.h
getspent	identity	shadow.h
getspent_r	identity	shadow.h
getspnam	identity	shadow.h
getspnam_r	identity	shadow.h
getsubopt	stdlib	stdlib.h
gettext	locale	libintl.h
gettimeofday	time	time.h
getuid	posix	unistd.h
getumask	filesystem	sys/stat.h
getusershell	posix	unistd.h
getutent	terminal	utmp.h
getutent_r	terminal	utmp.h
getutid	terminal	utmp.h
getutid_r	terminal	utmp.h
getutline	terminal	utmp.h
getutline_r	terminal	utmp.h
getutmp	terminal	utmpx.h
getutmpx	terminal	utmpx.h
getutxent	terminal	utmpx.h
getutxid	terminal	utmpx.h
getutxline	terminal	utmpx.h
getw	stdio	stdio.h
getwc	wchar	wchar.h
getwc_unlocked	wchar	wchar.h
getwchar	wchar	wchar.h
getwchar_unlocked	wchar	wchar.h
getwd	posix	unistd.h
getxattr	filesystem	sys/xattr.h
glob	filesystem	glob.h
glob64	filesystem	glob.h
glob_pattern_p	filesystem	glob.h
globfree	filesystem	glob.h
globfree64	filesystem	glob.h
gmtime	time	time.h
gmtime_r	time	time.h
grantpt	stdlib	stdlib.h
group_member	posix	unistd.h
gsignal	signal	signal.h
hasmntopt	filesystem	mntent.h
hcreate	misc	search.h
hcreate_r	misc	search.h
hdestroy	misc	search.h
hdestroy_r	misc	search.h
herror	sockets	netdb.h
hsearch	misc	search.h
hsearch_r	misc	search.h
hstrerror	sockets	netdb.h
htonl	sockets	netinet/in.h
htons	sockets	netinet/in.h
hypot	math	math.h
hypotf	math	math.h
hypotf128	math	math.h
hypotf32	math	math.h
hypotf32x	math	math.h
hypotf64	math	math.h
hypotf64x	math	math.h
hypotl	math	math.h
iconv	locale	iconv.h
iconv_close	locale	iconv.h
iconv_open	locale	iconv.h
if_freenameindex	sockets	net/if.h
if_indextoname	sockets	net/if.h
if_nameindex	sockets	net/if.h
if_nametoindex	sockets	net/if.h
ilogb	math	math.h
ilogbf	math	math.h
ilogbf128	math	math.h
ilogbf32	math	math.h
ilogbf32x	math	math.h
ilogbf64	math	math.h
ilogbf64x	math	math.h
ilogbl	math	math.h
imaxabs	stdlib	inttypes.h
imaxdiv	stdlib	inttypes.h
index	string	strings.h
inet6_opt_append	sockets	netinet/in.h
inet6_opt_find	sockets	netinet/in.h
inet6_opt_finish	sockets	netinet/in.h
inet6_opt_get_val	sockets	netinet/in.h
inet6_opt_init	sockets	netinet/in.h
inet6_opt_next	sockets	netinet/in.h
inet6_opt_set_val	sockets	netinet/in.h
inet6_option_alloc	sockets	netinet/in.h
inet6_option_append	sockets	netinet/in.h
inet6_option_find	sockets	netinet/in.h
inet6_option_init	sockets	netinet/in.h
inet6_option_next	sockets	netinet/in.h
inet6_option_space	sockets	netinet/in.h
inet6_rth_add	sockets	netinet/in.h
inet6_rth_getaddr	sockets	netinet/in.h
inet6_rth_init	sockets	netinet/in.h
inet6_rth_reverse	sockets	netinet/in.h
inet6_rth_segments	sockets	netinet/in.h
inet6_rth_space	sockets	netinet/in.h
inet_addr	sockets	arpa/inet.h
inet_aton	sockets	arpa/inet.h
inet_lnaof	sockets	arpa/inet.h
inet_makeaddr	sockets	arpa/inet.h
inet_net_ntop	sockets	arpa/inet.h
inet_net_pton	sockets	arpa/inet.h
inet_neta	sockets	arpa/inet.h
inet_netof	sockets	arpa/inet.h
inet_network	sockets	arpa/inet.h
inet_nsap_addr	sockets	arpa/inet.h
inet_nsap_ntoa	sockets	arpa/inet.h
inet_ntoa	sockets	arpa/inet.h
inet_ntop	sockets	arpa/inet.h
inet_pton	sockets	arpa/inet.h
initgroups	identity	grp.h
initstate	stdlib	stdlib.h
initstate_r	stdlib	stdlib.h
innetgr	sockets	netdb.h
inotify_add_watch	io-mux	sys/inotify.h
inotify_init	io-mux	sys/inotify.h
inotify_init1	io-mux	sys/inotify.h
inotify_rm_watch	io-mux	sys/inotify.h
insque	misc	search.h
ioctl	terminal	sys/ioctl.h
iruserok	sockets	netdb.h
iruserok_af	sockets	netdb.h
isalnum	locale	ctype.h
isalnum_l	locale	ctype.h
isalpha	locale	ctype.h
isalpha_l	locale	ctype.h
isascii	locale	ctype.h
isatty	posix	unistd.h
isblank	locale	ctype.h
isblank_l	locale	ctype.h
iscntrl	locale	ctype.h
iscntrl_l	locale	ctype.h
isctype	locale	ctype.h
isdigit	locale	ctype.h
isdigit_l	locale	ctype.h
isfdtype	sockets	sys/socket.h
isgraph	locale	ctype.h
isgraph_l	locale	ctype.h
isinf	math	math.h
isinff	math	math.h
isinfl	math	math.h
islower	locale	ctype.h
islower_l	locale	ctype.h
isnan	math	math.h
isnanf	math	math.h
isnanl	math	math.h
isprint	locale	ctype.h
isprint_l	locale	ctype.h
ispunct	locale	ctype.h
ispunct_l	locale	ctype.h
isspace	locale	ctype.h
isspace_l	locale	ctype.h
isupper	locale	ctype.h
isupper_l	locale	ctype.h
iswalnum	locale	wctype.h
iswalnum_l	locale	wctype.h
iswalpha	locale	wctype.h
iswalpha_l	locale	wctype.h
iswblank	locale	wctype.h
iswblank_l	locale	wctype.h
iswcntrl	locale	wctype.h
iswcntrl_l	locale	wctype.h
iswctype	locale	wctype.h
iswctype_l	locale	wctype.h
iswdigit	locale	wctype.h
iswdigit_l	locale	wctype.h
iswgraph	locale	wctype.h
iswgraph_l	locale	wctype.h
iswlower	locale	wctype.h
iswlower_l	locale	wctype.h
iswprint	locale	wctype.h
iswprint_l	locale	wctype.h
iswpunct	locale	wctype.h
iswpunct_l	locale	wctype.h
iswspace	locale	wctype.h
iswspace_l	locale	wctype.h
iswupper	locale	wctype.h
iswupper_l	locale	wctype.h
iswxdigit	locale	wctype.h
iswxdigit_l	locale	wctype.h
isxdigit	locale	ctype.h
isxdigit_l	locale	ctype.h
j0	math	math.h
j0f	math	math.h
j0f128	math	math.h
j0f32	math	math.h
j0f32x	math	math.h
j0f64	math	math.h
j0f64x	math	math.h
j0l	math	math.h
j1	math	math.h
j1f	math	math.h
j1f128	math	math.h
j1f32	math	math.h
j1f32x	math	math.h
j1f64	math	math.h
j1f64x	math	math.h
j1l	math	math.h
jn	math	math.h
jnf	math	math.h
jnf128	math	math.h
jnf32	math	math.h
jnf32x	math	math.h
jnf64	math	math.h
jnf64x	math	math.h
jnl	math	math.h
jrand48	stdlib	stdlib.h
jrand48_r	stdlib	stdlib.h
kill	signal	signal.h
killpg	signal	signal.h
l64a	stdlib	stdlib.h
la_activity	dl	link.h
la_objclose	dl	link.h
la_objopen	dl	link.h
la_objsearch	dl	link.h
la_preinit	dl	link.h
la_symbind32	dl	link.h
la_symbind64	dl	link.h
la_version	dl	link.h
la_x32_gnu_pltenter	dl	link.h
la_x32_gnu_pltexit	dl	link.h
la_x86_64_gnu_pltenter	dl	link.h
la_x86_64_gnu_pltexit	dl	link.h
labs	stdlib	stdlib.h
lchmod	filesystem	sys/stat.h
lchown	posix	unistd.h
lckpwdf	identity	shadow.h
lcong48	stdlib	stdlib.h
lcong48_r	stdlib	stdlib.h
ldexp	math	math.h
ldexpf	math	math.h
ldexpf128	math	math.h
ldexpf32	math	math.h
ldexpf32x	math	math.h
ldexpf64	math	math.h
ldexpf64x	math	math.h
ldexpl	math	math.h
ldiv	stdlib	stdlib.h
lfind	misc	search.h
lgamma	math	math.h
lgamma_r	math	math.h
lgammaf	math	math.h
lgammaf128	math	math.h
lgammaf128_r	math	math.h
lgammaf32	math	math.h
lgammaf32_r	math	math.h
lgammaf32x	math	math.h
lgammaf32x_r	math	math.h
lgammaf64	math	math.h
lgammaf64_r	math	math.h
lgammaf64x	math	math.h
lgammaf64x_r	math	math.h
lgammaf_r	math	math.h
lgammal	math	math.h
lgammal_r	math	math.h
lgetxattr	filesystem	sys/xattr.h
link	posix	unistd.h
linkat	posix	unistd.h
lio_listio	io	aio.h
lio_listio64	io	aio.h
listen	sockets	sys/socket.h
listxattr	filesystem	sys/xattr.h
llabs	stdlib	stdlib.h
lldiv	stdlib	stdlib.h
llistxattr	filesystem	sys/xattr.h
llogb	math	math.h
llogbf	math	math.h
llogbf128	math	math.h
llogbf32	math	math.h
llogbf32x	math	math.h
llogbf64	math	math.h
llogbf64x	math	math.h
llogbl	math	math.h
llrint	math	math.h
llrintf	math	math.h
llrintf128	math	math.h
llrintf32	math	math.h
llrintf32x	math	math.h
llrintf64	math	math.h
llrintf64x	math	math.h
llrintl	math	math.h
llround	math	math.h
llroundf	math	math.h
llroundf128	math	math.h
llroundf32	math	math.h
llroundf32x	math	math.h
llroundf64	math	math.h
llroundf64x	math	math.h
llroundl	math	math.h
localeconv	locale	locale.h
localtime	time	time.h
localtime_r	time	time.h
lockf	filesystem	fcntl.h
lockf64	filesystem	fcntl.h
log	math	math.h
log10	math	math.h
log10f	math	math.h
log10f128	math	math.h
log10f32	math	math.h
log10f32x	math	math.h
log10f64	math	math.h
log10f64x	math	math.h
log10l	math	math.h
log1p	math	math.h
log1pf	math	math.h
log1pf128	math	math.h
log1pf32	math	math.h
log1pf32x	math	math.h
log1pf64	math	math.h
log1pf64x	math	math.h
log1pl	math	math.h
log2	math	math.h
log2f	math	math.h
log2f128	math	math.h
log2f32	math	math.h
log2f32x	math	math.h
log2f64	math	math.h
log2f64x	math	math.h
log2l	math	math.h
logb	math	math.h
logbf	math	math.h
logbf128	math	math.h
logbf32	math	math.h
logbf32x	math	math.h
logbf64	math	math.h
logbf64x	math	math.h
logbl	math	math.h
logf	math	math.h
logf128	math	math.h
logf32	math	math.h
logf32x	math	math.h
logf64	math	math.h
logf64x	math	math.h
login	terminal	utmp.h
login_tty	terminal	utmp.h
logl	math	math.h
logout	terminal	utmp.h
logwtmp	terminal	utmp.h
longjmp	runtime	setjmp.h
lrand48	stdlib	stdlib.h
lrand48_r	stdlib	stdlib.h
lremovexattr	filesystem	sys/xattr.h
lrint	math	math.h
lrintf	math	math.h
lrintf128	math	math.h
lrintf32	math	math.h
lrintf32x	math	math.h
lrintf64	math	math.h
lrintf64x	math	math.h
lrintl	math	math.h
lround	math	math.h
lroundf	math	math.h
lroundf128	math	math.h
lroundf32	math	math.h
lroundf32x	math	math.h
lroundf64	math	math.h
lroundf64x	math	math.h
lroundl	math	math.h
lsearch	misc	search.h
lseek	posix	unistd.h
lseek64	posix	unistd.h
lsetxattr	filesystem	sys/xattr.h
lstat	filesystem	sys/stat.h
lstat64	filesystem	sys/stat.h
lutimes	time	time.h
madvise	memory	sys/mman.h
makecontext	runtime	ucontext.h
mallinfo	memory	malloc.h
malloc	memory	malloc.h
malloc_info	memory	malloc.h
malloc_stats	memory	malloc.h
malloc_trim	memory	malloc.h
malloc_usable_size	memory	malloc.h
mallopt	memory	malloc.h
mblen	stdlib	stdlib.h
mbrlen	wchar	wchar.h
mbrtoc16	wchar	uchar.h
mbrtoc32	wchar	uchar.h
mbrtowc	wchar	wchar.h
mbsinit	wchar	wchar.h
mbsnrtowcs	wchar	wchar.h
mbsrtowcs	wchar	wchar.h
mbstowcs	stdlib	stdlib.h
mbtowc	stdlib	stdlib.h
memalign	memory	malloc.h
memccpy	string	string.h
memchr	string	string.h
memcmp	string	string.h
memcpy	string	string.h
memfd_create	memory	sys/mman.h
memfrob	string	string.h
memmem	string	string.h
memmove	string	string.h
mempcpy	string	string.h
memrchr	string	string.h
memset	string	string.h
mincore	memory	sys/mman.h
mkdir	filesystem	sys/stat.h
mkdirat	filesystem	sys/stat.h
mkdtemp	stdlib	stdlib.h
mkfifo	filesystem	sys/stat.h
mkfifoat	filesystem	sys/stat.h
mknod	filesystem	sys/stat.h
mknodat	filesystem	sys/stat.h
mkostemp	stdlib	stdlib.h
mkostemp64	stdlib	stdlib.h
mkostemps	stdlib	stdlib.h
mkostemps64	stdlib	stdlib.h
mkstemp	stdlib	stdlib.h
mkstemp64	stdlib	stdlib.h
mkstemps	stdlib	stdlib.h
mkstemps64	stdlib	stdlib.h
mktemp	stdlib	stdlib.h
mktime	time	time.h
mlock	memory	sys/mman.h
mlock2	memory	sys/mman.h
mlockall	memory	sys/mman.h
mmap	memory	sys/mman.h
mmap64	memory	sys/mman.h
modf	math	math.h
modff	math	math.h
modff128	math	math.h
modff32	math	math.h
modff32x	math	math.h
modff64	math	math.h
modff64x	math	math.h
modfl	math	math.h
mount	filesystem	sys/mount.h
mprotect	memory	sys/mman.h
mq_close	sysv-ipc	mqueue.h
mq_getattr	sysv-ipc	mqueue.h
mq_notify	sysv-ipc	mqueue.h
mq_open	sysv-ipc	mqueue.h
mq_receive	sysv-ipc	mqueue.h
mq_send	sysv-ipc	mqueue.h
mq_setattr	sysv-ipc	mqueue.h
mq_timedreceive	sysv-ipc	mqueue.h
mq_timedsend	sysv-ipc	mqueue.h
mq_unlink	sysv-ipc	mqueue.h
mrand48	stdlib	stdlib.h
mrand48_r	stdlib	stdlib.h
mremap	memory	sys/mman.h
msgctl	sysv-ipc	sys/msg.h
msgget	sysv-ipc	sys/msg.h
msgrcv	sysv-ipc	sys/msg.h
msgsnd	sysv-ipc	sys/msg.h
msync	memory	sys/mman.h
mtx_destroy	threads	threads.h
mtx_init	threads	threads.h
mtx_lock	threads	threads.h
mtx_timedlock	threads	threads.h
mtx_trylock	threads	threads.h
mtx_unlock	threads	threads.h
munlock	memory	sys/mman.h
munlockall	memory	sys/mman.h
munmap	memory	sys/mman.h
name_to_handle_at	filesystem	fcntl.h
nan	math	math.h
nanf	math	math.h
nanf128	math	math.h
nanf32	math	math.h
nanf32x	math	math.h
nanf64	math	math.h
nanf64x	math	math.h
nanl	math	math.h
nanosleep	time	time.h
nearbyint	math	math.h
nearbyintf	math	math.h
nearbyintf128	math	math.h
nearbyintf32	math	math.h
nearbyintf32x	math	math.h
nearbyintf64	math	math.h
nearbyintf64x	math	math.h
nearbyintl	math	math.h
newlocale	locale	locale.h
nextafter	math	math.h
nextafterf	math	math.h
nextafterf128	math	math.h
nextafterf32	math	math.h
nextafterf32x	math	math.h
nextafterf64	math	math.h
nextafterf64x	math	math.h
nextafterl	math	math.h
nextdown	math	math.h
nextdownf	math	math.h
nextdownf128	math	math.h
nextdownf32	math	math.h
nextdownf32x	math	math.h
nextdownf64	math	math.h
nextdownf64x	math	math.h
nextdownl	math	math.h
nexttoward	math	math.h
nexttowardf	math	math.h
nexttowardl	math	math.h
nextup	math	math.h
nextupf	math	math.h
nextupf128	math	math.h
nextupf32	math	math.h
nextupf32x	math	math.h
nextupf64	math	math.h
nextupf64x	math	math.h
nextupl	math	math.h
nftw	filesystem	ftw.h
nftw64	filesystem	ftw.h
ngettext	locale	libintl.h
nice	posix	unistd.h
nl_langinfo	locale	langinfo.h
nl_langinfo_l	locale	langinfo.h
nrand48	stdlib	stdlib.h
nrand48_r	stdlib	stdlib.h
ntohl	sockets	netinet/in.h
ntohs	sockets	netinet/in.h
obstack_free	memory	obstack.h
obstack_printf	stdio	stdio.h
obstack_vprintf	stdio	stdio.h
on_exit	stdlib	stdlib.h
open	filesystem	fcntl.h
open64	filesystem	fcntl.h
open_by_handle_at	filesystem	fcntl.h
open_memstream	stdio	stdio.h
open_wmemstream	wchar	wchar.h
openat	filesystem	fcntl.h
openat64	filesystem	fcntl.h
opendir	filesystem	dirent.h
openlog	syslog	syslog.h
openpty	terminal	pty.h
parse_printf_format	stdio	printf.h
pathconf	posix	unistd.h
pause	posix	unistd.h
pclose	stdio	stdio.h
perror	stdio	stdio.h
pipe	posix	unistd.h
pipe2	posix	unistd.h
pkey_alloc	memory	sys/mman.h
pkey_free	memory	sys/mman.h
pkey_get	memory	sys/mman.h
pkey_mprotect	memory	sys/mman.h
pkey_set	memory	sys/mman.h
poll	io-mux	poll.h
popen	stdio	stdio.h
posix_fadvise	filesystem	fcntl.h
posix_fadvise64	filesystem	fcntl.h
posix_fallocate	filesystem	fcntl.h
posix_fallocate64	filesystem	fcntl.h
posix_madvise	memory	sys/mman.h
posix_memalign	stdlib	stdlib.h
posix_openpt	stdlib	stdlib.h
posix_spawn	process	spawn.h
posix_spawn_file_actions_addclose	process	spawn.h
posix_spawn_file_actions_adddup2	process	spawn.h
posix_spawn_file_actions_addopen	process	spawn.h
posix_spawn_file_actions_destroy	process	spawn.h
posix_spawn_file_actions_init	process	spawn.h
posix_spawnattr_destroy	process	spawn.h
posix_spawnattr_getflags	process	spawn.h
posix_spawnattr_getpgroup	process	spawn.h
posix_spawnattr_getschedparam	process	spawn.h
posix_spawnattr_getschedpolicy	process	spawn.h
posix_spawnattr_getsigdefault	process	spawn.h
posix_spawnattr_getsigmask	process	spawn.h
posix_spawnattr_init	process	spawn.h
posix_spawnattr_setflags	process	spawn.h
posix_spawnattr_setpgroup	process	spawn.h
posix_spawnattr_setschedparam	process	spawn.h
posix_spawnattr_setschedpolicy	process	spawn.h
posix_spawnattr_setsigdefault	process	spawn.h
posix_spawnattr_setsigmask	process	spawn.h
posix_spawnp	process	spawn.h
pow	math	math.h
powf	math	math.h
powf128	math	math.h
powf32	math	math.h
powf32x	math	math.h
powf64	math	math.h
powf64x	math	math.h
powl	math	math.h
ppoll	io-mux	poll.h
prctl	process	sys/prctl.h
pread	posix	unistd.h
pread64	posix	unistd.h
preadv	io	sys/uio.h
preadv2	io	sys/uio.h
preadv64	io	sys/uio.h
preadv64v2	io	sys/uio.h
printf	stdio	stdio.h
printf_size	stdio	printf.h
printf_size_info	stdio	printf.h
prlimit	process	sys/resource.h
prlimit64	process	sys/resource.h
process_vm_readv	io	sys/uio.h
process_vm_writev	io	sys/uio.h
profil	posix	unistd.h
pselect	io-mux	sys/select.h
psiginfo	signal	signal.h
psignal	signal	signal.h
pthread_atfork	threads	pthread.h
pthread_attr_destroy	threads	pthread.h
pthread_attr_getaffinity_np	threads	pthread.h
pthread_attr_getdetachstate	threads	pthread.h
pthread_attr_getguardsize	threads	pthread.h
pthread_attr_getinheritsched	threads	pthread.h
pthread_attr_getschedparam	threads	pthread.h
pthread_attr_getschedpolicy	threads	pthread.h
pthread_attr_getscope	threads	pthread.h
pthread_attr_getstack	threads	pthread.h
pthread_attr_getstackaddr	threads	pthread.h
pthread_attr_getstacksize	threads	pthread.h
pthread_attr_init	threads	pthread.h
pthread_attr_setaffinity_np	threads	pthread.h
pthread_attr_setdetachstate	threads	pthread.h
pthread_attr_setguardsize	threads	pthread.h
pthread_attr_setinheritsched	threads	pthread.h
pthread_attr_setschedparam	threads	pthread.h
pthread_attr_setschedpolicy	threads	pthread.h
pthread_attr_setscope	threads	pthread.h
pthread_attr_setstack	threads	pthread.h
pthread_attr_setstackaddr	threads	pthread.h
pthread_attr_setstacksize	threads	pthread.h
pthread_barrier_destroy	threads	pthread.h
pthread_barrier_init	threads	pthread.h
pthread_barrier_wait	threads	pthread.h
pthread_barrierattr_destroy	threads	pthread.h
pthread_barrierattr_getpshared	threads	pthread.h
pthread_barrierattr_init	threads	pthread.h
pthread_barrierattr_setpshared	threads	pthread.h
pthread_cancel	threads	pthread.h
pthread_cond_broadcast	threads	pthread.h
pthread_cond_destroy	threads	pthread.h
pthread_cond_init	threads	pthread.h
pthread_cond_signal	threads	pthread.h
pthread_cond_timedwait	threads	pthread.h
pthread_cond_wait	threads	pthread.h
pthread_condattr_destroy	threads	pthread.h
pthread_condattr_getclock	threads	pthread.h
pthread_condattr_getpshared	threads	pthread.h
pthread_condattr_init	threads	pthread.h
pthread_condattr_setclock	threads	pthread.h
pthread_condattr_setpshared	threads	pthread.h
pthread_create	threads	pthread.h
pthread_detach	threads	pthread.h
pthread_equal	threads	pthread.h
pthread_exit	threads	pthread.h
pthread_getaffinity_np	threads	pthread.h
pthread_getattr_default_np	threads	pthread.h
pthread_getattr_np	threads	pthread.h
pthread_getconcurrency	threads	pthread.h
pthread_getcpuclockid	threads	pthread.h
pthread_getname_np	threads	pthread.h
pthread_getschedparam	threads	pthread.h
pthread_getspecific	threads	pthread.h
pthread_join	threads	pthread.h
pthread_key_create	threads	pthread.h
pthread_key_delete	threads	pthread.h
pthread_kill	signal	signal.h
pthread_mutex_consistent	threads	pthread.h
pthread_mutex_consistent_np	threads	pthread.h
pthread_mutex_destroy	threads	pthread.h
pthread_mutex_getprioceiling	threads	pthread.h
pthread_mutex_init	threads	pthread.h
pthread_mutex_lock	threads	pthread.h
pthread_mutex_setprioceiling	threads	pthread.h
pthread_mutex_timedlock	threads	pthread.h
pthread_mutex_trylock	threads	pthread.h
pthread_mutex_unlock	threads	pthread.h
pthread_mutexattr_destroy	threads	pthread.h
pthread_mutexattr_getprioceiling	threads	pthread.h
pthread_mutexattr_getprotocol	threads	pthread.h
pthread_mutexattr_getpshared	threads	pthread.h
pthread_mutexattr_getrobust	threads	pthread.h
pthread_mutexattr_getrobust_np	threads	pthread.h
pthread_mutexattr_gettype	threads	pthread.h
pthread_mutexattr_init	threads	pthread.h
pthread_mutexattr_setprioceiling	threads	pthread.h
pthread_mutexattr_setprotocol	threads	pthread.h
pthread_mutexattr_setpshared	threads	pthread.h
pthread_mutexattr_setrobust	threads	pthread.h
pthread_mutexattr_setrobust_np	threads	pthread.h
pthread_mutexattr_settype	threads	pthread.h
pthread_once	threads	pthread.h
pthread_rwlock_destroy	threads	pthread.h
pthread_rwlock_init	threads	pthread.h
pthread_rwlock_rdlock	threads	pthread.h
pthread_rwlock_timedrdlock	threads	pthread.h
pthread_rwlock_timedwrlock	threads	pthread.h
pthread_rwlock_tryrdlock	threads	pthread.h
pthread_rwlock_trywrlock	threads	pthread.h
pthread_rwlock_unlock	threads	pthread.h
pthread_rwlock_wrlock	threads	pthread.h
pthread_rwlockattr_destroy	threads	pthread.h
pthread_rwlockattr_getkind_np	threads	pthread.h
pthread_rwlockattr_getpshared	threads	pthread.h
pthread_rwlockattr_init	threads	pthread.h
pthread_rwlockattr_setkind_np	threads	pthread.h
pthread_rwlockattr_setpshared	threads	pthread.h
pthread_self	threads	pthread.h
pthread_setaffinity_np	threads	pthread.h
pthread_setattr_default_np	threads	pthread.h
pthread_setcancelstate	threads	pthread.h
pthread_setcanceltype	threads	pthread.h
pthread_setconcurrency	threads	pthread.h
pthread_setname_np	threads	pthread.h
pthread_setschedparam	threads	pthread.h
pthread_setschedprio	threads	pthread.h
pthread_setspecific	threads	pthread.h
pthread_sigmask	signal	signal.h
pthread_sigqueue	signal	signal.h
pthread_spin_destroy	threads	pthread.h
pthread_spin_init	threads	pthread.h
pthread_spin_lock	threads	pthread.h
pthread_spin_trylock	threads	pthread.h
pthread_spin_unlock	threads	pthread.h
pthread_testcancel	threads	pthread.h
pthread_timedjoin_np	threads	pthread.h
pthread_tryjoin_np	threads	pthread.h
pthread_yield	threads	pthread.h
ptrace	process	sys/ptrace.h
ptsname	stdlib	stdlib.h
ptsname_r	stdlib	stdlib.h
putc	stdio	stdio.h
putc_unlocked	stdio	stdio.h
putchar	stdio	stdio.h
putchar_unlocked	stdio	stdio.h
putenv	stdlib	stdlib.h
putgrent	identity	grp.h
putpwent	identity	pwd.h
puts	stdio	stdio.h
putspent	identity	shadow.h
pututline	terminal	utmp.h
pututxline	terminal	utmpx.h
putw	stdio	stdio.h
putwc	wchar	wchar.h
putwc_unlocked	wchar	wchar.h
putwchar	wchar	wchar.h
putwchar_unlocked	wchar	wchar.h
pvalloc	memory	malloc.h
pwrite	posix	unistd.h
pwrite64	posix	unistd.h
pwritev	io	sys/uio.h
pwritev2	io	sys/uio.h
pwritev64	io	sys/uio.h
pwritev64v2	io	sys/uio.h
qecvt	stdlib	stdlib.h
qecvt_r	stdlib	stdlib.h
qfcvt	stdlib	stdlib.h
qfcvt_r	stdlib	stdlib.h
qgcvt	stdlib	stdlib.h
qsort	stdlib	stdlib.h
qsort_r	stdlib	stdlib.h
quick_exit	stdlib	stdlib.h
quotactl	filesystem	sys/quota.h
raise	signal	signal.h
rand	stdlib	stdlib.h
rand_r	stdlib	stdlib.h
random	stdlib	stdlib.h
random_r	stdlib	stdlib.h
rawmemchr	string	string.h
rcmd	sockets	netdb.h
rcmd_af	sockets	netdb.h
re_compile_fastmap	regex	regex.h
re_compile_pattern	regex	regex.h
re_match	regex	regex.h
re_match_2	regex	regex.h
re_search	regex	regex.h
re_search_2	regex	regex.h
re_set_registers	regex	regex.h
re_set_syntax	regex	regex.h
read	posix	unistd.h
readahead	filesystem	fcntl.h
readdir	filesystem	dirent.h
readdir64	filesystem	dirent.h
readdir64_r	filesystem	dirent.h
readdir_r	filesystem	dirent.h
readlink	posix	unistd.h
readlinkat	posix	unistd.h
readv	io	sys/uio.h
realloc	memory	malloc.h
reallocarray	memory	malloc.h
realpath	stdlib	stdlib.h
recv	sockets	sys/socket.h
recvfrom	sockets	sys/socket.h
recvmmsg	sockets	sys/socket.h
recvmsg	sockets	sys/socket.h
regcomp	regex	regex.h
regerror	regex	regex.h
regexec	regex	regex.h
regfree	regex	regex.h
register_printf_function	stdio	printf.h
register_printf_modifier	stdio	printf.h
register_printf_specifier	stdio	printf.h
register_printf_type	stdio	printf.h
remainder	math	math.h
remainderf	math	math.h
remainderf128	math	math.h
remainderf32	math	math.h
remainderf32x	math	math.h
remainderf64	math	math.h
remainderf64x	math	math.h
remainderl	math	math.h
remap_file_pages	memory	sys/mman.h
remove	stdio	stdio.h
removexattr	filesystem	sys/xattr.h
remque	misc	search.h
remquo	math	math.h
remquof	math	math.h
remquof128	math	math.h
remquof32	math	math.h
remquof32x	math	math.h
remquof64	math	math.h
remquof64x	math	math.h
remquol	math	math.h
rename	stdio	stdio.h
renameat	stdio	stdio.h
renameat2	stdio	stdio.h
revoke	posix	unistd.h
rewind	stdio	stdio.h
rewinddir	filesystem	dirent.h
rexec	sockets	netdb.h
rexec_af	sockets	netdb.h
rindex	string	strings.h
rint	math	math.h
rintf	math	math.h
rintf128	math	math.h
rintf32	math	math.h
rintf32x	math	math.h
rintf64	math	math.h
rintf64x	math	math.h
rintl	math	math.h
rmdir	posix	unistd.h
round	math	math.h
roundeven	math	math.h
roundevenf	math	math.h
roundevenf128	math	math.h
roundevenf32	math	math.h
roundevenf32x	math	math.h
roundevenf64	math	math.h
roundevenf64x	math	math.h
roundevenl	math	math.h
roundf	math	math.h
roundf128	math	math.h
roundf32	math	math.h
roundf32x	math	math.h
roundf64	math	math.h
roundf64x	math	math.h
roundl	math	math.h
rpmatch	stdlib	stdlib.h
rresvport	sockets	netdb.h
rresvport_af	sockets	netdb.h
ruserok	sockets	netdb.h
ruserok_af	sockets	netdb.h
sbrk	posix	unistd.h
scalb	math	math.h
scalbf	math	math.h
scalbl	math	math.h
scalbln	math	math.h
scalblnf	math	math.h
scalblnf128	math	math.h
scalblnf32	math	math.h
scalblnf32x	math	math.h
scalblnf64	math	math.h
scalblnf64x	math	math.h
scalblnl	math	math.h
scalbn	math	math.h
scalbnf	math	math.h
scalbnf128	math	math.h
scalbnf32	math	math.h
scalbnf32x	math	math.h
scalbnf64	math	math.h
scalbnf64x	math	math.h
scalbnl	math	math.h
scandir	filesystem	dirent.h
scandir64	filesystem	dirent.h
scandirat	filesystem	dirent.h
scandirat64	filesystem	dirent.h
scanf	stdio	stdio.h
sched_get_priority_max	process	sched.h
sched_get_priority_min	process	sched.h
sched_getaffinity	process	sched.h
sched_getcpu	process	sched.h
sched_getparam	process	sched.h
sched_getscheduler	process	sched.h
sched_rr_get_interval	process	sched.h
sched_setaffinity	process	sched.h
sched_setparam	process	sched.h
sched_setscheduler	process	sched.h
sched_yield	process	sched.h
secure_getenv	stdlib	stdlib.h
seed48	stdlib	stdlib.h
seed48_r	stdlib	stdlib.h
seekdir	filesystem	dirent.h
select	io-mux	sys/select.h
sem_close	threads	semaphore.h
sem_destroy	threads	semaphore.h
sem_getvalue	threads	semaphore.h
sem_init	threads	semaphore.h
sem_open	threads	semaphore.h
sem_post	threads	semaphore.h
sem_timedwait	threads	semaphore.h
sem_trywait	threads	semaphore.h
sem_unlink	threads	semaphore.h
sem_wait	threads	semaphore.h
semctl	sysv-ipc	sys/sem.h
semget	sysv-ipc	sys/sem.h
semop	sysv-ipc	sys/sem.h
semtimedop	sysv-ipc	sys/sem.h
send	sockets	sys/socket.h
sendfile	io	sys/sendfile.h
sendfile64	io	sys/sendfile.h
sendmmsg	sockets	sys/socket.h
sendmsg	sockets	sys/socket.h
sendto	sockets	sys/socket.h
setbuf	stdio	stdio.h
setbuffer	stdio	stdio.h
setcontext	runtime	ucontext.h
setdomainname	posix	unistd.h
setegid	posix	unistd.h
setenv	stdlib	stdlib.h
seteuid	posix	unistd.h
setgid	posix	unistd.h
setgrent	identity	grp.h
setgroups	identity	grp.h
sethostent	sockets	netdb.h
sethostid	posix	unistd.h
sethostname	posix	unistd.h
setipv4sourcefilter	sockets	netinet/in.h
setitimer	time	time.h
setjmp	runtime	setjmp.h
setlinebuf	stdio	stdio.h
setlocale	locale	locale.h
setlogin	posix	unistd.h
setlogmask	syslog	syslog.h
setmntent	filesystem	mntent.h
setnetent	sockets	netdb.h
setnetgrent	sockets	netdb.h
setns	process	sched.h
setpayload	math	math.h
setpayloadf	math	math.h
setpayloadf128	math	math.h
setpayloadf32	math	math.h
setpayloadf32x	math	math.h
setpayloadf64	math	math.h
setpayloadf64x	math	math.h
setpayloadl	math	math.h
setpayloadsig	math	math.h
setpayloadsigf	math	math.h
setpayloadsigf128	math	math.h
setpayloadsigf32	math	math.h
setpayloadsigf32x	math	math.h
setpayloadsigf64	math	math.h
setpayloadsigf64x	math	math.h
setpayloadsigl	math	math.h
setpgid	posix	unistd.h
setpgrp	posix	unistd.h
setpriority	process	sys/resource.h
setprotoent	sockets	netdb.h
setpwent	identity	pwd.h
setregid	posix	unistd.h
setresgid	posix	unistd.h
setresuid	posix	unistd.h
setreuid	posix	unistd.h
setrlimit	process	sys/resource.h
setrlimit64	process	sys/resource.h
setrpcent	sockets	netdb.h
setservent	sockets	netdb.h
setsid	posix	unistd.h
setsockopt	sockets	sys/socket.h
setsourcefilter	sockets	netinet/in.h
setspent	identity	shadow.h
setstate	stdlib	stdlib.h
setstate_r	stdlib	stdlib.h
settimeofday	time	time.h
setuid	posix	unistd.h
setusershell	posix	unistd.h
setutent	terminal	utmp.h
setutxent	terminal	utmpx.h
setvbuf	stdio	stdio.h
setxattr	filesystem	sys/xattr.h
sgetspent	identity	shadow.h
sgetspent_r	identity	shadow.h
shm_open	memory	sys/mman.h
shm_unlink	memory	sys/mman.h
shmat	sysv-ipc	sys/shm.h
shmctl	sysv-ipc	sys/shm.h
shmdt	sysv-ipc	sys/shm.h
shmget	sysv-ipc	sys/shm.h
shutdown	sockets	sys/socket.h
sigaction	signal	signal.h
sigaddset	signal	signal.h
sigaltstack	signal	signal.h
sigandset	signal	signal.h
sigblock	signal	signal.h
sigdelset	signal	signal.h
sigemptyset	signal	signal.h
sigfillset	signal	signal.h
siggetmask	signal	signal.h
sighold	signal	signal.h
sigignore	signal	signal.h
siginterrupt	signal	signal.h
sigisemptyset	signal	signal.h
sigismember	signal	signal.h
siglongjmp	runtime	setjmp.h
signal	signal	signal.h
signalfd	io-mux	sys/signalfd.h
significand	math	math.h
significandf	math	math.h
significandl	math	math.h
sigorset	signal	signal.h
sigpause	signal	signal.h
sigpending	signal	signal.h
sigprocmask	signal	signal.h
sigqueue	signal	signal.h
sigrelse	signal	signal.h
sigreturn	signal	signal.h
sigset	signal	signal.h
sigsetmask	signal	signal.h
sigstack	signal	signal.h
sigsuspend	signal	signal.h
sigtimedwait	signal	signal.h
sigwait	signal	signal.h
sigwaitinfo	signal	signal.h
sin	math	math.h
sincos	math	math.h
sincosf	math	math.h
sincosf128	math	math.h
sincosf32	math	math.h
sincosf32x	math	math.h
sincosf64	math	math.h
sincosf64x	math	math.h
sincosl	math	math.h
sinf	math	math.h
sinf128	math	math.h
sinf32	math	math.h
sinf32x	math	math.h
sinf64	math	math.h
sinf64x	math	math.h
sinh	math	math.h
sinhf	math	math.h
sinhf128	math	math.h
sinhf32	math	math.h
sinhf32x	math	math.h
sinhf64	math	math.h
sinhf64x	math	math.h
sinhl	math	math.h
sinl	math	math.h
sleep	posix	unistd.h
snprintf	stdio	stdio.h
sockatmark	sockets	sys/socket.h
socket	sockets	sys/socket.h
socketpair	sockets	sys/socket.h
splice	filesystem	fcntl.h
sprintf	stdio	stdio.h
sqrt	math	math.h
sqrtf	math	math.h
sqrtf128	math	math.h
sqrtf32	math	math.h
sqrtf32x	math	math.h
sqrtf64	math	math.h
sqrtf64x	math	math.h
sqrtl	math	math.h
srand	stdlib	stdlib.h
srand48	stdlib	stdlib.h
srand48_r	stdlib	stdlib.h
srandom	stdlib	stdlib.h
srandom_r	stdlib	stdlib.h
sscanf	stdio	stdio.h
ssignal	signal	signal.h
stat	filesystem	sys/stat.h
stat64	filesystem	sys/stat.h
statfs	filesystem	sys/statfs.h
statfs64	filesystem	sys/statfs.h
statvfs	filesystem	sys/statvfs.h
statvfs64	filesystem	sys/statvfs.h
statx	filesystem	sys/stat.h
stime	time	time.h
stpcpy	string	string.h
stpncpy	string	string.h
strcasecmp	string	strings.h
strcasecmp_l	string	strings.h
strcasestr	string	string.h
strcat	string	string.h
strchr	string	string.h
strchrnul	string	string.h
strcmp	string	string.h
strcoll	string	string.h
strcoll_l	string	string.h
strcpy	string	string.h
strcspn	string	string.h
strdup	string	string.h
strerror	string	string.h
strerror_l	string	string.h
strerror_r	string	string.h
strfmon	locale	monetary.h
strfmon_l	locale	monetary.h
strfromd	stdlib	stdlib.h
strfromf	stdlib	stdlib.h
strfromf128	stdlib	stdlib.h
strfromf32	stdlib	stdlib.h
strfromf32x	stdlib	stdlib.h
strfromf64	stdlib	stdlib.h
strfromf64x	stdlib	stdlib.h
strfroml	stdlib	stdlib.h
strfry	string	string.h
strftime	time	time.h
strftime_l	time	time.h
strlen	string	string.h
strncasecmp	string	strings.h
strncasecmp_l	string	strings.h
strncat	string	string.h
strncmp	string	string.h
strncpy	string	string.h
strndup	string	string.h
strnlen	string	string.h
strpbrk	string	string.h
strptime	time	time.h
strptime_l	time	time.h
strrchr	string	string.h
strsep	string	string.h
strsignal	string	string.h
strspn	string	string.h
strstr	string	string.h
strtod	stdlib	stdlib.h
strtod_l	stdlib	stdlib.h
strtof	stdlib	stdlib.h
strtof128	stdlib	stdlib.h
strtof128_l	stdlib	stdlib.h
strtof32	stdlib	stdlib.h
strtof32_l	stdlib	stdlib.h
strtof32x	stdlib	stdlib.h
strtof32x_l	stdlib	stdlib.h
strtof64	stdlib	stdlib.h
strtof64_l	stdlib	stdlib.h
strtof64x	stdlib	stdlib.h
strtof64x_l	stdlib	stdlib.h
strtof_l	stdlib	stdlib.h
strtoimax	stdlib	inttypes.h
strtok	string	string.h
strtok_r	string	string.h
strtol	stdlib	stdlib.h
strtol_l	stdlib	stdlib.h
strtold	stdlib	stdlib.h
strtold_l	stdlib	stdlib.h
strtoll	stdlib	stdlib.h
strtoll_l	stdlib	stdlib.h
strtoq	stdlib	stdlib.h
strtoul	stdlib	stdlib.h
strtoul_l	stdlib	stdlib.h
strtoull	stdlib	stdlib.h
strtoull_l	stdlib	stdlib.h
strtoumax	stdlib	inttypes.h
strtouq	stdlib	stdlib.h
strverscmp	string	string.h
strxfrm	string	string.h
strxfrm_l	string	string.h
swab	posix	unistd.h
swapcontext	runtime	ucontext.h
swprintf	wchar	wchar.h
swscanf	wchar	wchar.h
symlink	posix	unistd.h
symlinkat	posix	unistd.h
sync	posix	unistd.h
sync_file_range	filesystem	fcntl.h
syncfs	posix	unistd.h
syscall	posix	unistd.h
sysconf	posix	unistd.h
sysinfo	system	sys/sysinfo.h
syslog	syslog	syslog.h
system	stdlib	stdlib.h
sysv_signal	signal	signal.h
tan	math	math.h
tanf	math	math.h
tanf128	math	math.h
tanf32	math	math.h
tanf32x	math	math.h
tanf64	math	math.h
tanf64x	math	math.h
tanh	math	math.h
tanhf	math	math.h
tanhf128	math	math.h
tanhf32	math	math.h
tanhf32x	math	math.h
tanhf64	math	math.h
tanhf64x	math	math.h
tanhl	math	math.h
tanl	math	math.h
tcdrain	terminal	termios.h
tcflow	terminal	termios.h
tcflush	terminal	termios.h
tcgetattr	terminal	termios.h
tcgetpgrp	posix	unistd.h
tcgetsid	terminal	termios.h
tcsendbreak	terminal	termios.h
tcsetattr	terminal	termios.h
tcsetpgrp	posix	unistd.h
tdelete	misc	search.h
tdestroy	misc	search.h
tee	filesystem	fcntl.h
telldir	filesystem	dirent.h
tempnam	stdio	stdio.h
textdomain	locale	libintl.h
tfind	misc	search.h
tgamma	math	math.h
tgammaf	math	math.h
tgammaf128	math	math.h
tgammaf32	math	math.h
tgammaf32x	math	math.h
tgammaf64	math	math.h
tgammaf64x	math	math.h
tgammal	math	math.h
thrd_create	threads	threads.h
thrd_current	threads	threads.h
thrd_detach	threads	threads.h
thrd_equal	threads	threads.h
thrd_exit	threads	threads.h
thrd_join	threads	threads.h
thrd_sleep	threads	threads.h
thrd_yield	threads	threads.h
time	time	time.h
timegm	time	time.h
timelocal	time	time.h
timer_create	time	time.h
timer_delete	time	time.h
timer_getoverrun	time	time.h
timer_gettime	time	time.h
timer_settime	time	time.h
timerfd_create	io-mux	sys/timerfd.h
timerfd_gettime	io-mux	sys/timerfd.h
timerfd_settime	io-mux	sys/timerfd.h
times	time	sys/times.h
timespec_get	time	time.h
tmpfile	stdio	stdio.h
tmpfile64	stdio	stdio.h
tmpnam	stdio	stdio.h
tmpnam_r	stdio	stdio.h
toascii	locale	ctype.h
tolower	locale	ctype.h
tolower_l	locale	ctype.h
totalorder	math	math.h
totalorderf	math	math.h
totalorderf128	math	math.h
totalorderf32	math	math.h
totalorderf32x	math	math.h
totalorderf64	math	math.h
totalorderf64x	math	math.h
totalorderl	math	math.h
totalordermag	math	math.h
totalordermagf	math	math.h
totalordermagf128	math	math.h
totalordermagf32	math	math.h
totalordermagf32x	math	math.h
totalordermagf64	math	math.h
totalordermagf64x	math	math.h
totalordermagl	math	math.h
toupper	locale	ctype.h
toupper_l	locale	ctype.h
towctrans	locale	wctype.h
towctrans_l	locale	wctype.h
towlower	locale	wctype.h
towlower_l	locale	wctype.h
towupper	locale	wctype.h
towupper_l	locale	wctype.h
trunc	math	math.h
truncate	posix	unistd.h
truncate64	posix	unistd.h
truncf	math	math.h
truncf128	math	math.h
truncf32	math	math.h
truncf32x	math	math.h
truncf64	math	math.h
truncf64x	math	math.h
truncl	math	math.h
tsearch	misc	search.h
tss_create	threads	threads.h
tss_delete	threads	threads.h
tss_get	threads	threads.h
tss_set	threads	threads.h
ttyname	posix	unistd.h
ttyname_r	posix	unistd.h
ttyslot	posix	unistd.h
twalk	misc	search.h
tzset	time	time.h
ualarm	posix	unistd.h
ufromfp	math	math.h
ufromfpf	math	math.h
ufromfpf128	math	math.h
ufromfpf32	math	math.h
ufromfpf32x	math	math.h
ufromfpf64	math	math.h
ufromfpf64x	math	math.h
ufromfpl	math	math.h
ufromfpx	math	math.h
ufromfpxf	math	math.h
ufromfpxf128	math	math.h
ufromfpxf32	math	math.h
ufromfpxf32x	math	math.h
ufromfpxf64	math	math.h
ufromfpxf64x	math	math.h
ufromfpxl	math	math.h
ulckpwdf	identity	shadow.h
umask	filesystem	sys/stat.h
umount	filesystem	sys/mount.h
umount2	filesystem	sys/mount.h
uname	system	sys/utsname.h
ungetc	stdio	stdio.h
ungetwc	wchar	wchar.h
unlink	posix	unistd.h
unlinkat	posix	unistd.h
unlockpt	stdlib	stdlib.h
unsetenv	stdlib	stdlib.h
unshare	process	sched.h
updwtmp	terminal	utmp.h
updwtmpx	terminal	utmpx.h
uselocale	locale	locale.h
usleep	posix	unistd.h
utime	filesystem	utime.h
utimensat	filesystem	sys/stat.h
utimes	time	time.h
utmpname	terminal	utmp.h
utmpxname	terminal	utmpx.h
valloc	memory	malloc.h
vasprintf	stdio	stdio.h
vdprintf	stdio	stdio.h
verr	misc	err.h
verrx	misc	err.h
versionsort	filesystem	dirent.h
versionsort64	filesystem	dirent.h
vfork	posix	unistd.h
vfprintf	stdio	stdio.h
vfscanf	stdio	stdio.h
vfwprintf	wchar	wchar.h
vfwscanf	wchar	wchar.h
vhangup	posix	unistd.h
vmsplice	filesystem	fcntl.h
vprintf	stdio	stdio.h
vscanf	stdio	stdio.h
vsnprintf	stdio	stdio.h
vsprintf	stdio	stdio.h
vsscanf	stdio	stdio.h
vswprintf	wchar	wchar.h
vswscanf	wchar	wchar.h
vsyslog	syslog	syslog.h
vwarn	misc	err.h
vwarnx	misc	err.h
vwprintf	wchar	wchar.h
vwscanf	wchar	wchar.h
wait	process	sys/wait.h
wait3	process	sys/wait.h
wait4	process	sys/wait.h
waitid	process	sys/wait.h
waitpid	process	sys/wait.h
warn	misc	err.h
warnx	misc	err.h
wcpcpy	wchar	wchar.h
wcpncpy	wchar	wchar.h
wcrtomb	wchar	wchar.h
wcscasecmp	wchar	wchar.h
wcscasecmp_l	wchar	wchar.h
wcscat	wchar	wchar.h
wcschr	wchar	wchar.h
wcschrnul	wchar	wchar.h
wcscmp	wchar	wchar.h
wcscoll	wchar	wchar.h
wcscoll_l	wchar	wchar.h
wcscpy	wchar	wchar.h
wcscspn	wchar	wchar.h
wcsdup	wchar	wchar.h
wcsftime	wchar	wchar.h
wcsftime_l	wchar	wchar.h
wcslen	wchar	wchar.h
wcsncasecmp	wchar	wchar.h
wcsncasecmp_l	wchar	wchar.h
wcsncat	wchar	wchar.h
wcsncmp	wchar	wchar.h
wcsncpy	wchar	wchar.h
wcsnlen	wchar	wchar.h
wcsnrtombs	wchar	wchar.h
wcspbrk	wchar	wchar.h
wcsrchr	wchar	wchar.h
wcsrtombs	wchar	wchar.h
wcsspn	wchar	wchar.h
wcsstr	wchar	wchar.h
wcstod	wchar	wchar.h
wcstod_l	wchar	wchar.h
wcstof	wchar	wchar.h
wcstof128	wchar	wchar.h
wcstof128_l	wchar	wchar.h
wcstof32	wchar	wchar.h
wcstof32_l	wchar	wchar.h
wcstof32x	wchar	wchar.h
wcstof32x_l	wchar	wchar.h
wcstof64	wchar	wchar.h
wcstof64_l	wchar	wchar.h
wcstof64x	wchar	wchar.h
wcstof64x_l	wchar	wchar.h
wcstof_l	wchar	wchar.h
wcstoimax	stdlib	inttypes.h
wcstok	wchar	wchar.h
wcstol	wchar	wchar.h
wcstol_l	wchar	wchar.h
wcstold	wchar	wchar.h
wcstold_l	wchar	wchar.h
wcstoll	wchar	wchar.h
wcstoll_l	wchar	wchar.h
wcstombs	stdlib	stdlib.h
wcstoq	wchar	wchar.h
wcstoul	wchar	wchar.h
wcstoul_l	wchar	wchar.h
wcstoull	wchar	wchar.h
wcstoull_l	wchar	wchar.h
wcstoumax	stdlib	inttypes.h
wcstouq	wchar	wchar.h
wcswcs	wchar	wchar.h
wcswidth	wchar	wchar.h
wcsxfrm	wchar	wchar.h
wcsxfrm_l	wchar	wchar.h
wctob	wchar	wchar.h
wctomb	stdlib	stdlib.h
wctrans	locale	wctype.h
wctrans_l	locale	wctype.h
wctype	locale	wctype.h
wctype_l	locale	wctype.h
wcwidth	wchar	wchar.h
wmemchr	wchar	wchar.h
wmemcmp	wchar	wchar.h
wmemcpy	wchar	wchar.h
wmemmove	wchar	wchar.h
wmempcpy	wchar	wchar.h
wmemset	wchar	wchar.h
wordexp	misc	wordexp.h
wordfree	misc	wordexp.h
wprintf	wchar	wchar.h
write	posix	unistd.h
writev	io	sys/uio.h
wscanf	wchar	wchar.h
y0	math	math.h
y0f	math	math.h
y0f128	math	math.h
y0f32	math	math.h
y0f32x	math	math.h
y0f64	math	math.h
y0f64x	math	math.h
y0l	math	math.h
y1	math	math.h
y1f	math	math.h
y1f128	math	math.h
y1f32	math	math.h
y1f32x	math	math.h
y1f64	math	math.h
y1f64x	math	math.h
y1l	math	math.h
yn	math	math.h
ynf	math	math.h
ynf128	math	math.h
ynf32	math	math.h
ynf32x	math	math.h
ynf64	math	math.h
ynf64x	math	math.h
ynl	math	math.h
